survival_prob,ci_lower,ci_upper,Group,GraftTime
0.99871249440215,0.9980631511216213,0.9991442337444231,Nationwide,0.0
0.9970891177787728,0.9961817224097551,0.9977811151584524,Nationwide,1.0
0.9959693590974562,0.9949247021042348,0.9967993385350098,Nationwide,2.0
0.994457429900582,0.9932547539684419,0.9954461607168629,Nationwide,3.0
0.9933934797250011,0.9920923373806316,0.9944811253244078,Nationwide,4.0
0.9923854132781043,0.9909981219610874,0.9935596024452841,Nationwide,5.0
0.9915453579056904,0.9900906097213267,0.9927873202134433,Nationwide,6.0
0.9907612619380755,0.9892465653842183,0.992063459433707,Nationwide,7.0
0.9901451865349481,0.9885851908067,0.9914929048326396,Nationwide,8.0
0.9893049886621184,0.9876854856067883,0.9907125104572387,Nationwide,9.0
0.988576775941852,0.9869076110891671,0.9900342125379107,Nationwide,10.0
0.9877364352618607,0.9860119427802752,0.9892494871983072,Nationwide,11.0
0.9868400210267961,0.9850586268012732,0.9884102785529333,Nationwide,12.0
0.9861116017516796,0.9842854295898268,0.9877268815276233,Nationwide,13.0
0.9851588910657422,0.9832759490987909,0.9868312565758122,Nationwide,14.0
0.9844863128844366,0.9825644267666173,0.9861978439686979,Nationwide,15.0
0.9838135048797321,0.9818535212210829,0.9855633516644265,Nationwide,16.0
0.9831967290588234,0.9812025424405726,0.9849809783331261,Nationwide,17.0
0.9828602483165022,0.980847676844997,0.9846629905883516,Nationwide,18.0
0.9822432965514096,0.9801974989691463,0.9840794624631045,Nationwide,19.0
0.981850668463478,0.9797840409499107,0.9837077898371207,Nationwide,20.0
0.9811215020144611,0.9790168134282543,0.9830169177837312,Nationwide,21.0
0.9807288290290936,0.9786039634031596,0.9826445470873858,Nationwide,22.0
0.9800556753398885,0.9778967220542892,0.9820056959631316,Nationwide,23.0
0.9793264255099187,0.9771312277427829,0.9813129236805053,Nationwide,24.0
0.9789898486653167,0.9767781526446149,0.9809929527398239,Nationwide,25.0
0.9783727911168794,0.9761312109074258,0.9804059768632529,Nationwide,26.0
0.9777556274110477,0.9754846049288891,0.9798184520799119,Nationwide,27.0
0.9774750823555539,0.9751908201817444,0.9795512360207956,Nationwide,28.0
0.976913992244563,0.9746035137373056,0.979016540980275,Nationwide,29.0
0.9759040300447818,0.9735472120690003,0.9780532403735533,Nationwide,30.0
0.975174570960686,0.9727849296948611,0.9773568371695381,Nationwide,31.0
0.9747817853000204,0.9723746857239434,0.9769816351620533,Nationwide,32.0
0.9744451118765913,0.972023164866189,0.9766599166636599,Nationwide,33.0
0.9741084190651161,0.9716717284571382,0.9763380748351587,Nationwide,34.0
0.9734349946482014,0.9709691223784073,0.9756940467022689,Nationwide,35.0
0.9730982824397463,0.9706179701346457,0.9753718819177147,Nationwide,36.0
0.9725370630600593,0.9700328981791163,0.9748346939633565,Nationwide,37.0
0.9719758436803727,0.9694480907064457,0.9742972416661221,Nationwide,38.0
0.9716952015819487,0.9691557484195062,0.9740283890679513,Nationwide,39.0
0.9712460963989428,0.9686880473020364,0.9735980222446378,Nationwide,40.0
0.9709092675116875,0.9683373756843142,0.9732751429790751,Nationwide,41.0
0.9702355707839126,0.9676362516274825,0.9726290872746411,Nationwide,42.0
0.9698985664175409,0.9672856479716498,0.9723057880828762,Nationwide,43.0
0.9695053946567743,0.9668767159477643,0.971928500222762,Nationwide,44.0
0.969280725079193,0.966643090777992,0.971712856936598,Nationwide,45.0
0.9687190511352396,0.9660591848594775,0.9711735918662465,Nationwide,46.0
0.9684381815930146,0.9657672792915024,0.9709038466686821,Nationwide,47.0
0.9680449642338994,0.9653587024395134,0.9705261125402277,Nationwide,48.0
0.9678764327289838,0.965183619538848,0.9703641854317757,Nationwide,49.0
0.9674831925508485,0.9647751665365023,0.969986281821081,Nationwide,50.0
0.9671461295410166,0.9644251450635971,0.9696622834212492,Nationwide,51.0
0.9669213947601312,0.9641918101558606,0.969446219413098,Nationwide,52.0
0.9665842925888021,0.9638418685282443,0.9691220627306413,Nationwide,53.0
0.9660224229773463,0.9632587565079199,0.9685816122201876,Nationwide,54.0
0.9655167403270347,0.9627341226433995,0.9680950399823026,Nationwide,55.0
0.9651796185601602,0.9623844528767367,0.9677705724361182,Nationwide,56.0
0.964898683754433,0.9620931132283893,0.9675001310430379,Nationwide,57.0
0.9646739359098506,0.9618600750382952,0.9672837444336535,Nationwide,58.0
0.9643368141429755,0.9615105729935067,0.9669591093340877,Nationwide,59.0
0.9637187575703733,0.9608699886858436,0.9663637757095777,Nationwide,60.0
0.963269261881208,0.9604042443537408,0.9659306707664306,Nationwide,61.0
0.9628197661920436,0.959938611586105,0.9654974543641133,Nationwide,62.0
0.9626511954713789,0.959764017064282,0.9653349607465146,Nationwide,63.0
0.9620892602688386,0.9591821100870384,0.9647931749239188,Nationwide,64.0
0.9615834890455669,0.9586585045870358,0.9643053978075294,Nationwide,65.0
0.9613024886104287,0.9583676523651617,0.9640343379259878,Nationwide,66.0
0.9609090880012345,0.9579605271354201,0.9636547862796752,Nationwide,67.0
0.9608528846270755,0.9579023692597669,0.9636005551599041,Nationwide,68.0
0.9605156643821194,0.9575534553258785,0.9632751351555251,Nationwide,69.0
0.9601784441371639,0.9572045980061882,0.9629496585947206,Nationwide,70.0
0.9600098340146854,0.9570301903608573,0.9627868993210447,Nationwide,71.0
0.9597850073556653,0.9567976542944685,0.9625698531272757,Nationwide,72.0
0.9594477476166245,0.9564488748816894,0.9622442195992654,Nationwide,73.0
0.9592229077905969,0.9562163855960306,0.9620271002896368,Nationwide,74.0
0.9589980679645693,0.9559839203444626,0.9618099569709904,Nationwide,75.0
0.9587170181820337,0.9556933722899108,0.9615384943474546,Nationwide,76.0
0.9584359519204724,0.9554028434461022,0.9612669795144303,Nationwide,77.0
0.9578174973260495,0.9547636914273372,0.9606694174298912,Nationwide,78.0
0.957536381601312,0.9544732252918683,0.9603977408561404,Nationwide,79.0
0.9573114758158501,0.9542408637776839,0.9601803617589761,Nationwide,80.0
0.9571427964767554,0.954066607437923,0.9600173126571196,Nationwide,81.0
0.9568616477291125,0.9537761904770501,0.9597455208064041,Nationwide,82.0
0.9565804659343048,0.9534857727995326,0.9594736634678651,Nationwide,83.0
0.9562430477805366,0.9531373169468819,0.9591473893561667,Nationwide,84.0
0.9558493701157443,0.9527308221815549,0.9587666528297013,Nationwide,85.0
0.9555681717837496,0.952440509123341,0.9584946578714766,Nationwide,86.0
0.9550619254012399,0.9519179336251269,0.9580048998795015,Nationwide,87.0
0.9547806608455216,0.9516276421631628,0.9577327507030483,Nationwide,88.0
0.9544431433786577,0.9512793352597512,0.9574061288961444,Nationwide,89.0
0.9542743846452261,0.9511051991933127,0.9572428006298844,Nationwide,90.0
0.9539930537535265,0.9508149270337614,0.9569704993124628,Nationwide,91.0
0.9538805213968461,0.9506988270673882,0.9568615699004998,Nationwide,92.0
0.9535991739094111,0.9504085815009867,0.9565892087900859,Nationwide,93.0
0.9532615370013814,0.9500603068819639,0.9562623155254577,Nationwide,94.0
0.9529801729113568,0.9497701121844879,0.9559898703687353,Nationwide,95.0
0.9526425360033282,0.9494219191329911,0.9556628956527071,Nationwide,96.0
0.9524174447313088,0.9491898148204648,0.9554448881544977,Nationwide,97.0
0.9521923534592895,0.9489577298649989,0.9552268613262337,Nationwide,98.0
0.9517984437332562,0.9485516273806275,0.9548452682530076,Nationwide,99.0
0.9516296252792416,0.9483776013139101,0.9546817105338575,Nationwide,100.0
0.9514045340072226,0.9481455830940877,0.9544636170617448,Nationwide,101.0
0.951123153274344,0.947855568961791,0.9541909582627202,Nationwide,102.0
0.9507292202483152,0.9474495980386676,0.9538091871491644,Nationwide,103.0
0.9504478395154372,0.9471596533874677,0.9535364589641453,Nationwide,104.0
0.9501101826359838,0.9468117574747577,0.9532091475242601,Nationwide,105.0
0.9498288019031059,0.9465218753359647,0.9529363569109145,Nationwide,106.0
0.9494348688770763,0.946116087418648,0.9525544030377384,Nationwide,107.0
0.9493223165839254,0.9460001580269308,0.9524452633596614,Nationwide,108.0
0.9489846597044712,0.9456523963432399,0.9521178178686411,Nationwide,109.0
0.9485344505318671,0.9451887753960888,0.9516811626624625,Nationwide,110.0
0.9483093459455642,0.9449569909477484,0.9514628090676475,Nationwide,111.0
0.9479716890661101,0.9446093465052052,0.9511352464866054,Nationwide,112.0
0.947690308333232,0.9443196721204069,0.9508622483889155,Nationwide,113.0
0.9473526113472474,0.9439720550490481,0.9505345781646763,Nationwide,114.0
0.9470711971922603,0.9436824029995773,0.9502614908388443,Nationwide,115.0
0.9467335002062768,0.9433348548566091,0.9499337517759475,Nationwide,116.0
0.9465083688822876,0.9431031767365503,0.9497152384520113,Nationwide,117.0
0.9461143890653056,0.9426977794269066,0.9493328007850099,Nationwide,118.0
0.9456641264173267,0.9422345290447314,0.9488956684138043,Nationwide,119.0
0.9451575809383517,0.941713449012978,0.9484038179440898,Nationwide,120.0
0.9445947526283782,0.9411345651420145,0.9478572235964629,Nationwide,121.0
0.9444259041353859,0.9409609190598011,0.9476932262365094,Nationwide,122.0
0.944200772811396,0.9407294045367792,0.9474745495198587,Nationwide,123.0
0.9439756414874064,0.9404979054601434,0.9472558573755501,Nationwide,124.0
0.9436942273324205,0.9402085532023037,0.9469824706332428,Nationwide,125.0
0.9433565102046625,0.9398613405453698,0.9466543561759595,Nationwide,126.0
0.943131365452824,0.9396298843657274,0.9464355943025294,Nationwide,127.0
0.942624759526887,0.9391091307390041,0.9459432968067766,Nationwide,128.0
0.9423433117902545,0.9388198557304598,0.9456697656761764,Nationwide,129.0
0.9422307326956022,0.9387041521914824,0.9455603467673884,Nationwide,130.0
0.9418929954116438,0.9383570636065917,0.9452320680357343,Nationwide,131.0
0.9416678237655969,0.9381256752011566,0.9450131846279983,Nationwide,132.0
0.9412174535503685,0.937662913314116,0.9445753490084396,Nationwide,133.0
0.9409359721658511,0.9373737163548581,0.9443016725625164,Nationwide,134.0
0.9407107870582373,0.937142374847722,0.9440827153654029,Nationwide,135.0
0.9403167131199117,0.9367375613168683,0.9436995062058026,Nationwide,136.0
0.9402041003398972,0.936621886794972,0.9435899908804593,Nationwide,138.0
0.9398662215304808,0.9362748413534361,0.9432613857408197,Nationwide,139.0
0.939584638984633,0.9359856428948111,0.9429875082850002,Nationwide,140.0
0.9393030564387852,0.9356964660660668,0.9427136092288864,Nationwide,141.0
0.9387398913470902,0.9351181767355726,0.9421657468769697,Nationwide,142.0
0.9385709418195819,0.9349447065315138,0.9420013715986717,Nationwide,143.0
0.9383456622655902,0.934713410438302,0.9417821799883734,Nationwide,144.0
0.938176702600095,0.9345399472032574,0.9416177774578074,Nationwide,145.0
0.9379514230461036,0.9343086746144521,0.9413985623750275,Nationwide,146.0
0.9378951031576057,0.9342508585538019,0.9413437565206009,Nationwide,147.0
0.9375571838266178,0.9339039796352824,0.9410149039721335,Nationwide,148.0
0.9374445440496216,0.9337883599497064,0.9409052798442591,Nationwide,149.0
0.9371629107671461,0.93349928932229,0.9406311731754609,Nationwide,150.0
0.9369939104826855,0.9333258352858158,0.9404666801568975,Nationwide,151.0
0.9366558692667083,0.9329789062234899,0.9401376337252796,Nationwide,152.0
0.9360360151840506,0.9323428269527145,0.9395342006652962,Nationwide,153.0
0.935866913169987,0.9321693138126814,0.939369563062798,Nationwide,154.0
0.935359515445979,0.9316487204538583,0.9388755206344156,Nationwide,155.0
0.9350212095147797,0.9313016507060414,0.938546084903665,Nationwide,156.0
0.9347956314183946,0.9310702434410951,0.93832640680824,Nationwide,157.0
0.9346828355654334,0.9309545373092778,0.9382165566393407,Nationwide,158.0
0.9341749784343005,0.9304336067062524,0.9377219315860413,Nationwide,159.0
0.9338927503441388,0.9301441378414036,0.9374470321985021,Nationwide,160.0
0.9336669132725349,0.9299125189104723,0.9372270472039586,Nationwide,161.0
0.9335539674171814,0.9297966851793347,0.9371170242663183,Nationwide,162.0
0.9334409942257483,0.9296808256242369,0.9370069724103682,Nationwide,163.0
0.9331584928655919,0.9293911178520124,0.9367317647322679,Nationwide,164.0
0.9328194091109178,0.9290434068723059,0.936401412761063,Nationwide,165.0
0.9327063332385491,0.9289274586123107,0.9362912440109625,Nationwide,166.0
0.9327063332385491,0.9289274586123107,0.9362912440109625,Nationwide,167.0
0.9323668174950912,0.9285793275902078,0.9359604469980456,Nationwide,168.0
0.9319705233835816,0.9281730057781642,0.9355743008563401,Nationwide,169.0
0.9316873013197079,0.9278826348676951,0.9352983131934283,Nationwide,170.0
0.9315739504709543,0.9277664262309879,0.935187854201776,Nationwide,171.0
0.9314038724614958,0.9275920642348401,0.9350221111613468,Nationwide,172.0
0.9312904111540947,0.9274757464048567,0.9349115401701008,Nationwide,173.0
0.9310065157720825,0.9271847091957505,0.9346348704889428,Nationwide,174.0
0.9308928813871464,0.9270682190252426,0.9345241252533784,Nationwide,175.0
0.9308928813871464,0.9270682190252426,0.9345241252533784,Nationwide,176.0
0.9305508509347068,0.9267175760259271,0.9341908044356342,Nationwide,177.0
0.9303223547159396,0.9264833264653277,0.933968125068645,Nationwide,178.0
0.9302077618287424,0.9263658420904455,0.9338564545051034,Nationwide,179.0
0.9299778396235076,0.9261301046657778,0.9336324072297917,Nationwide,180.0
0.929688918957537,0.9258338467805659,0.9333508943692685,Nationwide,181.0
0.9293400893963001,0.9254761182567723,0.9330110428308325,Nationwide,182.0
0.929163977952413,0.9252954715289877,0.932839501540092,Nationwide,183.0
0.9287520623193763,0.9248729459042251,0.9324382749360297,Nationwide,184.0
0.9284571267644945,0.9245704160089616,0.9321509885965634,Nationwide,185.0
0.9281617783974097,0.924267470444643,0.9318632915126077,Nationwide,186.0
0.9280435412281872,0.924146194614144,0.9317481144709581,Nationwide,187.0
0.9278067803273058,0.923903349981532,0.9315174796112433,Nationwide,188.0
0.9275698380351963,0.923660326882449,0.9312866601810725,Nationwide,189.0
0.9275105570332126,0.9235995251597108,0.9312289103256336,Nationwide,190.0
0.9272139624575428,0.9232953286082373,0.9309399695669108,Nationwide,191.0
0.9269765197014713,0.9230518096528224,0.9307086443114503,Nationwide,192.0
0.9269171438034625,0.9229909159048001,0.9306507965877867,Nationwide,193.0
0.9266794727409496,0.9227471721704934,0.9304192391907193,Nationwide,194.0
0.9264416797020114,0.9225033127138424,0.9301875534909393,Nationwide,195.0
0.926144323918309,0.9221983858937701,0.9298978199553858,Nationwide,196.0
0.9258467961863891,0.9218932978465748,0.9296079036927292,Nationwide,197.0
0.9256085749600449,0.9216490318016766,0.9293757679587397,Nationwide,198.0
0.9254297709854876,0.9214656949703351,0.9292015271417539,Nationwide,199.0
0.9250719786905001,0.9210988485167564,0.9288528495591484,Nationwide,200.0
0.9248929786946235,0.9209153265375346,0.9286784017680931,Nationwide,201.0
0.9245348631891904,0.9205481823821722,0.9283293755003337,Nationwide,202.0
0.9242960270065015,0.9203033380021245,0.928096587994557,Nationwide,203.0
0.9239376106578917,0.9199359243152516,0.9277472297713056,Nationwide,204.0
0.923758332937695,0.9197521548151246,0.927572474264402,Nationwide,205.0
0.9233399641274882,0.91932332997492,0.9271646329392457,Nationwide,206.0
0.9231007723745898,0.9190781738517273,0.9269314464228399,Nationwide,207.0
0.922921262274303,0.9188941922854761,0.9267564383014919,Nationwide,208.0
0.9226818533865538,0.918648829012451,0.9265230245517836,Nationwide,209.0
0.922202569260386,0.9181576479056661,0.9260557184726046,Nationwide,210.0
0.9219627870010882,0.9179119281623986,0.9258219142615337,Nationwide,211.0
0.9217226768931397,0.9176658749198051,0.9255877872527585,Nationwide,212.0
0.92160251227846,0.9175427373642956,0.9254706153734501,Nationwide,213.0
0.9214823084813702,0.9174195615845145,0.9253534033190073,Nationwide,214.0
0.9210614579457556,0.9169883260727945,0.9249430071017999,Nationwide,215.0
0.9206405799376857,0.9165570995478654,0.9245325477216679,Nationwide,216.0
0.9203398742348061,0.9162490208276792,0.9242392654188821,Nationwide,217.0
0.9202195683688927,0.9161257698271749,0.9241219248972141,Nationwide,218.0
0.920099231038127,0.9160024886967713,0.9240045515611842,Nationwide,219.0
0.9198584776578598,0.9157558525694959,0.9237697213156338,Nationwide,220.0
0.919436993770735,0.9153240941265507,0.9233585828805918,Nationwide,221.0
0.9191359141342915,0.9150156971594482,0.9230648716636545,Nationwide,222.0
0.9187745475472515,0.9146455707440668,0.9227123265730972,Nationwide,223.0
0.9183528149680481,0.914213644912412,0.9223008595833303,Nationwide,224.0
0.9179912587416824,0.913843376774349,0.9219480777226619,Nationwide,225.0
0.9178104568918775,0.91365822767798,0.9217716545031546,Nationwide,226.0
0.9176296194184326,0.9134730476731489,0.9215951909988527,Nationwide,227.0
0.9173281246032734,0.9131643246777272,0.9213009768301469,Nationwide,228.0
0.9172075108205368,0.9130408239029644,0.9211832710972903,Nationwide,229.0
0.9169662356631472,0.9127937809761689,0.9209478058958348,Nationwide,230.0
0.9169058930574827,0.9127319969739224,0.9208889152135287,Nationwide,231.0
0.9168455266151185,0.9126701885851168,0.9208300012009165,Nationwide,232.0
0.9164832086832401,0.9122992278817945,0.9204763889775363,Nationwide,233.0
0.9161207952348712,0.9119281926894133,0.9201226605428504,Nationwide,234.0
0.9159395885106864,0.9117426848498392,0.9199457867805525,Nationwide,235.0
0.9155770555249311,0.9113715626813206,0.919591906797407,Nationwide,236.0
0.9153353030513616,0.9111240950252626,0.9193559122067696,Nationwide,237.0
0.9151539407959524,0.9109384513371878,0.9191788634546388,Nationwide,238.0
0.9149120285726398,0.9106908354219198,0.9189426976667558,Nationwide,239.0
0.9147304864014826,0.9105050172217483,0.9187654634822349,Nationwide,240.0
0.914609402215051,0.9103810829301361,0.9186472506476739,Nationwide,241.0
0.9141854111014411,0.9099471283908088,0.9182332973372263,Nationwide,242.0
0.9140036765422132,0.909761133126535,0.9180558555329239,Nationwide,243.0
0.913700665112516,0.9094510282473208,0.9177599909875893,Nationwide,244.0
0.9134581272758685,0.9092028215131185,0.9175231647650313,Nationwide,245.0
0.9133974807397336,0.9091407588696468,0.917463945024938,Nationwide,246.0
0.9130941272090999,0.9088303289419276,0.9171677212774181,Nationwide,247.0
0.9127300545905941,0.90845778512991,0.916812184305591,Nationwide,248.0
0.9124872265082286,0.9082093175556112,0.9165750387208852,Nationwide,249.0
0.9123657073676621,0.9080849773234266,0.9164563620182121,Nationwide,250.0
0.9121225557366772,0.9078361858960347,0.9162188927933709,Nationwide,251.0
0.9118793392695789,0.9075873373166038,0.9159813511415417,Nationwide,252.0
0.9116360579144753,0.9073384315021614,0.9157437370414123,Nationwide,253.0
0.9113926303956736,0.9070893829131607,0.9155059732913007,Nationwide,254.0
0.9112099865819674,0.9069025266996614,0.9153275738912954,Nationwide,255.0
0.9109054581458397,0.9065909849575632,0.9150301121396869,Nationwide,256.0
0.9106617213184549,0.9063416438682806,0.9147920222875152,Nationwide,257.0
0.9104178539498229,0.9060921763790692,0.9145537976953336,Nationwide,258.0
0.9102348553862153,0.9059049797936243,0.9143750290798843,Nationwide,259.0
0.9102348553862153,0.9059049797936243,0.9143750290798843,Nationwide,260.0
0.9100517463829185,0.9057176731690527,0.9141961495078724,Nationwide,261.0
0.9099296245704676,0.9055927537976058,0.9140768464250297,Nationwide,262.0
0.9096241970649047,0.9052803379182105,0.9137784602074637,Nationwide,263.0
0.9093797565685482,0.9050303138332945,0.9135396456828718,Nationwide,264.0
0.9091351845907167,0.904780162296846,0.9133006955929484,Nationwide,265.0
0.908890513882357,0.9045299177361457,0.9130616410878074,Nationwide,266.0
0.9087068872717001,0.9043421114409536,0.9128822258057266,Nationwide,267.0
0.9086456495274268,0.9042794803276722,0.9128223919438354,Nationwide,268.0
0.9084618247955772,0.9040914737870944,0.912642780401151,Nationwide,269.0
0.9082166590082886,0.9038407382764952,0.9124032262465078,Nationwide,270.0
0.9079713442243037,0.9035898568577876,0.9121635199193577,Nationwide,271.0
0.9078485873333124,0.9034643155632299,0.9120435682122416,Nationwide,272.0
0.907602840947082,0.903212996480089,0.9118034357484806,Nationwide,273.0
0.9075413960319815,0.9031501596436271,0.9117433930821253,Nationwide,274.0
0.9071726766132241,0.9027731002083156,0.911383075864439,Nationwide,275.0
0.9069268470145206,0.9025217231051927,0.9111428355040014,Nationwide,276.0
0.906619560016142,0.9022075166851498,0.9108425204455667,Nationwide,277.0
0.906558090115808,0.9021446642504178,0.9107824436019878,Nationwide,278.0
0.9062507406141428,0.9018304119896933,0.9104820497027497,Nationwide,279.0
0.9058819212121421,0.9014533310005781,0.910121555805438,Nationwide,280.0
0.9058204429684218,0.9013904776968495,0.9100614633094931,Nationwide,281.0
0.9057589647247013,0.9013276250475422,0.9100013701742831,Nationwide,282.0
0.9056974864809824,0.9012647730520252,0.9099412764004128,Nationwide,283.0
0.905451573506102,0.9010133715952369,0.9097008949303318,Nationwide,284.0
0.9052671011991058,0.9008247878581265,0.9095205663959425,Nationwide,285.0
0.9050826288921103,0.9006362099648929,0.9093402321521951,Nationwide,286.0
0.9047751332649822,0.9003218825256247,0.9090396226717129,Nationwide,287.0
0.9045906358887047,0.9001332938037251,0.908859249419014,Nationwide,288.0
0.9043446393870003,0.8998818511720634,0.908618742956427,Nationwide,289.0
0.9040371437598715,0.8995675622879411,0.908318095800052,Nationwide,290.0
0.9036681490073158,0.8991904366551625,0.907957298659745,Nationwide,291.0
0.903483639074216,0.8990018692177341,0.9077768797630227,Nationwide,292.0
0.9031145689602155,0.898624698638254,0.9074159774544275,Nationwide,293.0
0.902868505458013,0.8983732465777836,0.9071753476499617,Nationwide,294.0
0.9026839578313613,0.898184664116417,0.9069948688594571,Nationwide,295.0
0.9024378943291586,0.8979332295833097,0.9067542219178356,Nationwide,296.0
0.9022533467025055,0.8977446602247277,0.9065737303152883,Nationwide,297.0
0.9019457673247521,0.8974303903738732,0.9062728988382501,Nationwide,298.0
0.9016381879469976,0.8971161359778792,0.9059720522460833,Nationwide,299.0
0.9012690926936938,0.8967390510032696,0.9056110164789412,Nationwide,300.0
0.9011460609425929,0.8966133609135702,0.9054906664281768,Nationwide,301.0
0.9010230291914918,0.8964876732673303,0.9053703139870185,Nationwide,303.0
0.9006538835325538,0.8961105720584932,0.9050091943353549,Nationwide,304.0
0.9004077864265955,0.895859183395519,0.9047684360203961,Nationwide,305.0
0.9002847378736155,0.8957334926937125,0.9046480533113797,Nationwide,306.0
0.9001001650441467,0.8955449611658142,0.9044674748201935,Nationwide,307.0
0.8997925436616985,0.8952307539826007,0.9041664988957578,Nationwide,308.0
0.899669478279266,0.8951050576541576,0.9040460883776918,Nationwide,309.0
0.8994848549510743,0.894916491159144,0.9038654441383939,Nationwide,310.0
0.8992386736702117,0.8946650598579311,0.9036245609179699,Nationwide,311.0
0.8990540250719222,0.8944764793794261,0.9034438803373599,Nationwide,312.0
0.8986846773040059,0.8940992814077849,0.9030824552861387,Nationwide,313.0
0.8985615613813672,0.8939735534837526,0.9029619756359958,Nationwide,314.0
0.8982537504874993,0.8936592218768986,0.9026607463081712,Nationwide,315.0
0.8981306176909963,0.893533484501667,0.9025402425013919,Nationwide,316.0
0.8978227856997394,0.8932191513199963,0.902238972943148,Nationwide,317.0
0.8976996360137507,0.89309340443219,0.9021184450081913,Nationwide,318.0
0.8975764778801226,0.892967651021473,0.901997906732942,Nationwide,319.0
0.8972685614211586,0.8926532555343146,0.9016965309263008,Nationwide,320.0
0.8971453948375744,0.8925275014036829,0.9015759766240524,Nationwide,321.0
0.896960644962196,0.8923388745496166,0.901395140918943,Nationwide,322.0
0.8968990532129029,0.8922759912223978,0.9013348531521568,Nationwide,323.0
0.896591073316876,0.8919615610705725,0.901033385672723,Nationwide,324.0
0.896591073316876,0.8919615610705725,0.901033385672723,Nationwide,325.0
0.8960981700330298,0.8914583607590875,0.9005508792279134,Nationwide,326.0
0.8957899995364237,0.8911437681442101,0.9002491934102205,Nationwide,327.0
0.8954817654164264,0.8908291231161073,0.8999474329299566,Nationwide,328.0
0.8952967994775495,0.890640316237236,0.899766345661437,Nationwide,329.0
0.8950501442535054,0.8903885460747455,0.89952485578087,Nationwide,330.0
0.8947416977223002,0.8900737125134296,0.8992228593032849,Nationwide,331.0
0.8946799956536343,0.8900107341243871,0.8991624461701385,Nationwide,332.0
0.8944330852091317,0.8897587191702515,0.8989206906169943,Nationwide,333.0
0.8940008427792747,0.8893175584229954,0.8984974548359181,Nationwide,334.0
0.8937537959142581,0.8890654252892597,0.8982555448721665,Nationwide,335.0
0.893630255407532,0.8889393441948485,0.898134570306226,Nationwide,336.0
0.8935066721886963,0.8888132205974251,0.8980135527844102,Nationwide,337.0
0.8932594202558867,0.8885608905552042,0.8977714295749881,Nationwide,338.0
0.8929502911652677,0.8882454233282137,0.8974687020266625,Nationwide,339.0
0.8928884439363474,0.8881823091276156,0.8974081344448654,Nationwide,340.0
0.8927028508280663,0.8879929160071474,0.8972263793477306,Nationwide,341.0
0.8925790792023026,0.8878666117897918,0.8971051656234625,Nationwide,342.0
0.8924552131074928,0.8877402108608481,0.896983859542042,Nationwide,343.0
0.8919594735084877,0.8872343411460288,0.8964983507278393,Nationwide,344.0
0.8918355213859882,0.8871078612247122,0.8963769516557406,Nationwide,345.0
0.891711465812002,0.8869812751887356,0.8962554516492703,Nationwide,346.0
0.8916493775606571,0.8869179196864901,0.8961946431065666,Nationwide,347.0
0.8916493775606571,0.8869179196864901,0.8961946431065666,Nationwide,348.0
0.8915872287227417,0.8868545012945881,0.8961337761792815,Nationwide,349.0
0.8915872287227417,0.8868545012945881,0.8961337761792815,Nationwide,350.0
0.8915872287227417,0.8868545012945881,0.8961337761792815,Nationwide,351.0
0.8914625747935244,0.8867272930963274,0.8960117006024773,Nationwide,352.0
0.8911506128062638,0.8864089398160035,0.8957061897250048,Nationwide,353.0
0.8909632125652421,0.8862177010136588,0.8955226636707465,Nationwide,354.0
0.8907128892632644,0.8859622459501839,0.8952775189574801,Nationwide,355.0
0.8903994786759087,0.8856424094555464,0.8949705921602351,Nationwide,356.0
0.890210927928678,0.8854499860957077,0.8947859479703917,Nationwide,357.0
0.8900219368605453,0.8852571066803205,0.8946008784909312,Nationwide,358.0
0.8897691794769844,0.8849991363530739,0.894353377122035,Nationwide,359.0
0.8895789765741464,0.8848049996122681,0.8941671393132767,Nationwide,360.0
0.8894515753601713,0.8846749501227372,0.8940424061460072,Nationwide,361.0
0.8892593584803207,0.8844787117349839,0.8938542384070384,Nationwide,362.0
0.8888723594122951,0.8840835623031632,0.8934754404628314,Nationwide,363.0
0.8888072929926042,0.8840171120917463,0.8934117652436293,Nationwide,364.0
0.8886098826217605,0.8838154454599427,0.8932186290426624,Nationwide,365.0
0.8883428724406847,0.8835425805731499,0.8929574899672356,Nationwide,366.0
0.8878693781814074,0.8830585539230648,0.892494544742208,Nationwide,367.0
0.8875978169707687,0.8827809402255994,0.8922290440740397,Nationwide,368.0
0.8871892564105983,0.8823632616307272,0.8918296119541705,Nationwide,369.0
0.8867109504344071,0.881874268510678,0.8913620031582954,Nationwide,370.0
0.885957177601735,0.8811036682872879,0.8906250720635323,Nationwide,371.0
0.8856825047827599,0.880822870338253,0.8903565293341036,Nationwide,372.0
0.8853385504119705,0.880471245691688,0.8900202508600212,Nationwide,373.0
0.8851317117194043,0.8802597903602775,0.8898180315759636,Nationwide,374.0
0.8847172595366095,0.8798360864213319,0.8894128359284569,Nationwide,375.0
0.8843019643122922,0.8794115245877875,0.889006811494574,Nationwide,376.0
0.8841633263936101,0.8792697935471601,0.8888712679200643,Nationwide,377.0
0.8836077292990252,0.8787018020761979,0.8883280692154659,Nationwide,378.0
0.8832601259436766,0.8783464597321972,0.8879882077041743,Nationwide,379.0
0.8827727139703535,0.8778482071256484,0.8875116401573651,Nationwide,380.0
0.8824938629195849,0.8775631619434389,0.8872389854538315,Nationwide,381.0
0.8822146810584905,0.8772777817047757,0.8869660040305578,Nationwide,382.0
0.881935167496174,0.8769920654903235,0.8866926950254973,Nationwide,383.0
0.8813751642149623,0.8764196451210857,0.886145112226778,Nationwide,384.0
0.8810246889627704,0.876061410790087,0.8858023982932377,Nationwide,385.0
0.880533437343944,0.8755592998255738,0.8853220093654144,Nationwide,386.0
0.8803226152919069,0.8753438210976665,0.8851158453389054,Nationwide,387.0
0.8799708801891052,0.8749843221365085,0.8847718762681472,Nationwide,388.0
0.8796187509853475,0.8746244288276348,0.8844275133806813,Nationwide,389.0
0.8793366410587967,0.874336101223571,0.8841516226734796,Nationwide,390.0
0.8792660286247604,0.8742639320398382,0.8840825672840159,Nationwide,391.0
0.8787705877328371,0.8737575576293026,0.8835980605489402,Nationwide,392.0
0.8784871362086919,0.8734678585405757,0.8833208570136823,Nationwide,393.0
0.878274083548333,0.8732501050405722,0.8831125049152806,Nationwide,394.0
0.8779185069962897,0.8728866849817433,0.8827647711015217,Nationwide,395.0
0.8777046587078051,0.8726681147199471,0.8825556437083806,Nationwide,396.0
0.8774189940507804,0.8723761382929319,0.8822762887786288,Nationwide,397.0
0.8769900082323074,0.8719376842961316,0.8818567681489311,Nationwide,398.0
0.876775270228333,0.8717182106953024,0.8816467642292036,Nationwide,399.0
0.8764888827482649,0.8714255168701047,0.8813666814418338,Nationwide,400.0
0.8762023079950362,0.8711326392145594,0.8810864081316265,Nationwide,401.0
0.8760589385590549,0.8709861190166677,0.8809461887758269,Nationwide,402.0
0.8760589385590549,0.8709861190166677,0.8809461887758269,Nationwide,403.0
0.8756280899007478,0.8705457999791907,0.8805248077954826,Nationwide,404.0
0.8752688726009858,0.8701787039995599,0.880173467561179,Nationwide,405.0
0.8750532005995229,0.8699583073148499,0.879962519418259,Nationwide,406.0
0.8749812389876325,0.869884768835371,0.8798921343258452,Nationwide,407.0
0.8748371854415368,0.8697375573897531,0.8797512378246208,Nationwide,408.0
0.8746209270733483,0.8695165592447907,0.8795397178597452,Nationwide,409.0
0.8741880178535459,0.86907417251984,0.8791162835814367,Nationwide,410.0
0.8736102333077087,0.8684837677362344,0.8785511167298354,Nationwide,411.0
0.8731766439785786,0.8680407344695354,0.8781269704449862,Nationwide,412.0
0.8728873210349146,0.8677451184022785,0.8778439402178697,Nationwide,413.0
0.8725978541733546,0.8674493640372345,0.8775607607386355,Nationwide,414.0
0.8718737666667801,0.866709592738052,0.8768523583856929,Nationwide,415.0
0.8714390614482326,0.866265502866247,0.8764270398393914,Nationwide,416.0
0.871221564178321,0.8660433167654131,0.8762142325987596,Nationwide,417.0
0.8710764694053711,0.8658950952497765,0.8760722653515853,Nationwide,418.0
0.8709312778945103,0.8657467753422213,0.8759302029693635,Nationwide,419.0
0.870640628377442,0.8654498652663174,0.8756458153701547,Nationwide,420.0
0.870567893153684,0.865375563254367,0.8755746472181877,Nationwide,421.0
0.870567893153684,0.865375563254367,0.8755746472181877,Nationwide,422.0
0.8702036083209967,0.8650034260536198,0.8752182154968567,Nationwide,423.0
0.8699848176048587,0.8647799225354404,0.8750041380223684,Nationwide,424.0
0.8696929253661059,0.864481749209754,0.8747185276194908,Nationwide,425.0
0.8694739143045697,0.8642580311405418,0.8745042243217739,Nationwide,426.0
0.8693277965137454,0.8641087738314291,0.8743612465138396,Nationwide,427.0
0.8689621947825178,0.8637353219738392,0.8740034960908,Nationwide,428.0
0.8687426674912035,0.8635110859105718,0.8737886783827122,Nationwide,429.0
0.8684497670638631,0.8632119084730298,0.8735020561601472,Nationwide,430.0
0.8684497670638631,0.8632119084730298,0.8735020561601472,Nationwide,431.0
0.8681564214239169,0.8629122764465894,0.873214997799104,Nationwide,432.0
0.8678627284532049,0.8626122926108026,0.8729275964791992,Nationwide,433.0
0.8674953324967004,0.8622370371743953,0.872568061246936,Nationwide,434.0
0.8672011416251465,0.8619365594964392,0.8722801582885377,Nationwide,435.0
0.8666123104306963,0.8613351707300574,0.8717038877271382,Nationwide,436.0
0.8663913298160523,0.8611094858068781,0.8714876128310632,Nationwide,437.0
0.8661701799828655,0.8608836304512663,0.8712711699233826,Nationwide,438.0
0.8658750623746944,0.860582237531356,0.8709823295114005,Nationwide,439.0
0.8656536487037837,0.8603561220038146,0.8707656193398512,Nationwide,440.0
0.8652845000262994,0.8599791465686115,0.8704043006275135,Nationwide,441.0
0.8646932567738045,0.8593753918561889,0.8698255746474758,Nationwide,442.0
0.8644713508909699,0.8591487978869473,0.8696083592509061,Nationwide,443.0
0.8643973062356476,0.8590731883718383,0.8695358801802806,Nationwide,444.0
0.8641007465628676,0.858770358414814,0.8692455933166281,Nationwide,445.0
0.8638038812372435,0.8584672204607279,0.8689550031301339,Nationwide,446.0
0.863655384781813,0.8583155893194476,0.8688096427082577,Nationwide,447.0
0.8634324676214973,0.8580879675981571,0.8685914320686526,Nationwide,448.0
0.8632093584567365,0.8578601515779425,0.8683730316742926,Nationwide,449.0
0.863060516425793,0.8577081705730096,0.8682273298772663,Nationwide,450.0
0.8626878650801856,0.8573276588543769,0.8678625416412729,Nationwide,451.0
0.8623146333309949,0.8569465581347394,0.8674971813947273,Nationwide,452.0
0.8616418843972236,0.856259649604027,0.8668385971217644,Nationwide,453.0
0.8614921117769565,0.856106725785569,0.8666919767045919,Nationwide,454.0
0.8612671399511106,0.8558770177902723,0.8664717422343723,Nationwide,455.0
0.860966968428953,0.8555705323488539,0.8661778863278005,Nationwide,456.0
0.8607417023461615,0.8553405325094438,0.8659573553968408,Nationwide,457.0
0.8605915118554375,0.85518718955229,0.8658103184601992,Nationwide,458.0
0.860441321364711,0.8550338498011166,0.8656632784629341,Nationwide,459.0
0.8602911046535783,0.8548804857442939,0.8655162104260209,Nationwide,460.0
0.8600657599129896,0.8546504250136638,0.8652955839023234,Nationwide,461.0
0.8596901853453425,0.8542670063987879,0.8649278578126757,Nationwide,462.0
0.8595399555182827,0.8541136445137727,0.8647807620663208,Nationwide,463.0
0.859389699429564,0.853960258254422,0.8646336382644294,Nationwide,464.0
0.8591642955916309,0.8537301641337087,0.8644129281133138,Nationwide,465.0
0.8590140263663417,0.8535767720023217,0.8642657842405465,Nationwide,466.0
0.8585632186904734,0.8531166145018206,0.8638243345735838,Nationwide,467.0
0.8583378148525385,0.8528865463446013,0.8636035996196383,Nationwide,468.0
0.8582626802398953,0.8528098585235578,0.8635300198066066,Nationwide,469.0
0.8578118725640272,0.8523497479781496,0.8630885252749738,Nationwide,470.0
0.8576616033387379,0.8521963840201525,0.8629413544831029,Nationwide,471.0
0.8575113341134476,0.8520430231649205,0.8627941807256523,Nationwide,472.0
0.8572107693275675,0.8517362831344095,0.8624997992221043,Nationwide,473.0
0.8567598826250196,0.851276154804636,0.862058167150651,Nationwide,474.0
0.8563841437062291,0.85089273565943,0.8616901202221869,Nationwide,475.0
0.8562338481387126,0.8507393733595098,0.8615428963271058,Nationwide,476.0
0.8560835525711975,0.8505860141134234,0.861395669511552,Nationwide,477.0
0.8557078136524067,0.8502026293240328,0.8610275897275746,Nationwide,478.0
0.8555575180848911,0.8500492807247957,0.860880352728686,Nationwide,479.0
0.8549563358148274,0.8494359165773082,0.8602913757947721,Nationwide,481.0
0.8546557446797954,0.8491292525806461,0.8599968700317655,Nationwide,482.0
0.8544303013285207,0.8488992624580771,0.8597759831736672,Nationwide,483.0
0.8539794146259734,0.8484393023880814,0.8593341901485013,Nationwide,484.0
0.853753971274699,0.8482093324064093,0.8591132840130359,Nationwide,485.0
0.8533782323559095,0.8478260639386576,0.858745092918734,Nationwide,486.0
0.853152789004635,0.8475961117315032,0.8585241697664452,Nationwide,487.0
0.8528521978696031,0.8472895191062259,0.8582295956838866,Nationwide,488.0
0.8527019023020864,0.8471362272042832,0.8580823044188094,Nationwide,489.0
0.8524764589508124,0.8469062948508957,0.8578613622542351,Nationwide,490.0
0.8521007200320226,0.8465230888865236,0.8574931113057354,Nationwide,491.0
0.8518752567968749,0.8462931532372368,0.8572721333736137,Nationwide,492.0
0.851424330326582,0.8458333015524708,0.856830158718776,Nationwide,493.0
0.8511237126797195,0.8455267482393073,0.8565354950780336,Nationwide,494.0
0.8508982295343613,0.8452968199856798,0.8563144710779892,Nationwide,495.0
0.8505224242920982,0.844913620612334,0.855946083960617,Nationwide,496.0
0.8503721021951924,0.8447603458831773,0.8557987243020028,Nationwide,497.0
0.8499211359044749,0.8443005388468015,0.8553566288853865,Nationwide,498.0
0.8497708138075694,0.8441472755361688,0.8552092582806265,Nationwide,499.0
0.8494701696137588,0.8438407574393245,0.8549145088980021,Nationwide,500.0
0.8492446864684001,0.8436108763074092,0.8546934397263544,Nationwide,501.0
0.8490943643714947,0.8434576257540594,0.8545460568890842,Nationwide,502.0
0.8487185591292294,0.8430745117084751,0.8541775879634349,Nationwide,503.0
0.8485682370323244,0.8429212710134317,0.8540301956712234,Nationwide,504.0
0.8481172307942006,0.8424615239574618,0.8535879644903461,Nationwide,505.0
0.8477413922624285,0.842078420624725,0.8532194200734942,Nationwide,506.0
0.8475158891433663,0.8418485669781045,0.8529982854088959,Nationwide,507.0
0.8470648829052411,0.8413888784094273,0.8525559981116607,Nationwide,508.0
0.8468393797861784,0.8411590434576797,0.8523348455065178,Nationwide,509.0
0.8465387089607617,0.8408526065004378,0.8520399661087837,Nationwide,510.0
0.8460877027226376,0.8403929716620886,0.8515976272399239,Nationwide,511.0
0.8457870318972212,0.8400865621178826,0.8513027215257892,Nationwide,512.0
0.8454111933654499,0.8397035655189418,0.8509340746621553,Nationwide,513.0
0.8452608579527413,0.8395503716354589,0.8507866113494952,Nationwide,514.0
0.8448098517146169,0.8390908062366624,0.8503442058034579,Nationwide,515.0
0.8446595163019075,0.8389376231736007,0.8501967320984136,Nationwide,516.0
0.8443588454764905,0.8386312651271964,0.849901776927041,Nationwide,517.0
0.8441333423574285,0.8384015036457736,0.8496805537725687,Nationwide,518.0
0.8439829935565809,0.8382483186813311,0.849533055647227,Nationwide,519.0
0.8439078191561566,0.8381717272032231,0.8494593056198223,Nationwide,520.0
0.8437574703553096,0.8380185462526635,0.8493118036379331,Nationwide,521.0
0.8433815983531912,0.8376356055519968,0.8489430374640888,Nationwide,523.0
0.8430809007514976,0.8373292649671092,0.84864801301659,Nationwide,525.0
0.8427050287493789,0.8369463541522869,0.8482792181211012,Nationwide,526.0
0.8425546799485312,0.8367931944540368,0.8481316957147914,Nationwide,527.0
0.8423291567472599,0.8365634598523465,0.8479104073511301,Nationwide,528.0
0.8421788079464122,0.8364103067425148,0.8477628786112994,Nationwide,529.0
0.8420284591455655,0.8362571562610737,0.8476153473445375,Nationwide,530.0
0.841727761543871,0.8359508631674916,0.8473202772449445,Nationwide,531.0
0.8415774127430243,0.8357977205474469,0.8471727384194526,Nationwide,532.0
0.8414270639421764,0.8356445805399809,0.8470251970817032,Nationwide,533.0
0.8411263663404815,0.8353383083471068,0.8467301068839983,Nationwide,534.0
0.8408256687387865,0.8350320465576169,0.846435006680849,Nationwide,535.0
0.8405249711370916,0.8347257951404408,0.8461398965011105,Nationwide,536.0
0.8402994479358217,0.8344961133658013,0.8459185573364371,Nationwide,537.0
0.8399987503341267,0.8341898800259503,0.8456234297666086,Nationwide,538.0
0.8395477039315846,0.8337305492962763,0.8451807198618074,Nationwide,539.0
0.8393973551307367,0.8335774441792209,0.8450331449609723,Nationwide,540.0
0.8391718319294657,0.8333477912964381,0.8448117779975043,Nationwide,541.0
0.8390214696589174,0.8331946784981775,0.8446641840586908,Nationwide,542.0
0.8389462817863785,0.833118116019377,0.8445903797202668,Nationwide,543.0
0.8382695909335302,0.8324290823124314,0.843926113144919,Nationwide,544.0
0.8381943963164751,0.832352519139045,0.8438522962398124,Nationwide,545.0
0.8378936178482523,0.8320462727652748,0.8435570225354506,Nationwide,546.0
0.8375928393800308,0.8317400364811032,0.8432617391172983,Nationwide,547.0
0.8375176447629764,0.8316634789831282,0.8431879167481734,Nationwide,548.0
0.8372920609118097,0.8314338102572681,0.8429664460125663,Nationwide,549.0
0.8369912824435883,0.831127594064673,0.8426711432483154,Nationwide,550.0
0.8369160878265325,0.8310510415805109,0.8425973160511094,Nationwide,551.0
0.8366153093583117,0.8307448378863007,0.842302001250289,Nationwide,552.0
0.8362393024777013,0.8303620620068616,0.841932811887222,Nationwide,553.0
0.8359384699199245,0.8300558242468901,0.84163742371815,Nationwide,554.0
0.8354872210832608,0.8295964861785584,0.8411943235734913,Nationwide,555.0
0.8351863885254854,0.8292902731396261,0.8408989115879641,Nationwide,556.0
0.8349607641071539,0.829060619818972,0.8406773463756004,Nationwide,557.0
0.8345847234099338,0.8286778765517145,0.8403080592003326,Nationwide,558.0
0.8343590989916017,0.828448237932606,0.8400864798201165,Nationwide,559.0
0.8341334745732695,0.828218604805211,0.8398648951468521,Nationwide,560.0
0.8339078501549371,0.8279889771579503,0.8396433051913231,Nationwide,561.0
0.8336822257366056,0.8277593549792936,0.8394217099642708,Nationwide,562.0
0.8335318094577173,0.8276062765592954,0.8392739768895617,Nationwide,563.0
0.8334566013182737,0.8275297382577564,0.839200109476391,Nationwide,564.0
0.8331557687604981,0.8272235910981343,0.8389046339941167,Nationwide,565.0
0.8328549362027222,0.8269174535927551,0.8386091492033306,Nationwide,566.0
0.832779728063277,0.8268409207217374,0.8385352765541105,Nationwide,567.0
0.8325541036449461,0.8266113257147896,0.8383136551290329,Nationwide,568.0
0.8321028548082823,0.826152151890913,0.8378703966653628,Nationwide,569.0
0.83187723038995,0.8259225730516244,0.8376487596476125,Nationwide,570.0
0.8318020222505061,0.8258460479650618,0.8375748794907891,Nationwide,571.0
0.8316516059716172,0.8256929995792714,0.8374271174530773,Nationwide,572.0
0.8312755652743979,0.8253103890218393,0.8370577023195583,Nationwide,573.0
0.8310499408560666,0.8250808298073363,0.8368360463705942,Nationwide,574.0
0.8308995245771784,0.8249277932908844,0.8366882728822365,Nationwide,575.0
0.8304482757405137,0.8244686979134503,0.8362449387428632,Nationwide,576.0
0.8299970269038494,0.8240096237264715,0.8358015841549338,Nationwide,577.0
0.8299218187644057,0.8239331134161021,0.8357276897412084,Nationwide,578.0
0.8296209589424869,0.8236270496057193,0.8354320802937668,Nationwide,579.0
0.829395314076047,0.823397507886228,0.8352103672834587,Nationwide,580.0
0.8291696692096079,0.8231679714163149,0.8349886492058434,Nationwide,581.0
0.8289440038727997,0.822938418847075,0.8347669064407052,Nationwide,582.0
0.8287183180563357,0.8227088501609484,0.8345451389865147,Nationwide,583.0
0.8285678608453586,0.8225558072718404,0.8343972912156995,Nationwide,584.0
0.8283421750288947,0.8223262472828802,0.834175515364697,Nationwide,585.0
0.827890803395966,0.821867142907617,0.8337319485971965,Nationwide,586.0
0.8275898616281016,0.8215610563493331,0.8334362000610226,Nationwide,587.0
0.8273641553022033,0.8213314974656537,0.8332143828306064,Nationwide,588.0
0.8270632135343382,0.8210254269812532,0.8329186187705823,Nationwide,590.0
0.8268375072084391,0.8207958801250722,0.832696789923347,Nationwide,591.0
0.8266118008825407,0.8205663384065343,0.8324749561133544,Nationwide,592.0
0.8264613299986086,0.8204133134434114,0.832327064154285,Nationwide,593.0
0.8262356236727103,0.8201837802650928,0.8321052220940649,Nationwide,594.0
0.825934681904845,0.8198777439755531,0.8318094250013872,Nationwide,595.0
0.8257842110209138,0.8197247292304761,0.8316615231702781,Nationwide,596.0
0.8255585046950149,0.8194952113541445,0.8314396663254296,Nationwide,597.0
0.8254080338110816,0.8193422022598109,0.8312917590340959,Nationwide,598.0
0.8251823069103122,0.8191126714118914,0.8310698742691771,Nationwide,599.0
0.8248060611019455,0.818730095514526,0.8307000225310388,Nationwide,600.0
0.8244297809645811,0.818347497891228,0.8303301242866462,Nationwide,601.0
0.8242040128821619,0.8181179460362682,0.8301081788456375,Nationwide,602.0
0.8238277327447988,0.817735370778424,0.8297382589825828,Nationwide,603.0
0.8236772069394369,0.817582330254204,0.8295902740697428,Nationwide,604.0
0.8235266673786327,0.8174292776290228,0.8294422738032875,Nationwide,605.0
0.823150318476622,0.8170466557860777,0.829072263739708,Nationwide,606.0
0.8229244884852696,0.8168170678264383,0.8288502314490864,Nationwide,607.0
0.8227739351577027,0.8166640119530394,0.8287022072471201,Nationwide,608.0
0.8226986584939179,0.816587484845188,0.8286281943446595,Nationwide,609.0
0.8226986584939179,0.816587484845188,0.8286281943446595,Nationwide,610.0
0.8225480638282587,0.8164343892385997,0.8284801272565525,Nationwide,611.0
0.8221715771641115,0.8160516598762125,0.8281099502006253,Nationwide,612.0
0.8220209824984532,0.8158985719855352,0.8279618756508731,Nationwide,613.0
0.8218703740370198,0.815745471928529,0.8278137857307223,Nationwide,614.0
0.8213432444220069,0.8152096390066138,0.8272954542993887,Nationwide,615.0
0.8211926221508864,0.8150565344335358,0.8271473415817608,Nationwide,616.0
0.8208160664730847,0.8146737825527572,0.8267770505476886,Nationwide,617.0
0.8203641996597224,0.8142144982590562,0.8263326839286187,Nationwide,618.0
0.8203641996597224,0.8142144982590562,0.8263326839286187,Nationwide,619.0
0.8201382455099805,0.8139848418468686,0.826110473610515,Nationwide,620.0
0.8200629274600665,0.8139082907931205,0.8260364024559722,Nationwide,621.0
0.8193850027473688,0.8132192908208746,0.8253696787364202,Nationwide,622.0
0.8192343528112145,0.8130661856473783,0.8252215121698732,Nationwide,623.0
0.8190083779069817,0.8128365319196035,0.8249992584173822,Nationwide,624.0
0.8186317530665937,0.8124537864377549,0.8246288251101905,Nationwide,625.0
0.8184810892673732,0.8123006775660385,0.8244806348433884,Nationwide,626.0
0.818255072766286,0.8120709966196538,0.8242583255804562,Nationwide,627.0
0.8181797339325909,0.8119944373723879,0.8241842214587873,Nationwide,628.0
0.8181043881609801,0.8119178714388042,0.8241101101562038,Nationwide,629.0
0.8176523135313091,0.811458487027748,0.8236654315074459,Nationwide,630.0
0.8174262762164725,0.8112288020014049,0.823443085232584,Nationwide,631.0
0.8173509304448614,0.8111522413873747,0.8233689687799606,Nationwide,632.0
0.8170495195734885,0.8108459753204049,0.8230724711451544,Nationwide,633.0
0.8168234614199587,0.8106162813266121,0.8228500925387929,Nationwide,634.0
0.8165220227405894,0.8103100011292181,0.8225535538538389,Nationwide,635.0
0.8162205840612207,0.8100037293643109,0.822257007002729,Nationwide,636.0
0.8160698647215365,0.8098505966376613,0.8221087305208448,Nationwide,637.0
0.8158437648328994,0.8096208797650521,0.8218862919214446,Nationwide,638.0
0.8156930037195604,0.8094677088297169,0.8217379702162204,Nationwide,639.0
0.8151652422789422,0.8089315255858945,0.8212187345324633,Nationwide,640.0
0.8150898477874264,0.8088549300714428,0.821144555980004,Nationwide,641.0
0.8147882698213589,0.8085485532306081,0.8208478367164006,Nationwide,642.0
0.8146374668841349,0.8083953534219745,0.8206994606456373,Nationwide,643.0
0.8140340875919344,0.8077824007275045,0.8201057751875518,Nationwide,644.0
0.813807778421071,0.8075525084158709,0.8198830945369217,Nationwide,645.0
0.813581448270402,0.8073225989468957,0.8196603892043803,Nationwide,646.0
0.8133550761367715,0.8070926504723953,0.819437639006962,Nationwide,647.0
0.8132041613810175,0.8069393540732024,0.819289136371696,Nationwide,648.0
0.8130532046033344,0.8067860160388701,0.8191405913427616,Nationwide,649.0
0.8126757776213438,0.8064026435437036,0.8187691863430744,Nationwide,650.0
0.81244932143215,0.8061726262254095,0.8185463373555301,Nationwide,651.0
0.8120718593798216,0.8057892378348384,0.8181748787054305,Nationwide,652.0
0.8119208605216246,0.8056358714726551,0.8180262782712006,Nationwide,653.0
0.8117698195281319,0.8054824633487426,0.8178776353426339,Nationwide,654.0
0.8113921819120501,0.8050989154678625,0.8175059855627402,Nationwide,655.0
0.8110900155655597,0.8047920278742035,0.8172086027385016,Nationwide,656.0
0.8108633485840328,0.8045618236395493,0.8169855198324029,Nationwide,657.0
0.8106366182227925,0.8043315580999352,0.8167623715400296,Nationwide,658.0
0.8104854505550586,0.8041780356347589,0.8166135899919986,Nationwide,659.0
0.8099563143720813,0.8036406717209186,0.8160927916013384,Nationwide,660.0
0.8095782893957102,0.8032567822214872,0.8157207101476945,Nationwide,661.0
0.8095026702765805,0.8031799911588495,0.8156462788023058,Nationwide,662.0
0.8094270440928851,0.8031031932587412,0.8155718401726837,Nationwide,663.0
0.8091245110919162,0.8027959773329431,0.81527405356917,Nationwide,664.0
0.8090488495516982,0.8027191452090385,0.8151995784873473,Nationwide,665.0
0.8085948378516138,0.8022581189369409,0.8147526768822194,Nationwide,666.0
0.8085191408999335,0.8021812535393326,0.8146781643187873,Nationwide,667.0
0.8084434226810822,0.8021043665415168,0.8146036308126978,Nationwide,668.0
0.8080647961249361,0.80171990225843,0.8142309218426425,Nationwide,669.0
0.8077618096996932,0.8014122513664212,0.8139326639514809,Nationwide,670.0
0.8074587380142231,0.801104519911102,0.8136343162521774,Nationwide,671.0
0.807231327554775,0.8008736157116035,0.813410447736275,Nationwide,672.0
0.8071555027071738,0.8007966264505244,0.8133358033767207,Nationwide,673.0
0.8069279426556623,0.8005655728187769,0.8131117851257142,Nationwide,674.0
0.8067762216924851,0.8004115247554702,0.8129624234699646,Nationwide,675.0
0.8066244721915564,0.8002574490440285,0.8128130324161538,Nationwide,676.0
0.806169009474339,0.7997950113474416,0.8123646415165917,Nationwide,677.0
0.8060930847230231,0.7997179252953253,0.8122898942432436,Nationwide,678.0
0.805713282101122,0.7993323166880203,0.8119159785234047,Nationwide,679.0
0.8054853790418808,0.7991009352091074,0.811691602592392,Nationwide,680.0
0.8054093683427156,0.7990237643557081,0.8116167682666875,Nationwide,681.0
0.8052572751752453,0.7988693495765786,0.811467029116091,Nationwide,682.0
0.8052572751752453,0.7988693495765786,0.811467029116091,Nationwide,683.0
0.8050289413543072,0.7986375295113852,0.8112422300484522,Nationwide,684.0
0.8048766324069306,0.7984828955343295,0.8110922784517864,Nationwide,685.0
0.8048004418889072,0.7984055418458289,0.8110172672481895,Nationwide,686.0
0.8044956221021866,0.7980960721540561,0.8107171620328003,Nationwide,687.0
0.8044193810462643,0.798018668467847,0.8106420997725694,Nationwide,688.0
0.8042668700251169,0.7978638325663135,0.810491945977128,Nationwide,689.0
0.8042668700251169,0.7978638325663135,0.810491945977128,Nationwide,690.0
0.8039615585056987,0.7975538660151287,0.8101913540482123,Nationwide,691.0
0.803656160002943,0.7972438171497951,0.8098906706190527,Nationwide,692.0
0.8035034172185654,0.7970887505068865,0.809740284093828,Nationwide,693.0
0.803350616340518,0.7969336255167322,0.8095898397268915,Nationwide,694.0
0.8031977427693779,0.7967784270109672,0.8094393234719597,Nationwide,695.0
0.8031212841551209,0.7967008058335254,0.8093640436111144,Nationwide,696.0
0.8030447672644806,0.7966231246079563,0.8092887071975846,Nationwide,697.0
0.8027385830047294,0.7963122835082542,0.8089872443752445,Nationwide,698.0
0.8025088133502097,0.796079021401431,0.8087610156417893,Nationwide,699.0
0.8023554579492255,0.7959233333702483,0.8086100250704642,Nationwide,700.0
0.8022020145646498,0.7957675559485461,0.8084589478896155,Nationwide,701.0
0.8018180388732054,0.7953777397158344,0.8080808930328198,Nationwide,702.0
0.801741206941539,0.7952997397656537,0.8080052451858637,Nationwide,703.0
0.8013566787847333,0.7949093647655664,0.8076266440412017,Nationwide,704.0
0.800587031571149,0.7941280390579205,0.8068688362138512,Nationwide,705.0
0.8004330429134136,0.7939717185067536,0.806717211754846,Nationwide,706.0
0.8001247987455451,0.7936588062598436,0.8064137001793132,Nationwide,707.0
0.8000476857155969,0.7935805254575816,0.8063377710337404,Nationwide,708.0
0.7999705206224533,0.793502191071563,0.8062617913052913,Nationwide,709.0
0.7997388689272936,0.7932670284658981,0.8060336986636654,Nationwide,710.0
0.7995070605594892,0.7930317076874488,0.8058054508256214,Nationwide,711.0
0.7993523272402407,0.7928746277376957,0.8056530960872312,Nationwide,712.0
0.7989648939680223,0.7924813134745692,0.8052716233195276,Nationwide,713.0
0.7988096647288594,0.7923237254520359,0.8051187845075052,Nationwide,714.0
0.7984208738864913,0.7919290186633212,0.8047359882352423,Nationwide,715.0
0.7982651452198473,0.7917709189560654,0.8045826619462065,Nationwide,716.0
0.7978750244373144,0.7913748484211075,0.8041985686884742,Nationwide,717.0
0.797562377484166,0.7910574295619879,0.8038907555705849,Nationwide,718.0
0.7972491165346424,0.7907393810619598,0.8035823437105635,Nationwide,719.0
0.797091976667384,0.7905798305503976,0.803427644805682,Nationwide,720.0
0.7969342927946501,0.7904197166841792,0.8032724207179956,Nationwide,721.0
0.7965391057011295,0.7900184254470408,0.802883411491822,Nationwide,722.0
0.7964598401915557,0.7899379316969475,0.8028053887707209,Nationwide,723.0
0.7960622861133919,0.7895341959231108,0.8024140880503071,Nationwide,724.0
0.7957429671057253,0.7892098907193904,0.8020998114931609,Nationwide,725.0
0.7956627510808145,0.7891284140607091,0.8020208697795046,Nationwide,726.0
0.7954203434182531,0.7888821568770091,0.8017823507846965,Nationwide,727.0
0.7951764492001159,0.7886343580066566,0.8015423988421662,Nationwide,728.0
0.7947669022032064,0.7882181902404569,0.8011395321996312,Nationwide,729.0
0.7941056296896727,0.7875461096061771,0.800489157287399,Nationwide,730.0
0.7938543834453072,0.7872906843649556,0.8002421200531243,Nationwide,731.0
0.7934286786064793,0.7868577324424939,0.7998237041961265,Nationwide,732.0
0.7934286786064793,0.7868577324424939,0.7998237041961265,Nationwide,733.0
0.7933427446003488,0.7867703169886769,0.7997392590937955,Nationwide,734.0
0.7932565959691616,0.7866826783420549,0.7996546076886042,Nationwide,735.0
0.7930839048630403,0.7865069923464443,0.7994849254803211,Nationwide,736.0
0.7929973992015151,0.786418983407372,0.7993999299418968,Nationwide,737.0
0.7928239337308386,0.7862424938499211,0.7992295017562334,Nationwide,738.0
0.7927370489161842,0.7861540914994902,0.7991441409282253,Nationwide,739.0
0.7925629357932061,0.7859769305886186,0.7989730881466346,Nationwide,740.0
0.7922139812810243,0.7856218579962847,0.7986302762825493,Nationwide,741.0
0.7918644494119381,0.785266195384243,0.7982868995291843,Nationwide,742.0
0.7916018078035103,0.7849989424158682,0.7980288872833627,Nationwide,743.0
0.7916018078035103,0.7849989424158682,0.7980288872833627,Nationwide,744.0
0.7912508815892553,0.7846418464705427,0.7976841543311233,Nationwide,745.0
0.7911630331511977,0.7845524524598443,0.7975978572839969,Nationwide,746.0
0.7908989306587705,0.7842836935021111,0.797338428190744,Nationwide,747.0
0.7907226071874393,0.784104258513966,0.797165227370045,Nationwide,748.0
0.7906343076221476,0.7840143983138266,0.797078493878297,Nationwide,749.0
0.7903689940961001,0.7837443894349596,0.7968178916915459,Nationwide,750.0
0.7902804373460608,0.7836542639434849,0.7967309089279029,Nationwide,751.0
0.789837107133257,0.7832030782285792,0.7962954602786994,Nationwide,752.0
0.7894820842735508,0.7828417700323945,0.7959467438077586,Nationwide,753.0
0.7893932286647408,0.7827513407362898,0.7958594671107374,Nationwide,754.0
0.7893041725694493,0.7826607028697146,0.7957719977809121,Nationwide,755.0
0.7893041725694493,0.7826607028697146,0.7957719977809121,Nationwide,756.0
0.7890362182277381,0.7823879732308444,0.7955088328950151,Nationwide,757.0
0.7885889694927718,0.7819327533272195,0.7950695788243644,Nationwide,758.0
0.7884097650911144,0.7817503528155572,0.7948935797956643,Nationwide,759.0
0.788319948530954,0.781658929891552,0.7948053740008104,Nationwide,760.0
0.7879599439877268,0.7812924754587015,0.7944518363555791,Nationwide,761.0
0.7876893223698728,0.7810169978172135,0.7941860831044121,Nationwide,762.0
0.7872378209813763,0.7805573996878507,0.7937426992129373,Nationwide,763.0
0.7870570130298427,0.7803733498659513,0.7935651414388935,Nationwide,764.0
0.7868760595839233,0.7801891515295439,0.7933874411571827,Nationwide,765.0
0.7864232594575647,0.7797282358855129,0.7929427773868009,Nationwide,766.0
0.7859700940435641,0.7792669605935109,0.7924977432208204,Nationwide,767.0
0.7856070174323879,0.7788973875208851,0.7921411801712814,Nationwide,768.0
0.7853343634466984,0.778619854912871,0.7918734175979397,Nationwide,769.0
0.7849703614242435,0.7782493396622695,0.7915159458106591,Nationwide,770.0
0.7846971698831443,0.7779712639937982,0.7912476513306839,Nationwide,771.0
0.7843324489117831,0.7776000223933655,0.7908894681870127,Nationwide,772.0
0.783876335601181,0.7771357688112066,0.7904415172938863,Nationwide,773.0
0.7837850279325035,0.777042831942476,0.7903518432646269,Nationwide,774.0
0.7836021356147026,0.776856671462187,0.7901722277411963,Nationwide,775.0
0.7836021356147026,0.776856671462187,0.7901722277411963,Nationwide,776.0
0.7833273160674912,0.7765769347694554,0.7899023379550176,Nationwide,777.0
0.7828691227380172,0.7761105569642859,0.7894523507509947,Nationwide,778.0
0.7825939168125164,0.7758304381139123,0.7891820708548972,Nationwide,779.0
0.7825939168125164,0.7758304381139123,0.7891820708548972,Nationwide,780.0
0.7825020307121517,0.7757369093926587,0.7890918316255592,Nationwide,781.0
0.782226145638449,0.7754560916847311,0.7888208918862674,Nationwide,782.0
0.781950098298498,0.7751751125670312,0.7885497891880195,Nationwide,783.0
0.7816737582943877,0.7748938357823905,0.7882783988180624,Nationwide,784.0
0.7815815362842061,0.774799965104593,0.7881878296994811,Nationwide,785.0
0.7813968525563503,0.7746119759808106,0.7880064596224045,Nationwide,786.0
0.781211994062725,0.7744238078756899,0.7878249189323854,Nationwide,787.0
0.7808417075386989,0.7740468874671422,0.787461282430308,Nationwide,788.0
0.7807490480267092,0.7739525678207776,0.7873702870772165,Nationwide,789.0
0.7803780136686123,0.7735748842752127,0.7870059179070222,Nationwide,790.0
0.7801923861677407,0.7733859327499267,0.7868236225436074,Nationwide,791.0
0.7800994950633033,0.7732913775294697,0.7867323995732487,Nationwide,792.0
0.7798206889535602,0.7730075786406356,0.7864585983804069,Nationwide,793.0
0.7797276870824869,0.7729129113629182,0.7863672659600581,Nationwide,794.0
0.7794485149782674,0.7726287410976993,0.7860931041883562,Nationwide,795.0
0.7794485149782674,0.7726287410976993,0.7860931041883562,Nationwide,796.0
0.7791689089104755,0.7723441256488925,0.785818519486311,Nationwide,797.0
0.7790756622722633,0.7722492090681049,0.785726946813733,Nationwide,798.0
0.7787958888718793,0.7719644299281695,0.7854521914408278,Nationwide,799.0
0.7785160149300229,0.7716795541018953,0.7851773319317202,Nationwide,800.0
0.7785160149300229,0.7716795541018953,0.7851773319317202,Nationwide,801.0
0.7782355023135459,0.7713940191748337,0.7849018537172678,Nationwide,802.0
0.7780483139786533,0.771203479196907,0.7847180250671965,Nationwide,803.0
0.7779546522097861,0.7711081399615942,0.7846260447618562,Nationwide,804.0
0.7772983877405798,0.7704401310547393,0.7839815531107454,Nationwide,805.0
0.7767354000140654,0.7698670919480106,0.7834286421886237,Nationwide,806.0
0.7765475331861502,0.769675872975926,0.7832441360628655,Nationwide,807.0
0.7763594160511736,0.7694843961731985,0.7830593869990946,Nationwide,808.0
0.7759829993646034,0.7691012632718515,0.782689703627041,Nationwide,809.0
0.7756061713935636,0.768717715670729,0.7823196125540031,Nationwide,810.0
0.77551186130463,0.768621723390249,0.7822269889486388,Nationwide,811.0
0.7753230574430819,0.7684295497031596,0.7820415633878002,Nationwide,812.0
0.7752285404301051,0.7683333440060373,0.7819487392113992,Nationwide,813.0
0.7751339080399164,0.7682370186688581,0.7818558038126304,Nationwide,814.0
0.7750391831336424,0.7681405975868555,0.7817627790489451,Nationwide,815.0
0.7748495479041018,0.7679475644965432,0.7815765495041457,Nationwide,816.0
0.7747546722401001,0.7678509887198153,0.7814833778562473,Nationwide,817.0
0.7741846504088998,0.767270751746679,0.7809235945302576,Nationwide,818.0
0.7740895884429856,0.7671739880065372,0.7808302383157909,Nationwide,819.0
0.7739944680708488,0.7670771641825369,0.780736825341126,Nationwide,820.0
0.7739944680708488,0.7670771641825369,0.780736825341126,Nationwide,821.0
0.7738039229039186,0.7668832012201339,0.7805497055946068,Nationwide,822.0
0.773613377736988,0.7666892421621213,0.7803625821290738,Nationwide,823.0
0.7734228325700576,0.7664952870025525,0.7801754549500169,Nationwide,824.0
0.7733275482491795,0.766398298613573,0.7800818787485106,Nationwide,825.0
0.7732322521865488,0.766301298923795,0.7799882903948435,Nationwide,826.0
0.7730416600612883,0.7661073024613556,0.7798011109085355,Nationwide,827.0
0.7728510679360258,0.7659133098834863,0.7796139277214638,Nationwide,828.0
0.772660428797412,0.7657192720457124,0.7794266958890311,Nationwide,829.0
0.7723744348077275,0.7654281856808973,0.7791458074819414,Nationwide,830.0
0.7720884408180427,0.7651371080232058,0.7788649107786092,Nationwide,832.0
0.7718977781582531,0.7649430610789844,0.7786776417096694,Nationwide,833.0
0.7715164528386748,0.7645549787505987,0.7783030925557766,Nationwide,834.0
0.7712304588489903,0.7642639270966106,0.7780221710723444,Nationwide,835.0
0.7710397961891998,0.7640698974556894,0.777834885513341,Nationwide,836.0
0.7709444530710855,0.7639728717538704,0.7777412300908146,Nationwide,838.0
0.7705630334282544,0.7635847292246715,0.7773665541689271,Nationwide,839.0
0.7702769332920801,0.7632935953645767,0.777085503806157,Nationwide,840.0
0.7698954664438479,0.762905430224357,0.7767107572724554,Nationwide,841.0
0.7697047093907149,0.7627113286730138,0.7765233559646252,Nationwide,842.0
0.7696093072204875,0.7626142546208393,0.7764296313359693,Nationwide,843.0
0.7694185028800339,0.7624201093645384,0.7762421793633106,Nationwide,845.0
0.7691322608774744,0.7621288615136965,0.7759609606725949,Nationwide,846.0
0.7688460188749149,0.7618376221819065,0.7756797338589554,Nationwide,847.0
0.7688460188749149,0.7618376221819065,0.7756797338589554,Nationwide,848.0
0.7686551434978354,0.7616434178643148,0.7754921994879803,Nationwide,849.0
0.7685597058092953,0.761546317121917,0.7753984309518367,Nationwide,851.0
0.7681779550551366,0.7611579235788422,0.7750233478177978,Nationwide,852.0
0.7676052577725405,0.7605752871591083,0.7744606281349515,Nationwide,853.0
0.7673189091312427,0.7602839816072436,0.7741792562202915,Nationwide,854.0
0.7671280100370442,0.760089782581657,0.7739916704838203,Nationwide,855.0
0.7670325604899453,0.759992684469526,0.7738978762794554,Nationwide,856.0
0.7666507623015483,0.7596043013429779,0.773522690569027,Nationwide,857.0
0.7663643780048349,0.7593129865365396,0.7732412578415438,Nationwide,858.0
0.7660779937081225,0.7590216800878099,0.7729598171399711,Nationwide,859.0
0.7656006865469331,0.7585361878636789,0.7724907316290134,Nationwide,860.0
0.7655052251146959,0.7584390921914382,0.7723969118810948,Nationwide,861.0
0.7654097636824573,0.758341997441847,0.7723030912526921,Nationwide,862.0
0.7652188170032307,0.7581477858454336,0.7721154245605875,Nationwide,863.0
0.7650278703240028,0.7579535779335733,0.7719277543521189,Nationwide,864.0
0.7648369236447763,0.7577593737010138,0.771740080632144,Nationwide,865.0
0.7645504678681305,0.757468036912243,0.7714585292464643,Nationwide,866.0
0.7643594973503665,0.7572738169725803,0.7712708239452225,Nationwide,867.0
0.7640730415737209,0.7569824939293527,0.7709892594392005,Nationwide,868.0
0.7638820710559566,0.7567882831371487,0.7708015454060656,Nationwide,869.0
0.7636911005381926,0.7565940759948739,0.7706138278885398,Nationwide,871.0
0.7635956152793105,0.7564969737908497,0.7705199678246182,Nationwide,873.0
0.763404644761546,0.7563027721138148,0.7703322450894251,Nationwide,874.0
0.7632136742437827,0.7561085740738615,0.7701445188817149,Nationwide,875.0
0.7628317332082551,0.7557201888847574,0.7697690560676235,Nationwide,876.0
0.7625452774316085,0.7554289095023458,0.7694874498767332,Nationwide,877.0
0.7624497921727261,0.7553318181828126,0.7693935794199749,Nationwide,878.0
0.7621633363960801,0.7550405496391913,0.7691119628784828,Nationwide,879.0
0.762067851137198,0.7549434619275454,0.7690180889761847,Nationwide,880.0
0.7618768806194348,0.7547492892048299,0.768830338592369,Nationwide,881.0
0.7617813953605527,0.7546522041925072,0.768736462112008,Nationwide,883.0
0.761494939583906,0.7543609545441877,0.7684548275240386,Nationwide,884.0
0.7613039690661426,0.7541667925962898,0.7682670668487439,Nationwide,885.0
0.7612084838072609,0.7540697129657719,0.768173185227824,Nationwide,886.0
0.7611129985483784,0.7539726342300476,0.7680793027521514,Nationwide,887.0
0.7609220280306153,0.7537784794405127,0.7678915352388385,Nationwide,888.0
0.760731057512851,0.753584328222747,0.7677037643133654,Nationwide,889.0
0.7603491164773227,0.7531960364828543,0.7673282122441273,Nationwide,891.0
0.76006262472281,0.7529047894868399,0.7670465048015531,Nationwide,892.0
0.7598716302198009,0.7527106292632649,0.7668586955970553,Nationwide,894.0
0.7596806357167926,0.7525164725863651,0.766670883003579,Nationwide,895.0
0.7596806357167926,0.7525164725863651,0.766670883003579,Nationwide,896.0
0.7593941079437038,0.7522252066411178,0.7663891232589667,Nationwide,897.0
0.7590120709129188,0.751836864421968,0.7660134317739019,Nationwide,898.0
0.7587255431398292,0.7515456170174474,0.7657316543103704,Nationwide,899.0
0.7581524875936513,0.7509631459494951,0.7651680766915169,Nationwide,900.0
0.7577704505628663,0.7505748494386959,0.7647923415178215,Nationwide,901.0
0.7575794320474732,0.7503807064294647,0.7646044689157485,Nationwide,902.0
0.7573884135320804,0.7501865669114082,0.7644165929759922,Nationwide,903.0
0.7572929042743836,0.7500894984601049,0.7643226537558369,Nationwide,904.0
0.7571018857589917,0.7498953641700277,0.7641347728176782,Nationwide,905.0
0.7571018857589917,0.7498953641700277,0.7641347728176782,Nationwide,906.0
0.7570063644511743,0.7497982857655875,0.7640408195512566,Nationwide,907.0
0.7569108431433574,0.7497012082308796,0.7639468654532413,Nationwide,908.0
0.7568153218355406,0.7496041315653218,0.7638529105241698,Nationwide,909.0
0.7566242792199053,0.7494099808393322,0.7636649981750044,Nationwide,910.0
0.7564332124827283,0.7492158084338745,0.7634770593866927,Nationwide,911.0
0.7563376791141397,0.7491187235314783,0.7633830887490826,Nationwide,912.0
0.7562421336771618,0.7490216269129452,0.7632891057150105,Nationwide,913.0
0.7559554973662295,0.7487303422509497,0.7630071516460997,Nationwide,914.0
0.7556688610552967,0.7484390653672848,0.7627251901383091,Nationwide,915.0
0.7553822247443646,0.7481477962464851,0.7624432212059453,Nationwide,917.0
0.7550955884334325,0.7478565348731493,0.7621612448632531,Nationwide,919.0
0.7547133583203303,0.7474681479876168,0.761785218532106,Nationwide,921.0
0.7546178007920539,0.7473710534109002,0.7616912098977325,Nationwide,922.0
0.7542355706789516,0.7469826836657962,0.7613151671695424,Nationwide,923.0
0.7539488617696726,0.7466913774726837,0.7610330917069069,Nationwide,924.0
0.7536621528603928,0.7464000789588399,0.7607510088969421,Nationwide,925.0
0.7534710135875391,0.7462058842084414,0.7605629496153224,Nationwide,926.0
0.7532798743146862,0.7460116928599263,0.7603748870785177,Nationwide,927.0
0.7530887350418329,0.7458175049088652,0.7601868212906236,Nationwide,928.0
0.7528020261325533,0.7455262293428455,0.7599047165219247,Nationwide,929.0
0.7527064564961262,0.7454291391814566,0.7598106799778988,Nationwide,930.0
0.752324177950419,0.7450407869910378,0.7594345257096965,Nationwide,931.0
0.7518463297682861,0.7445553657361356,0.7589643147051001,Nationwide,932.0
0.7516551661960081,0.7443611778087761,0.758776201355547,Nationwide,933.0
0.7512728390514527,0.743972812035859,0.7583999650054252,Nationwide,934.0
0.7509860936930356,0.7436815465107827,0.7581177793138931,Nationwide,935.0
0.7508905119068965,0.7435844596766307,0.7580237158138522,Nationwide,936.0
0.7508905119068965,0.7435844596766307,0.7580237158138522,Nationwide,937.0
0.7506993239980723,0.743390263163791,0.7578355630657835,Nationwide,938.0
0.7505081360892488,0.7431960699932509,0.7576474071176293,Nationwide,939.0
0.7503169481804247,0.7430018801607492,0.7574592479733313,Nationwide,940.0
0.7502213420453344,0.7429047738064456,0.7573651555179276,Nationwide,942.0
0.7499345236400674,0.7426134597415021,0.7570828733658962,Nationwide,944.0
0.7497433113698881,0.7424192545245539,0.7568946812812478,Nationwide,945.0
0.7492652806944426,0.7419337560103487,0.7564241871565448,Nationwide,946.0
0.7490740684242642,0.7417395624049158,0.7562359839516263,Nationwide,947.0
0.7487872134069967,0.7414482400677278,0.7559536380723105,Nationwide,948.0
0.74850035838973,0.7411569251636838,0.7556712850732782,Nationwide,949.0
0.7484047400506412,0.7410598218450574,0.7555771658270166,Nationwide,950.0
0.7481178483792699,0.740768478659101,0.7552947681794281,Nationwide,951.0
0.7477353261507755,0.7403800325933607,0.7549182269511011,Nationwide,952.0
0.7475440650365273,0.7401858144864687,0.7547299516176961,Nationwide,954.0
0.7474484344794046,0.7400887066627266,0.7546358127728444,Nationwide,956.0
0.7474484344794046,0.7400887066627266,0.7546358127728444,Nationwide,957.0
0.7472571488915659,0.7398944679885355,0.754447509240038,Nationwide,959.0
0.7471614938545856,0.7397973371312299,0.7543533445463757,Nationwide,960.0
0.7468745287436438,0.7395059494679161,0.7540708457621812,Nationwide,961.0
0.7466832186696829,0.7393116951111335,0.753882509324748,Nationwide,962.0
0.7464919085957219,0.7391174440179652,0.7536941697599813,Nationwide,963.0
0.7463005740042576,0.7389231706581897,0.7535058035374302,Nationwide,964.0
0.7463005740042576,0.7389231706581897,0.7535058035374302,Nationwide,965.0
0.7462048944434877,0.7388260224304294,0.7534116074822077,Nationwide,966.0
0.7457264966396397,0.738340293495005,0.7529406155110403,Nationwide,967.0
0.7453437783965604,0.7379517249606699,0.7525638079278618,Nationwide,968.0
0.7452480988357907,0.7378545848526519,0.7524696040906059,Nationwide,969.0
0.7450567397142512,0.7376603070638162,0.7522811940895618,Nationwide,970.0
0.7447696272904701,0.7373688196812022,0.7519985024802932,Nationwide,971.0
0.7446739231492094,0.7372716588361844,0.7519042703949423,Nationwide,972.0
0.7444825148666874,0.7370773395669676,0.7517158039035908,Nationwide,973.0
0.7442911065841661,0.7368830235222299,0.7515273343210811,Nationwide,974.0
0.7441954024429053,0.7367858667078119,0.751433098371779,Nationwide,975.0
0.7440039941603839,0.7365915554924284,0.7512446241593503,Nationwide,976.0
0.7436211775953419,0.7362029427017897,0.750867666491868,Nationwide,978.0
0.7433340651715601,0.7359114915285829,0.7505849401681673,Nationwide,979.0
0.7429511993125998,0.7355228498665947,0.7502079136574067,Nationwide,980.0
0.7427597663831192,0.7353285338300374,0.7500193958044266,Nationwide,981.0
0.7420897511299389,0.7346484528072847,0.7493595592423742,Nationwide,982.0
0.741802601735719,0.7343570014379939,0.7490767607058664,Nationwide,983.0
0.7414197358767586,0.7339684107123039,0.7486996853433852,Nationwide,984.0
0.7411325864825379,0.7336769759765116,0.7484168708515047,Nationwide,985.0
0.7409411535530575,0.7334826901020032,0.7482283240682159,Nationwide,986.0
0.7407497206235781,0.7332884073825991,0.7480397742580251,Nationwide,987.0
0.7405582876940975,0.7330941278145545,0.747851221424398,Nationwide,988.0
0.7404625588564946,0.7329969763390618,0.7477569319890859,Nationwide,989.0
0.7401753352107002,0.7327054880021523,0.7474740234825965,Nationwide,990.0
0.7397923703496422,0.7323168478862783,0.7470968015860466,Nationwide,991.0
0.7395050723417395,0.7320252986799631,0.7468138058194438,Nationwide,992.0
0.7393135403364707,0.731830936460454,0.7466251382152781,Nationwide,993.0
0.7391219835181422,0.7316365515609384,0.7464364437672586,Nationwide,994.0
0.7389303770415333,0.7314421181366142,0.7462476986055719,Nationwide,995.0
0.7389303770415333,0.7314421181366142,0.7462476986055719,Nationwide,996.0
0.7387387457196862,0.7312476619972119,0.7460589265705521,Nationwide,997.0
0.7385470895397104,0.7310531831277919,0.7458701276512166,Nationwide,998.0
0.7383554333597331,0.7308587073820368,0.7456813257339572,Nationwide,999.0
0.7380679117735337,0.7305669608008738,0.7453980813874729,Nationwide,1000.0
0.7378762058224227,0.7303724410854225,0.745209224163188,Nationwide,1001.0
0.7376844749647328,0.7301778985805326,0.7450203400163461,Nationwide,1002.0
0.7373968412989031,0.7298860517831516,0.7447369722758528,Nationwide,1003.0
0.7371092076330737,0.7295942119797293,0.7444535978216668,Nationwide,1004.0
0.7369174019584357,0.7293996040997989,0.7442646298428062,Nationwide,1005.0
0.7368214991211169,0.7293023013235682,0.7441701447361996,Nationwide,1006.0
0.7367255713123515,0.7292049733539028,0.7440756348873925,Nationwide,1007.0
0.7366296435035872,0.729107646159831,0.743981124294007,Nationwide,1008.0
0.736533678203496,0.7290102807527546,0.7438865769263533,Nationwide,1009.0
0.7363417225928095,0.7288155262572893,0.7436974559206739,Nationwide,1010.0
0.736053751641462,0.7285233612967875,0.7434137327556241,Nationwide,1011.0
0.7359577488044139,0.7284259615070834,0.743319144846976,Nationwide,1012.0
0.7354776719950173,0.7279389090499383,0.7428461339680537,Nationwide,1013.0
0.7352855660339374,0.7277440152470835,0.7426568521067081,Nationwide,1014.0
0.7352855660339374,0.7277440152470835,0.7426568521067081,Nationwide,1015.0
0.7349973317861782,0.7274516020378139,0.7423728513675184,Nationwide,1016.0
0.7346129692123596,0.7270616763317892,0.7419941250384654,Nationwide,1017.0
0.7344207627839943,0.7268666919672603,0.741804733262977,Nationwide,1018.0
0.7343246218280074,0.7267691617003275,0.7417099999869561,Nationwide,1019.0
0.7339400076487079,0.726378995989454,0.7413310110744971,Nationwide,1020.0
0.7335553934694079,0.725988842599694,0.7409520103294596,Nationwide,1021.0
0.7335553934694079,0.725988842599694,0.7409520103294596,Nationwide,1022.0
0.7333629602602073,0.7257936394001722,0.7407623842881994,Nationwide,1023.0
0.7330742346853014,0.7255007616096457,0.7404778668537202,Nationwide,1024.0
0.7325928357920225,0.7250124502329492,0.7400034740853267,Nationwide,1025.0
0.7324965433582967,0.7249147771077519,0.7399085811508608,Nationwide,1026.0
0.7323038571703827,0.7247193278335251,0.7397186956625825,Nationwide,1027.0
0.7319184340876612,0.7243283857967433,0.7393388670782983,Nationwide,1028.0
0.7316292525649084,0.7240350686086071,0.7390538780926489,Nationwide,1029.0
0.7313400710421548,0.7237417583268135,0.7387688824729514,Nationwide,1030.0
0.7312436517842726,0.7236439633457825,0.7386738580233817,Nationwide,1031.0
0.731050762401054,0.7234483228089659,0.7384837580082209,Nationwide,1032.0
0.7307613137687192,0.7231547486779053,0.738198492318264,Nationwide,1033.0
0.7307613137687192,0.7231547486779053,0.738198492318264,Nationwide,1034.0
0.7303751273167342,0.722763062246183,0.7378178826281753,Nationwide,1035.0
0.7301819063835817,0.7225670908929677,0.7376274505713112,Nationwide,1036.0
0.7299886343067198,0.7223710694524403,0.7374369663888284,Nationwide,1037.0
0.7296986878082525,0.7220770031550217,0.7371511976771203,Nationwide,1038.0
0.7296020005566556,0.7219789426588009,0.7370559030249774,Nationwide,1039.0
0.7291184361342299,0.7214885184820982,0.7365792954676647,Nationwide,1040.0
0.7290216975862484,0.7213904092749309,0.7364839470682715,Nationwide,1041.0
0.728634640672213,0.7209978733529733,0.7361024473282173,Nationwide,1042.0
0.728344270863231,0.7207033993039625,0.7358162406300714,Nationwide,1043.0
0.728150562280554,0.7205069533359214,0.7356253087146817,Nationwide,1044.0
0.7279568021522189,0.7203104568652757,0.735434324284649,Nationwide,1045.0
0.727568972209676,0.7199171512857002,0.7350520487749942,Nationwide,1046.0
0.727375031393414,0.719720476243217,0.7348608817403416,Nationwide,1047.0
0.7271810388527038,0.7195237505156643,0.7346696620159081,Nationwide,1048.0
0.7268900500416378,0.7192286676755602,0.7343828269030857,Nationwide,1049.0
0.7266959279826068,0.7190318150185347,0.734191475256254,Nationwide,1050.0
0.7265017540539545,0.7188349115274134,0.7340000707782399,Nationwide,1051.0
0.7262103763451087,0.7185394406517832,0.7337128461898389,Nationwide,1052.0
0.7257244868921807,0.7180467344204772,0.7332338738078162,Nationwide,1053.0
0.725530026954643,0.7178495490649321,0.7330421795231005,Nationwide,1054.0
0.725432744837862,0.7177509033492973,0.7329462811215388,Nationwide,1055.0
0.7249462037615119,0.7172575506975399,0.7324666525376172,Nationwide,1056.0
0.7246541222934372,0.7169613853668428,0.7321787157042194,Nationwide,1057.0
0.7246541222934372,0.7169613853668428,0.7321787157042194,Nationwide,1058.0
0.7242643661432198,0.7165661825415642,0.731794487402583,Nationwide,1059.0
0.7240693831398154,0.7163684767137039,0.7316022678985186,Nationwide,1060.0
0.7237767510302341,0.7160717599810086,0.7313137815117118,Nationwide,1061.0
0.7234838820994153,0.7157748041066608,0.7310250606876632,Nationwide,1062.0
0.7232884515531964,0.7155766455746914,0.7308323988920508,Nationwide,1063.0
0.7229951472338324,0.71527924888122,0.7305432481823346,Nationwide,1064.0
0.7226036512829813,0.7148822907176555,0.7301572961459394,Nationwide,1065.0
0.7225056179562579,0.7147828875435382,0.73006065302884,Nationwide,1066.0
0.7223093915526851,0.7145839175297789,0.7298672109121,Nationwide,1067.0
0.7220148118660807,0.7142852188887929,0.7295768112153399,Nationwide,1068.0
0.7216218251675561,0.7138867428425746,0.7291893954891571,Nationwide,1069.0
0.7213265625549667,0.7135873509784818,0.7288983232142278,Nationwide,1070.0
0.7212280072109923,0.7134874155171335,0.7288011682942012,Nationwide,1071.0
0.7212280072109923,0.7134874155171335,0.7288011682942012,Nationwide,1072.0
0.7211293035012325,0.7133873266522209,0.7287038699474532,Nationwide,1073.0
0.7205365944846556,0.7127863042868495,0.7281195957616611,Nationwide,1074.0
0.7204377554456322,0.7126860803464896,0.728022161933786,Nationwide,1075.0
0.7204377554456322,0.7126860803464896,0.728022161933786,Nationwide,1076.0
0.7199424049537143,0.712183771903902,0.7275338704060391,Nationwide,1077.0
0.7199424049537143,0.712183771903902,0.7275338704060391,Nationwide,1078.0
0.7197435258363227,0.7119820860932414,0.7273378379618889,Nationwide,1079.0
0.7195442888741529,0.7117800315429105,0.7271414583822822,Nationwide,1080.0
0.7193447480286526,0.7115776643501585,0.7269447835410358,Nationwide,1081.0
0.7189448343396864,0.7111720748623063,0.7265506246255982,Nationwide,1082.0
0.7188446887993127,0.7110705058041638,0.7264519222816902,Nationwide,1083.0
0.7185434968905988,0.7107650182906635,0.7261550845439569,Nationwide,1084.0
0.7184426769808339,0.7106627513113616,0.7260557309153862,Nationwide,1085.0
0.7182406118206645,0.7104577775260419,0.7258566125251514,Nationwide,1086.0
0.7181391797331317,0.7103548763467258,0.7257566682925309,Nationwide,1087.0
0.7178335452404089,0.7100447857655683,0.7254555451724519,Nationwide,1088.0
0.7173216844694159,0.7095254157591371,0.724951284246861,Nationwide,1089.0
0.7173216844694159,0.7095254157591371,0.724951284246861,Nationwide,1090.0
0.7170122273147693,0.709211368299731,0.7246464700414084,Nationwide,1091.0
0.7168046383665027,0.7090006709151893,0.7244420236119178,Nationwide,1092.0
0.7165956878816259,0.7087885593188856,0.7242362671835979,Nationwide,1093.0
0.7165956878816259,0.7087885593188856,0.7242362671835979,Nationwide,1094.0
0.7163832058392587,0.7085727714863129,0.7240271205877731,Nationwide,1095.0
0.7156308153755113,0.7078084718862243,0.7232867357773829,Nationwide,1096.0
0.7155212576879163,0.70769712695444,0.7231789771648777,Nationwide,1097.0
0.7155212576879163,0.70769712695444,0.7231789771648777,Nationwide,1098.0
0.7150786215866554,0.7072471585723248,0.7227437165059736,Nationwide,1099.0
0.7147458204906643,0.7069088343295475,0.7224164706331949,Nationwide,1100.0
0.7144122946761556,0.7065697640586739,0.7220885210822169,Nationwide,1101.0
0.7141893543439123,0.7063431072083224,0.721869318121339,Nationwide,1102.0
0.7136300831188974,0.7057744804271024,0.7213194535197942,Nationwide,1103.0
0.7134060234381702,0.7055466715670775,0.7210991634756193,Nationwide,1104.0
0.713293799744063,0.7054325664564606,0.7209888313039076,Nationwide,1105.0
0.7131814169175711,0.7053182963128678,0.7208783457859697,Nationwide,1106.0
0.7130688033983985,0.7052037863377987,0.720767638521103,Nationwide,1107.0
0.7126177794873311,0.7047451637504266,0.7203242524611522,Nationwide,1108.0
0.7123916951664276,0.7045152619503569,0.720102004942944,Nationwide,1109.0
0.7122782750589339,0.7043999178999293,0.7199905181149351,Nationwide,1110.0
0.7122782750589339,0.7043999178999293,0.7199905181149351,Nationwide,1111.0
0.7120505646129436,0.7041683238773517,0.7197667091396015,Nationwide,1112.0
0.7117085614599113,0.7038204854274569,0.7194305681135654,Nationwide,1113.0
0.7115943775097328,0.7037043507027503,0.7193183438047416,Nationwide,1114.0
0.7112512751097759,0.7033553788917745,0.7189811371867623,Nationwide,1115.0
0.7109076201209964,0.703005841397952,0.7186433910373301,Nationwide,1116.0
0.7109076201209964,0.703005841397952,0.7186433910373301,Nationwide,1117.0
0.710447411271589,0.7025377164277773,0.7181911320900145,Nationwide,1118.0
0.7101017508379505,0.7021861102467909,0.7178514428665538,Nationwide,1119.0
0.7097556973531376,0.701834105412244,0.717511366348758,Nationwide,1120.0
0.7092939925573324,0.7013644711344527,0.7170576257827042,Nationwide,1121.0
0.7092939925573324,0.7013644711344527,0.7170576257827042,Nationwide,1122.0
0.7091781327088262,0.7012466124041801,0.7169437731821606,Nationwide,1123.0
0.7089460338272323,0.7010105024664748,0.7167157018642877,Nationwide,1124.0
0.7088298131659493,0.7008922704785255,0.7166015006919653,Nationwide,1125.0
0.7084802915618241,0.7005366836127075,0.7162580682749138,Nationwide,1126.0
0.7084802915618241,0.7005366836127075,0.7162580682749138,Nationwide,1127.0
0.7082464696834211,0.7002987878868281,0.7160283356230628,Nationwide,1128.0
0.7077785169449449,0.6998226905038215,0.7155685587734694,Nationwide,1129.0
0.7077785169449449,0.6998226905038215,0.7155685587734694,Nationwide,1130.0
0.7075439590271511,0.6995840419065374,0.7153381069159768,Nationwide,1131.0
0.7069571751832066,0.6989870388542444,0.7147615815217719,Nationwide,1132.0
0.7064870457234003,0.6985087276755904,0.7142996656444796,Nationwide,1133.0
0.7064870457234003,0.6985087276755904,0.7142996656444796,Nationwide,1134.0
0.7063692586200798,0.6983888869364769,0.714183940030521,Nationwide,1135.0
0.7061333697375883,0.6981488805285955,0.7139521842368044,Nationwide,1136.0
0.7060153069772253,0.6980287557028346,0.7138361912962191,Nationwide,1137.0
0.7056605848333749,0.6976678313420278,0.7134876944562235,Nationwide,1138.0
0.7055422648157971,0.6975474431975902,0.7133714503149116,Nationwide,1139.0
0.7051870068778234,0.6971859759256833,0.713022425053277,Nationwide,1140.0
0.7050685079689204,0.6970654065120127,0.7129060044839037,Nationwide,1141.0
0.7048312709204784,0.6968240217620209,0.7126729307519547,Nationwide,1142.0
0.7044751156547278,0.6964616422050262,0.7123230234035846,Nationwide,1143.0
0.7041186600387779,0.6960989618046337,0.7119728165109875,Nationwide,1144.0
0.703524266437529,0.6954942096420031,0.7113888224798087,Nationwide,1145.0
0.7034052066530576,0.6953730741989599,0.7112718465688133,Nationwide,1146.0
0.7031669257564953,0.695130638976716,0.7110377364641153,Nationwide,1147.0
0.7030476438352478,0.6950092755429532,0.7109205442382123,Nationwide,1148.0
0.7026893117028136,0.6946446852237599,0.7105684947317678,Nationwide,1149.0
0.7025697863903961,0.6945230730923824,0.7104510644399132,Nationwide,1150.0
0.7024501593196667,0.6944013559600635,0.7103335355910978,Nationwide,1151.0
0.7020907272067621,0.6940356370232633,0.7099804146044759,Nationwide,1152.0
0.7019707937036509,0.6939136052244733,0.7098625875074065,Nationwide,1153.0
0.7018507371287067,0.6937914461144334,0.7097446415131751,Nationwide,1154.0
0.7016104184376851,0.6935469173369184,0.7095085489914775,Nationwide,1155.0
0.7011292866575126,0.6930573607681468,0.7090358745051049,Nationwide,1156.0
0.7008884315264041,0.69281228896973,0.7087992524170613,Nationwide,1157.0
0.7005267137740252,0.6924442374484441,0.7084438930702556,Nationwide,1158.0
0.7005267137740252,0.6924442374484441,0.7084438930702556,Nationwide,1159.0
0.7005267137740252,0.6924442374484441,0.7084438930702556,Nationwide,1160.0
0.700284610192282,0.6921978740149685,0.7082060650589583,Nationwide,1161.0
0.6996788276575139,0.691581444863082,0.7076109691849474,Nationwide,1162.0
0.6990723099497665,0.6909642854866843,0.7070151342729782,Nationwide,1163.0
0.6988294078267829,0.6907171238875275,0.7067765082806052,Nationwide,1164.0
0.6985863367284082,0.6904697917032914,0.7065377150392338,Nationwide,1165.0
0.6984647165444384,0.6903460393714478,0.706418235408691,Nationwide,1166.0
0.6984647165444384,0.6903460393714478,0.706418235408691,Nationwide,1167.0
0.6984647165444384,0.6903460393714478,0.706418235408691,Nationwide,1168.0
0.6980992833129008,0.6899741922482584,0.7060592411036105,Nationwide,1169.0
0.6979773019598854,0.6898500680903772,0.7059394108633493,Nationwide,1170.0
0.6974887789138948,0.6893529616751904,0.7054595045229131,Nationwide,1171.0
0.6974887789138948,0.6893529616751904,0.7054595045229131,Nationwide,1172.0
0.6974887789138948,0.6893529616751904,0.7054595045229131,Nationwide,1173.0
0.6972436589775349,0.6891035191020011,0.7052187233920373,Nationwide,1174.0
0.6971209696129432,0.6889786647272929,0.7050982070940465,Nationwide,1175.0
0.6969982154362204,0.6888537441005188,0.7049776274297833,Nationwide,1176.0
0.696875309737855,0.6887286663938237,0.704856901710041,Nationwide,1177.0
0.6966292813849028,0.6884782886510615,0.7046152386810893,Nationwide,1178.0
0.6965061367355503,0.6883529655758516,0.7044942803967837,Nationwide,1179.0
0.6965061367355503,0.6883529655758516,0.7044942803967837,Nationwide,1180.0
0.696136310468257,0.6879765952996099,0.7041310219931688,Nationwide,1181.0
0.696136310468257,0.6879765952996099,0.7041310219931688,Nationwide,1182.0
0.6958894098438672,0.6877253236494554,0.7038885083037892,Nationwide,1183.0
0.6956422900250309,0.6874738290264781,0.7036457792730699,Nationwide,1184.0
0.6953950823882062,0.6872222490743384,0.7034029601595395,Nationwide,1185.0
0.69502380898597,0.686844407720399,0.7030382791056803,Nationwide,1186.0
0.6949000070962329,0.6867184177582478,0.7029166735328628,Nationwide,1187.0
0.6947762052064944,0.6865924294681438,0.702795066368983,Nationwide,1188.0
0.694404733344862,0.6862144052780066,0.7024301722229866,Nationwide,1189.0
0.6940332614832295,0.6858363960978094,0.7020652637931428,Nationwide,1190.0
0.6940332614832295,0.6858363960978094,0.7020652637931428,Nationwide,1191.0
0.6940332614832295,0.6858363960978094,0.7020652637931428,Nationwide,1192.0
0.6939093933301891,0.6857103500697257,0.7019435823310308,Nationwide,1193.0
0.6935377888710693,0.6853322219683525,0.7015785284440669,Nationwide,1194.0
0.6926707117997893,0.6844499811252756,0.7007266807820813,Nationwide,1196.0
0.6922991073406696,0.6840719027024948,0.7003615796113646,Nationwide,1197.0
0.691803546061256,0.6835677283507187,0.6998746715155264,Nationwide,1198.0
0.6915557654215487,0.6833156510390953,0.6996312080772524,Nationwide,1199.0
0.6913079847818419,0.6830635802895985,0.6993877383918141,Nationwide,1201.0
0.6911840944619893,0.6829375473723683,0.6992660012094605,Nationwide,1202.0
0.6909363138222826,0.6826854864464021,0.6990225221715637,Nationwide,1204.0
0.6908124235024293,0.6825594584350582,0.6989007803184483,Nationwide,1205.0
0.6900690815833084,0.6818033246081333,0.6981702965975128,Nationwide,1206.0
0.6898213009436023,0.6815512930123908,0.6979267896328142,Nationwide,1207.0
0.689697410623748,0.6814252796487104,0.6978050338325257,Nationwide,1208.0
0.6893257396641885,0.6810472492790852,0.6974397571741932,Nationwide,1209.0
0.6889540687046277,0.6806692334648142,0.6970744666545473,Nationwide,1210.0
0.6887062880649216,0.6804172309913512,0.6968309319564641,Nationwide,1211.0
0.6883346171053611,0.6800392393599654,0.6964656184053543,Nationwide,1212.0
0.6879629461458012,0.6796612621929814,0.6961002910775238,Nationwide,1213.0
0.6878390558259476,0.6795352730124548,0.6959785122455207,Nationwide,1214.0
0.687715165506095,0.6794092854340834,0.6958567318874225,Nationwide,1215.0
0.6874673848663884,0.6791573150788278,0.695613166597564,Nationwide,1216.0
0.6872196042266812,0.6789053511172853,0.695369595217182,Nationwide,1218.0
0.6870957139068278,0.6787793715310636,0.6952478072459215,Nationwide,1220.0
0.6869718235869746,0.6786533935395628,0.6951260177554781,Nationwide,1221.0
0.6867240429472673,0.6784014423357992,0.6948824342216193,Nationwide,1222.0
0.6864762623075609,0.6781494974961714,0.6946388446247432,Nationwide,1223.0
0.6862284816678544,0.6778975590108874,0.6943952489739527,Nationwide,1225.0
0.6859807010281476,0.6776456268701907,0.6941516472783189,Nationwide,1226.0
0.685609030068587,0.6772677405339883,0.6937862334205539,Nationwide,1227.0
0.6854851397487333,0.6771417815837034,0.6936644257886505,Nationwide,1228.0
0.6853612494288808,0.6770158242122996,0.6935426166522941,Nationwide,1229.0
0.6848656881494672,0.6765120104914375,0.6930553650846782,Nationwide,1230.0
0.6847417978296131,0.676386060996418,0.6929335484427978,Nationwide,1231.0
0.6844940171899072,0.6761341667202574,0.6926899106668409,Nationwide,1232.0
0.6843701268700537,0.6760082219367342,0.6925680895349757,Nationwide,1233.0
0.6842462365502004,0.6758822787213328,0.6924462669086587,Nationwide,1234.0
0.6841223462303465,0.6757563370728673,0.6923244427889904,Nationwide,1236.0
0.6838745655906404,0.6755044584720182,0.6920807900740015,Nationwide,1238.0
0.6837506752707866,0.6753785215172731,0.6919589614808729,Nationwide,1239.0
0.6831312236715197,0.674748860153338,0.6913497962026002,Nationwide,1240.0
0.6826356623921058,0.6742451590837804,0.6908624372700379,Nationwide,1241.0
0.6825117495835399,0.6741192141847252,0.6907405723501402,Nationwide,1242.0
0.6825117495835399,0.6741192141847252,0.6907405723501402,Nationwide,1243.0
0.6823877917648725,0.6739932237756638,0.6906186629475637,Nationwide,1246.0
0.6821398761275372,0.6737412476147886,0.6903748397027221,Nationwide,1247.0
0.6818919604902027,0.6734892776558744,0.6901310105454576,Nationwide,1249.0
0.6817679801337495,0.6733632714360734,0.690009072217574,Nationwide,1250.0
0.6815200194208448,0.6731112636398286,0.68976519113499,Nationwide,1251.0
0.6812720587079396,0.6728592620270767,0.6895213041570878,Nationwide,1252.0
0.6812720587079396,0.6728592620270767,0.6895213041570878,Nationwide,1253.0
0.6809000499390784,0.6724812004116986,0.6891553979597095,Nationwide,1254.0
0.6807760470161242,0.6723551829573492,0.6890334262866589,Nationwide,1255.0
0.680652021502003,0.672229143427687,0.6889114315559975,Nationwide,1257.0
0.6805279959878802,0.6721031054381769,0.6887894353567919,Nationwide,1258.0
0.6802799449596367,0.6718510340750865,0.6885454385569678,Nationwide,1259.0
0.6801559194455141,0.6717250006992428,0.6884234379584493,Nationwide,1260.0
0.6796598173890261,0.6712208825409237,0.6879354209314448,Nationwide,1261.0
0.6795357918749036,0.671094856831991,0.6878134130216789,Nationwide,1262.0
0.679163715332538,0.6707167888808478,0.6874473805417847,Nationwide,1263.0
0.6786676132760497,0.6702127196476221,0.6869593168558145,Nationwide,1264.0
0.6785435877619271,0.6700867061476902,0.6868372973020048,Nationwide,1265.0
0.6782955367336824,0.6698346837101471,0.6865932538427888,Nationwide,1266.0
0.6779234601913162,0.6694566614431415,0.6862271777902983,Nationwide,1267.0
0.6777994346771948,0.6693306570535705,0.6861051495465657,Nationwide,1268.0
0.6774272900388288,0.6689525818187487,0.6857389910431694,Nationwide,1269.0
0.6773032418260408,0.6688265597667394,0.6856169353218111,Nationwide,1270.0
0.6770551454004635,0.6685745201955958,0.6853728195548104,Nationwide,1271.0
0.6768070489748857,0.6683224866610673,0.685128698028807,Nationwide,1272.0
0.6765589525493083,0.6680704591545166,0.6848845707518277,Nationwide,1273.0
0.6763108561237312,0.6678184376673344,0.6846404377318712,Nationwide,1274.0
0.6759387114853652,0.667440416704115,0.6842742274512837,Nationwide,1275.0
0.6754425186342109,0.6669364097411038,0.6837859270509241,Nationwide,1276.0
0.6751944222086337,0.6666844152353123,0.6835417682858319,Nationwide,1277.0
0.6751944222086337,0.6666844152353123,0.6835417682858319,Nationwide,1279.0
0.6748220723434452,0.6663062203220373,0.68317532316065,Nationwide,1280.0
0.674697955721715,0.6661801583389134,0.6830531719341847,Nationwide,1281.0
0.6744496768051664,0.6659279911461375,0.6828088215237701,Nationwide,1282.0
0.6743255144935305,0.6658018859185443,0.6826866223240707,Nationwide,1283.0
0.6740771898702596,0.6655496799361716,0.6824422196559669,Nationwide,1284.0
0.673953027558623,0.6654235791792962,0.6823200161895068,Nationwide,1285.0
0.6738288652469876,0.66529747991057,0.6821978113027375,Nationwide,1286.0
0.6737047029353523,0.6651713821289489,0.6820756049966268,Nationwide,1287.0
0.6732080536888093,0.6646670058527164,0.6815867655980851,Nationwide,1288.0
0.672959683257638,0.6644147787766362,0.6813422935838954,Nationwide,1289.0
0.6728354751211927,0.6642886435261428,0.6812200335276626,Nationwide,1290.0
0.672338642575414,0.6637841173240819,0.6807309791750981,Nationwide,1291.0
0.6722144344389698,0.6636579894684076,0.6806087120598202,Nationwide,1292.0
0.6720902263025242,0.6635318630886191,0.6804864435355893,Nationwide,1293.0
0.6719660181660796,0.6634057381836972,0.6803641736033563,Nationwide,1294.0
0.6717175559667199,0.6631534448445365,0.6801195855742126,Nationwide,1295.0
0.6714690478069105,0.662901109412907,0.6798749479421772,Nationwide,1296.0
0.6712205396470998,0.662648779869158,0.6796303046887636,Nationwide,1297.0
0.6709720314872905,0.6623964562051871,0.6793856558215025,Nationwide,1298.0
0.6708477313703054,0.6622702485147767,0.679263285230548,Nationwide,1299.0
0.6707234312533189,0.6621440422934699,0.6791409132368789,Nationwide,1302.0
0.6704747849396016,0.6618915861508489,0.6788961209479201,Nationwide,1303.0
0.670226138625884,0.6616391358769438,0.6786513230552013,Nationwide,1304.0
0.6698530307365024,0.6612603269663174,0.6782839832513303,Nationwide,1305.0
0.6693555535506599,0.6607552689151482,0.6777941772736051,Nationwide,1306.0
0.669231184254199,0.6606290080557676,0.6776717222902467,Nationwide,1307.0
0.6691067918407689,0.6605027245274516,0.6775492437872177,Nationwide,1308.0
0.6689823762974734,0.6603764183170182,0.6774267417519054,Nationwide,1309.0
0.6688579607541786,0.6602501135661653,0.6773042383226501,Nationwide,1310.0
0.6687335452108838,0.6601238102739021,0.6771817335003703,Nationwide,1311.0
0.6684847141242931,0.6598712080611924,0.6769367196804057,Nationwide,1313.0
0.6682358830377035,0.6596186116710047,0.676691700299338,Nationwide,1314.0
0.6681114443257787,0.6594922914775564,0.6765691663475839,Nationwide,1315.0
0.6679870056138528,0.6593659727378803,0.6764466310072615,Nationwide,1316.0
0.6678625669019279,0.6592396554509986,0.6763240942792832,Nationwide,1317.0
0.6677381281900028,0.6591133396159319,0.6762015561645558,Nationwide,1318.0
0.6676136894780773,0.6589870252317032,0.6760790166639864,Nationwide,1319.0
0.6674892275672876,0.6588606880883036,0.6759564535697131,Nationwide,1321.0
0.6671157721993832,0.6584816126901223,0.6755886893130307,Nationwide,1322.0
0.6668668019541134,0.6582289030003621,0.6753435062235316,Nationwide,1323.0
0.6667422935892972,0.6581025260730747,0.6752208903538436,Nationwide,1324.0
0.6664932303492562,0.657849728026366,0.6749756099397343,Nationwide,1325.0
0.6663686754566482,0.6577233068885538,0.67485294537889,Nationwide,1326.0
0.6663686754566482,0.6577233068885538,0.67485294537889,Nationwide,1327.0
0.6663686754566482,0.6577233068885538,0.67485294537889,Nationwide,1328.0
0.6661194725114504,0.6574703717458313,0.6746075229182776,Nationwide,1329.0
0.6659948477270708,0.6573438820201886,0.6744847872956066,Nationwide,1330.0
0.6658702229426909,0.6572173937405245,0.6743620502914809,Nationwide,1332.0
0.665745598158311,0.6570909069058766,0.6742393119067952,Nationwide,1333.0
0.6656209733739308,0.6569644215152832,0.6741165721424416,Nationwide,1334.0
0.665496348589551,0.6568379375677853,0.6739938309993122,Nationwide,1335.0
0.665247099020791,0.656584973998243,0.6737483445802817,Nationwide,1336.0
0.6647485064788982,0.6560789666932595,0.6732572657894663,Nationwide,1337.0
0.664499210207952,0.6558259716695868,0.6730117181489319,Nationwide,1338.0
0.6643745386863368,0.6556994519154566,0.6728889198747044,Nationwide,1339.0
0.6642498671647223,0.6555729335970719,0.672766120228495,Nationwide,1340.0
0.6641251956431072,0.6554464167134858,0.6726433192111798,Nationwide,1341.0
0.6641251956431072,0.6554464167134858,0.6726433192111798,Nationwide,1342.0
0.663875758949908,0.6551932895579616,0.6723976233774513,Nationwide,1343.0
0.6635015336066442,0.6548135362457985,0.6720290020171618,Nationwide,1344.0
0.6635015336066442,0.6548135362457985,0.6720290020171618,Nationwide,1345.0
0.6632519092523909,0.6545602276776058,0.6717831127532298,Nationwide,1346.0
0.6630022848981374,0.6543069248445135,0.6715372180083001,Nationwide,1347.0
0.6627526135424989,0.6540535787152911,0.6712912727713599,Nationwide,1348.0
0.6627526135424989,0.6540535787152911,0.6712912727713599,Nationwide,1349.0
0.6625028951500554,0.6538001892510154,0.671045277010261,Nationwide,1350.0
0.6621282469529861,0.6534200421383795,0.6706762054840741,Nationwide,1351.0
0.6620033642206296,0.6532933292926473,0.6705531789098385,Nationwide,1352.0
0.6617535987559171,0.6530399078833281,0.6703071216682845,Nationwide,1353.0
0.6612539735397942,0.6525329838417431,0.6698149005121925,Nationwide,1354.0
0.6610041609317324,0.6522795303640061,0.6695687817675953,Nationwide,1355.0
0.6607543483236696,0.6520260825718286,0.6693226575877375,Nationwide,1356.0
0.6602545341418807,0.6515190069780837,0.6688302119022838,Nationwide,1357.0
0.6602545341418807,0.6515190069780837,0.6688302119022838,Nationwide,1358.0
0.6595043869718646,0.6507579920608538,0.6680910946325136,Nationwide,1359.0
0.6593793387377028,0.6506311364851207,0.6679678809641327,Nationwide,1361.0
0.6591292422693771,0.6503774295808232,0.6677214495664147,Nationwide,1362.0
0.6590041465695726,0.650250528761944,0.6675981863580343,Nationwide,1363.0
0.6588790033590585,0.6501235798228553,0.6674748762724979,Nationwide,1365.0
0.658503573727515,0.649742741502393,0.6671049378913027,Nationwide,1366.0
0.6583784067300387,0.6496157734253102,0.6669815995988482,Nationwide,1367.0
0.6582532159320303,0.6494887819489277,0.6668582371475993,Nationwide,1369.0
0.6578775006261329,0.6491076670148613,0.6664880047329237,Nationwide,1370.0
0.6575017853202347,0.6487265648055677,0.6661177601497501,Nationwide,1371.0
0.6575017853202347,0.6487265648055677,0.6661177601497501,Nationwide,1372.0
0.6573764513924188,0.6485994340095518,0.6659942510779117,Nationwide,1373.0
0.6571256879167775,0.6483450769785213,0.6657471372432414,Nationwide,1374.0
0.6571256879167775,0.6483450769785213,0.6657471372432414,Nationwide,1376.0
0.6568748287116172,0.6480906258126252,0.6654999262563132,Nationwide,1377.0
0.656749375153804,0.6479633773805568,0.6653762957753913,Nationwide,1378.0
0.6563729425734712,0.6475815656170825,0.6650053273002828,Nationwide,1379.0
0.6562473930435228,0.6474542227998484,0.6648815994320247,Nationwide,1380.0
0.6559962939836244,0.6471995414135394,0.6646341396326007,Nationwide,1381.0
0.6558706963780365,0.6470721527282006,0.6645103616287841,Nationwide,1382.0
0.6557450987724487,0.6469447654587163,0.664386582270817,Nationwide,1383.0
0.6553681615629601,0.646562461628629,0.6640150976905957,Nationwide,1384.0
0.6553681615629601,0.646562461628629,0.6640150976905957,Nationwide,1385.0
0.655116628973606,0.6463073481525604,0.6637672034480147,Nationwide,1386.0
0.6548649514365446,0.646052089260308,0.6635191648608786,Nationwide,1387.0
0.6548649514365446,0.646052089260308,0.6635191648608786,Nationwide,1388.0
0.6548649514365446,0.646052089260308,0.6635191648608786,Nationwide,1389.0
0.6546127893451177,0.6457963309455348,0.6632706564590859,Nationwide,1390.0
0.6544867082994046,0.6456684539319448,0.6631464002078817,Nationwide,1391.0
0.653981995202586,0.6451565547517465,0.6626489888224095,Nationwide,1392.0
0.653981995202586,0.6451565547517465,0.6626489888224095,Nationwide,1393.0
0.6537292973682727,0.6449002579757735,0.6623999478537391,Nationwide,1394.0
0.6536029240264271,0.6447720862789564,0.6622754019038165,Nationwide,1395.0
0.6534764773396353,0.6446438395584587,0.6621507842935382,Nationwide,1396.0
0.6533499572084944,0.6445155177119799,0.662026094926441,Nationwide,1397.0
0.6530966225992628,0.6442585714877397,0.6617764299906163,Nationwide,1398.0
0.6528431405023873,0.6440014772882083,0.661526618193113,Nationwide,1399.0
0.6525896091856874,0.6437443375636779,0.6612767536954315,Nationwide,1400.0
0.6522092383235233,0.6433585617951337,0.6609018757723001,Nationwide,1401.0
0.6519555591176409,0.6431012823565307,0.6606518557266338,Nationwide,1402.0
0.6519555591176409,0.6431012823565307,0.6606518557266338,Nationwide,1403.0
0.6518285465403733,0.6429724644862603,0.6605266778678689,Nationwide,1404.0
0.6511928643221754,0.6423277512905535,0.659900174230107,Nationwide,1405.0
0.6510656285143751,0.6421987094292649,0.6597747741105159,Nationwide,1406.0
0.6509383180668754,0.6420695912132963,0.6596493010726068,Nationwide,1407.0
0.6509383180668754,0.6420695912132963,0.6596493010726068,Nationwide,1408.0
0.6508109079439414,0.6419403705435889,0.6595237311249307,Nationwide,1409.0
0.6505558879956883,0.6416817253984958,0.6592723956692124,Nationwide,1410.0
0.6503007680396106,0.6414229818553646,0.6590209587752234,Nationwide,1411.0
0.6500456480835344,0.6411642441753442,0.6587695162737492,Nationwide,1412.0
0.6499180380230543,0.6410348253214132,0.6586437449296527,Nationwide,1413.0
0.6496627176388374,0.6407758874873307,0.6583921019565225,Nationwide,1414.0
0.6492794357995223,0.6403871776777162,0.658014338280008,Nationwide,1415.0
0.6491515241691442,0.6402574532433369,0.6578882695312371,Nationwide,1416.0
0.6488956000515917,0.6399979036519683,0.6576360311589704,Nationwide,1417.0
0.6487676127537518,0.6398681047562976,0.6575098856719647,Nationwide,1418.0
0.6486394231444348,0.6397380964184864,0.6573835449151517,Nationwide,1419.0
0.6482545500689934,0.6393477631095152,0.6570042226030932,Nationwide,1420.0
0.6481261828313557,0.6392175755205721,0.656877705965295,Nationwide,1421.0
0.6478692448005003,0.6389569925834789,0.6566244733785088,Nationwide,1422.0
0.647740597214162,0.6388265171696064,0.6564976838510208,Nationwide,1423.0
0.6476118217475185,0.6386959099167439,0.6563707703703792,Nationwide,1424.0
0.6470960018974603,0.6381727473195102,0.6558624141803636,Nationwide,1425.0
0.6467089827575703,0.6377802303708038,0.6554809841095673,Nationwide,1426.0
0.6464508670190923,0.6375184525711562,0.6552265915240706,Nationwide,1427.0
0.6464508670190923,0.6375184525711562,0.6552265915240706,Nationwide,1428.0
0.6464508670190923,0.6375184525711562,0.6552265915240706,Nationwide,1429.0
0.6461915085970192,0.6372553849856127,0.6549710026814498,Nationwide,1430.0
0.64580192368428,0.6368602243731863,0.654587084182058,Nationwide,1431.0
0.6456719051773975,0.6367283436461288,0.6544589581492672,Nationwide,1432.0
0.6454115536027288,0.6364642587553654,0.6542024003631874,Nationwide,1433.0
0.6454115536027288,0.6364642587553654,0.6542024003631874,Nationwide,1434.0
0.645280824100277,0.6363316410525963,0.6540735889763462,Nationwide,1435.0
0.645280824100277,0.6363316410525963,0.6540735889763462,Nationwide,1436.0
0.6451496694612324,0.6361985813794009,0.6539443690286841,Nationwide,1437.0
0.6451496694612324,0.6361985813794009,0.6539443690286841,Nationwide,1438.0
0.6448863430655335,0.6359314054933746,0.6536849508611955,Nationwide,1439.0
0.6447544914312935,0.6357976233280316,0.6535550590880503,Nationwide,1440.0
0.6444904101323253,0.63552966935232,0.6532949090480709,Nationwide,1441.0
0.6444904101323253,0.63552966935232,0.6532949090480709,Nationwide,1442.0
0.6443574432641312,0.635394727956278,0.6531639453786473,Nationwide,1443.0
0.6443574432641312,0.635394727956278,0.6531639453786473,Nationwide,1444.0
0.6440898529637719,0.6351231203870895,0.6529004285924949,Nationwide,1445.0
0.6438217614536939,0.6348509962331066,0.6526364258787006,Nationwide,1446.0
0.643552773878405,0.6345779430400863,0.6523715596627856,Nationwide,1447.0
0.6434176588723425,0.6344407700542918,0.652238530120529,Nationwide,1448.0
0.6428743465152625,0.6338891154166496,0.6517036684546579,Nationwide,1449.0
0.6428743465152625,0.6338891154166496,0.6517036684546579,Nationwide,1450.0
0.6427370682008241,0.6337496902145766,0.6515685631281157,Nationwide,1451.0
0.6423229334919318,0.6333290208240698,0.6511610399768946,Nationwide,1452.0
0.6420455320954769,0.6330472121844268,0.6508880963988961,Nationwide,1453.0
0.6420455320954769,0.6330472121844268,0.6508880963988961,Nationwide,1454.0
0.6420455320954769,0.6330472121844268,0.6508880963988961,Nationwide,1455.0
0.6417629416324064,0.6327599796790137,0.650610194371057,Nationwide,1456.0
0.6413356693676712,0.6323255993586262,0.6501900974473899,Nationwide,1457.0
0.6410480103995758,0.6320330776369427,0.6499073440281652,Nationwide,1458.0
0.6406119233176707,0.6315894900347802,0.649478818171079,Nationwide,1459.0
0.6401705278721143,0.6311403540290025,0.6490452199392431,Nationwide,1460.0
0.6398707523966416,0.6308351540755702,0.648750901879086,Nationwide,1461.0
0.639257996109932,0.6302109026506786,0.6481496946525659,Nationwide,1462.0
0.6391037350104843,0.630053718935152,0.6479983688720459,Nationwide,1463.0
0.6387939416343279,0.629738022367991,0.6476945031761501,Nationwide,1464.0
0.6386385929131136,0.6295797026962113,0.6475421373873483,Nationwide,1465.0
0.6386385929131136,0.6295797026962113,0.6475421373873483,Nationwide,1466.0
0.6384821788565582,0.6294202641588629,0.6473887587940607,Nationwide,1467.0
0.6384821788565582,0.6294202641588629,0.6473887587940607,Nationwide,1468.0
0.6383245289358527,0.6292595266747835,0.6472342062217156,Nationwide,1469.0
0.6376922114232864,0.628614798681237,0.6466143380212886,Nationwide,1470.0
0.6375338179281488,0.6284532937343017,0.6464590657372525,Nationwide,1471.0
0.6373748319386414,0.6282911675058847,0.6463032292508394,Nationwide,1472.0
0.6372154882306567,0.6281286674554429,0.6461470509144971,Nationwide,1473.0
0.6370558651123622,0.6279658761377239,0.6459906048773805,Nationwide,1474.0
0.6365761543705607,0.627476635161334,0.6455204510677777,Nationwide,1475.0
0.6365761543705607,0.627476635161334,0.6455204510677777,Nationwide,1476.0
0.636415686471803,0.6273129664795121,0.6453631925524299,Nationwide,1477.0
0.6360940207217538,0.6269848694923726,0.6450479749262946,Nationwide,1478.0
0.6356106666026639,0.6264918474843041,0.6445743143362842,Nationwide,1479.0
0.6354491801528156,0.6263271251117719,0.6444160722822114,Nationwide,1480.0
0.6354491801528156,0.6263271251117719,0.6444160722822114,Nationwide,1481.0
0.6351253018754693,0.6259967356943159,0.6440987215876205,Nationwide,1482.0
0.6348003464895011,0.6256652238938408,0.6437803385366576,Nationwide,1483.0
0.6344748078502761,0.6253331108516658,0.6434613902614109,Nationwide,1484.0
0.6343116618467144,0.6251666621701591,0.643301554753679,Nationwide,1485.0
0.6341481373141424,0.6249998175775724,0.6431413578466726,Nationwide,1486.0
0.63382041217858,0.6246654256747456,0.6428203143773646,Nationwide,1487.0
0.6336562525276659,0.624497921593395,0.6426595065378509,Nationwide,1488.0
0.6334917946370536,0.6243301063311434,0.6424984132405764,Nationwide,1489.0
0.6334917946370536,0.6243301063311434,0.6424984132405764,Nationwide,1490.0
0.633161248435834,0.6239927653961306,0.6421746748974224,Nationwide,1491.0
0.6329954560167624,0.6238235521083636,0.642012309589232,Nationwide,1492.0
0.6328294461935224,0.623654112991337,0.6418497352384325,Nationwide,1493.0
0.6321643600703558,0.6229752890151714,0.6411984123607369,Nationwide,1494.0
0.6319977818463582,0.6228052686359871,0.6410352827588452,Nationwide,1495.0
0.6318308957143678,0.6226349268391895,0.6408718585930372,Nationwide,1496.0
0.631497035267491,0.6222941616991444,0.6405449159133384,Nationwide,1497.0
0.631497035267491,0.6222941616991444,0.6405449159133384,Nationwide,1498.0
0.6311627329724839,0.6219529452787184,0.6402175410727468,Nationwide,1499.0
0.6308280761681507,0.6216113698802783,0.6398898165496856,Nationwide,1500.0
0.6308280761681507,0.6216113698802783,0.6398898165496856,Nationwide,1501.0
0.6303248897207958,0.6210977669709705,0.6393970671555544,Nationwide,1502.0
0.6296537958802626,0.6204128291634269,0.638739847232407,Nationwide,1503.0
0.6294859329648057,0.6202415099676422,0.6385754484637189,Nationwide,1504.0
0.629149579273667,0.6198982200510339,0.6382460465927381,Nationwide,1505.0
0.6289813124699026,0.619726485944603,0.6380812550765382,Nationwide,1506.0
0.6289813124699026,0.619726485944603,0.6380812550765382,Nationwide,1507.0
0.6286443281074761,0.6193825533396612,0.6377512349940267,Nationwide,1508.0
0.6283067103157963,0.6190379673240043,0.6374206015199594,Nationwide,1509.0
0.6279687292989518,0.6186930134115098,0.6370896098601896,Nationwide,1510.0
0.6279687292989518,0.6186930134115098,0.6370896098601896,Nationwide,1511.0
0.6276295617432943,0.618346821757391,0.6367574822970734,Nationwide,1512.0
0.6274598403907417,0.6181735865814717,0.6365912828549677,Nationwide,1513.0
0.6274598403907417,0.6181735865814717,0.6365912828549677,Nationwide,1514.0
0.6269483242165105,0.6176514196569141,0.6360904402000805,Nationwide,1515.0
0.6267775866554495,0.617477126801109,0.6359232656606314,Nationwide,1516.0
0.6267775866554495,0.617477126801109,0.6359232656606314,Nationwide,1517.0
0.6266064762031819,0.6173024439001576,0.6357557351583277,Nationwide,1518.0
0.6264352254581138,0.6171276168297355,0.6355880682825897,Nationwide,1519.0
0.6260926303115684,0.6167778760998243,0.6352526343127166,Nationwide,1520.0
0.625921004042294,0.6166026644827315,0.6350846011172971,Nationwide,1521.0
0.6257491893280362,0.6164272578130399,0.6349163860736282,Nationwide,1522.0
0.6255771857026031,0.6162516556036216,0.6347479887365143,Nationwide,1523.0
0.6248884136842126,0.6155484878290214,0.6340736444920503,Nationwide,1524.0
0.6247159355131717,0.6153724048928181,0.6339047792818482,Nationwide,1525.0
0.624370215570995,0.6150194443499121,0.6335663160821068,Nationwide,1526.0
0.624197211909157,0.6148428185101827,0.6333969428184114,Nationwide,1527.0
0.6240239681645248,0.6146659430663041,0.633227338927982,Nationwide,1528.0
0.6240239681645248,0.6146659430663041,0.633227338927982,Nationwide,1529.0
0.6240239681645248,0.6146659430663041,0.633227338927982,Nationwide,1530.0
0.6238500484409568,0.6144883570440502,0.6330570930918313,Nationwide,1531.0
0.6236755937294236,0.6143102094870706,0.6328863384101846,Nationwide,1532.0
0.6231512028154133,0.6137747069589772,0.6323730807749347,Nationwide,1533.0
0.6229760127106017,0.6135957990173481,0.6322016157081505,Nationwide,1534.0
0.6228006253196358,0.6134166867795675,0.6320299603554129,Nationwide,1535.0
0.6228006253196358,0.6134166867795675,0.6320299603554129,Nationwide,1536.0
0.6224489592409683,0.6130575326195499,0.6316857963668352,Nationwide,1537.0
0.6220968953499946,0.612697975449453,0.6313412401882856,Nationwide,1538.0
0.6220968953499946,0.612697975449453,0.6313412401882856,Nationwide,1539.0
0.6220968953499946,0.612697975449453,0.6313412401882856,Nationwide,1540.0
0.6215666991323664,0.6121564508614321,0.6308223932230091,Nationwide,1541.0
0.6215666991323664,0.6121564508614321,0.6308223932230091,Nationwide,1542.0
0.6212123281522458,0.6117944974849113,0.6304756186313469,Nationwide,1543.0
0.6210350415289145,0.6116134206258783,0.6303021294618973,Nationwide,1544.0
0.6206803670334671,0.6112511734903789,0.629955042605104,Nationwide,1545.0
0.6205029791034774,0.611070003149819,0.6297814448659023,Nationwide,1546.0
0.6205029791034774,0.611070003149819,0.6297814448659023,Nationwide,1547.0
0.6205029791034774,0.611070003149819,0.6297814448659023,Nationwide,1548.0
0.6205029791034774,0.611070003149819,0.6297814448659023,Nationwide,1549.0
0.6205029791034774,0.611070003149819,0.6297814448659023,Nationwide,1550.0
0.6203248783632068,0.6108880829300533,0.6296071707845482,Nationwide,1551.0
0.6201467264739582,0.6107061132095172,0.6294328440762618,Nationwide,1554.0
0.619968574584709,0.6105241481310051,0.6292585129556603,Nationwide,1555.0
0.619968574584709,0.6105241481310051,0.6292585129556603,Nationwide,1556.0
0.6197903202504408,0.6103420792520552,0.6290840808560787,Nationwide,1557.0
0.6196120659161721,0.6101600150144304,0.6289096443448139,Nationwide,1558.0
0.6192554546552137,0.6097957918582062,0.6285606613878073,Nationwide,1560.0
0.6188988433942546,0.6094315872206297,0.6282116608281337,Nationwide,1562.0
0.618720537763775,0.6092494918322381,0.6280371539606282,Nationwide,1563.0
0.6185422321332951,0.6090674010566235,0.627862642708423,Nationwide,1565.0
0.6181856208723369,0.6087032333213616,0.6275136070710662,Nationwide,1566.0
0.6180073152418568,0.6085211563505674,0.6273390826964504,Nationwide,1567.0
0.6178290096113775,0.6083390839702615,0.6271645539582115,Nationwide,1569.0
0.6176507039808979,0.6081570161749089,0.6269900208615801,Nationwide,1570.0
0.6172939897423874,0.6077927853713515,0.6266408444883407,Nationwide,1571.0
0.616758918384621,0.6072464734552403,0.6261170473329815,Nationwide,1573.0
0.6165805612653661,0.607064378605107,0.6259424396097526,Nationwide,1574.0
0.6164022041461112,0.6068822883068483,0.6257678275593811,Nationwide,1575.0
0.6162238470268553,0.6067002025550393,0.6255932111869914,Nationwide,1576.0
0.6160454382697547,0.6065180667267144,0.6254185417820699,Nationwide,1577.0
0.6156885173901081,0.6061536993645595,0.6250690925042232,Nationwide,1580.0
0.6153315965104623,0.6057893501439789,0.6247196259799566,Nationwide,1581.0
0.6149746756308154,0.6054250190220636,0.6243701422498084,Nationwide,1582.0
0.6147962151909918,0.6052428602347609,0.6241953939451359,Nationwide,1583.0
0.6146177547511694,0.6050607059561418,0.6240206413540951,Nationwide,1584.0
0.614260833871522,0.60469641090377,0.6236711233329059,Nationwide,1585.0
0.6140823734316991,0.6045142701194671,0.6234963579127273,Nationwide,1587.0
0.6133685316724069,0.6037857518056883,0.6227972536170903,Nationwide,1589.0
0.6130116107927599,0.6034215194698369,0.6224476759692749,Nationwide,1590.0
0.612833150352937,0.6032394099890149,0.6222728807875133,Nationwide,1591.0
0.612833150352937,0.6032394099890149,0.6222728807875133,Nationwide,1592.0
0.6124760214774402,0.6028749845342577,0.6219230813600107,Nationwide,1593.0
0.6122974570396917,0.6026927784863699,0.6217481752955282,Nationwide,1594.0
0.612118892601943,0.6025105768846253,0.6215732650036918,Nationwide,1595.0
0.6119403281641942,0.6023283797239032,0.6213983504893362,Nationwide,1596.0
0.6117617637264466,0.6021461869990979,0.6212234317572833,Nationwide,1597.0
0.6114046348509486,0.6017818148368721,0.6208735816592965,Nationwide,1598.0
0.611226070413201,0.6015996353893089,0.6206986503029412,Nationwide,1599.0
0.6110474537941444,0.6014174052183302,0.6205236654695176,Nationwide,1602.0
0.6108688371750868,0.6012351794630978,0.6203486764374078,Nationwide,1603.0
0.6105116039369732,0.6008707411797486,0.6199986857961288,Nationwide,1604.0
0.6099757540798018,0.6003241167473846,0.6194736684624461,Nationwide,1605.0
0.609618416203949,0.5999596118585641,0.6191235372007219,Nationwide,1606.0
0.609439747266023,0.5997773659880842,0.6189484653186846,Nationwide,1609.0
0.6090824093901709,0.5994128873702913,0.6185983090755528,Nationwide,1610.0
0.608546402576392,0.5988662021778358,0.6180730435827166,Nationwide,1612.0
0.6083677336384663,0.5986839824899225,0.6178979468027156,Nationwide,1613.0
0.60818906470054,0.598501767148683,0.6177228458891691,Nationwide,1614.0
0.6076530578867617,0.5979551471565997,0.6171975183929151,Nationwide,1615.0
0.6072957200109094,0.5975907554733859,0.6168472794778384,Nationwide,1616.0
0.6071170510729839,0.5974085661108426,0.6166721538585961,Nationwide,1617.0
0.6069383821350576,0.5972263810613081,0.6164970241375518,Nationwide,1618.0
0.6067597131971311,0.597044200320024,0.6163218903191922,Nationwide,1619.0
0.6065810442592048,0.5968620238822447,0.616146752407992,Nationwide,1620.0
0.6060450374454263,0.5963155203426596,0.6156213141619107,Nationwide,1621.0
0.6056876995695749,0.5959512060806721,0.6152710016151454,Nationwide,1624.0
0.6053303616937226,0.5955869089198466,0.6149206728033871,Nationwide,1626.0
0.6049729183151021,0.5952225174729378,0.6145702280028789,Nationwide,1627.0
0.6047941966257918,0.5950403281444276,0.6143949995201656,Nationwide,1628.0
0.6044367532471713,0.5946759622541933,0.6140445304115896,Nationwide,1629.0
0.6042580315578611,0.5944937856832638,0.6138692897943996,Nationwide,1630.0
0.6039005881792412,0.5941294452668577,0.6135187964558123,Nationwide,1631.0
0.6035431448006202,0.593765121787295,0.6131682870069417,Nationwide,1636.0
0.6031854896037014,0.5934005917217677,0.6128175611287964,Nationwide,1638.0
0.6028277283405913,0.5930359666560834,0.6124667188415189,Nationwide,1639.0
0.6019330597025075,0.5921241977572417,0.6115892917443262,Nationwide,1640.0
0.6015751922472747,0.5917595196615008,0.6112382928770879,Nationwide,1641.0
0.6013962585196576,0.591577186909449,0.6110627874541991,Nationwide,1642.0
0.6013962585196576,0.591577186909449,0.6110627874541991,Nationwide,1643.0
0.6012172182521609,0.5913947459725551,0.6108871772404483,Nationwide,1644.0
0.6010381246512521,0.5912122529777414,0.6107115125720968,Nationwide,1645.0
0.6006799374494335,0.5908472795760129,0.6103601712600961,Nationwide,1647.0
0.600500843848524,0.5906647991602564,0.6101844946247713,Nationwide,1648.0
0.5999635630457959,0.590117383000606,0.609657440851216,Nationwide,1649.0
0.5997843624594629,0.5899348064733299,0.6094816470702861,Nationwide,1651.0
0.599605161873129,0.5897522341227243,0.6093058493156894,Nationwide,1653.0
0.5994259077141233,0.5895696094512468,0.609129996890081,Nationwide,1654.0
0.5992465999343706,0.5893869324096229,0.6089540897466241,Nationwide,1656.0
0.5988879843748651,0.5890215908427926,0.6086022635513154,Nationwide,1657.0
0.5983500610356058,0.5884736097185105,0.6080744945486078,Nationwide,1658.0
0.5981707532558526,0.5882909576533967,0.6078985636413644,Nationwide,1659.0
0.5979913917106482,0.5881082530525792,0.6077225778915227,Nationwide,1660.0
0.5976326686202401,0.58774285629172,0.6073705945545237,Nationwide,1663.0
0.5974533070750362,0.5875601641231261,0.607194596975412,Nationwide,1665.0
0.5974533070750362,0.5875601641231261,0.607194596975412,Nationwide,1667.0
0.5970943684706063,0.587194565011814,0.6068423859716469,Nationwide,1668.0
0.5969148991683901,0.587011771663766,0.6066662745630248,Nationwide,1669.0
0.59655596056396,0.5866461973616678,0.6063140399522697,Nationwide,1670.0
0.5963764912617449,0.5864634163991598,0.6061379167580901,Nationwide,1671.0
0.5960174446083666,0.586097752953644,0.6057855562951463,Nationwide,1672.0
0.5956583979549885,0.5857321059746925,0.6054331801626497,Nationwide,1673.0
0.5952993513016094,0.5853664754288349,0.605080788392074,Nationwide,1674.0
0.5951198279749199,0.5851836663079039,0.6049045866522988,Nationwide,1675.0
0.5951198279749199,0.5851836663079039,0.6049045866522988,Nationwide,1676.0
0.5945809328695996,0.5846349209269256,0.6043756501058145,Nationwide,1677.0
0.5945809328695996,0.5846349209269256,0.6043756501058145,Nationwide,1678.0
0.5944011382119426,0.5844518422829368,0.6041991757834612,Nationwide,1679.0
0.594221234719748,0.5842686530603683,0.6040225944745962,Nationwide,1680.0
0.5938614277353578,0.583902286940683,0.6036694201269573,Nationwide,1681.0
0.5938614277353578,0.583902286940683,0.6036694201269573,Nationwide,1684.0
0.5938614277353578,0.583902286940683,0.6036694201269573,Nationwide,1685.0
0.5936812513313111,0.5837188224669618,0.6034925686051108,Nationwide,1686.0
0.5935010749272652,0.5835353621156648,0.6033157131600074,Nationwide,1687.0
0.5933208985232192,0.5833519058826352,0.6031388537955534,Nationwide,1688.0
0.5933208985232192,0.5833519058826352,0.6031388537955534,Nationwide,1690.0
0.5931406673875798,0.5831683960950441,0.6029619386741532,Nationwide,1691.0
0.5929603814704404,0.5829848327019116,0.6027849677470251,Nationwide,1692.0
0.5927800407218171,0.5828012156521816,0.6026079409653075,Nationwide,1694.0
0.5924192494614873,0.582433878254907,0.6022537716759158,Nationwide,1695.0
0.5922387988829121,0.5822501578363183,0.6020766291054523,Nationwide,1697.0
0.5918778977257624,0.5818827293382497,0.6017223322206707,Nationwide,1700.0
0.5916974471471875,0.5816990212505495,0.6015451779140787,Nationwide,1701.0
0.5916974471471875,0.5816990212505495,0.6015451779140787,Nationwide,1702.0
0.5913363257268958,0.581331385347143,0.6011906489104019,Nationwide,1703.0
0.5911557650167497,0.5811475735534064,0.6010133785474127,Nationwide,1704.0
0.5906139173861208,0.5805959884328403,0.6004813872438083,Nationwide,1705.0
0.5904332462581344,0.5804120767199865,0.6003039966615309,Nationwide,1706.0
0.5902525198283026,0.5802281108512747,0.6001265497825502,Nationwide,1708.0
0.5902525198283026,0.5802281108512747,0.6001265497825502,Nationwide,1709.0
0.5900716272387148,0.5800439740594348,0.5999489415663154,Nationwide,1710.0
0.5898907346491253,0.5798598413732585,0.5997713294420797,Nationwide,1711.0
0.5897097310484355,0.5796755958612393,0.5995936082269976,Nationwide,1712.0
0.5889854943508014,0.5789384207376506,0.5988824736448392,Nationwide,1715.0
0.5886233760019849,0.5785698577710067,0.5985268829415509,Nationwide,1717.0
0.5884422053722516,0.5783854650466816,0.5983489761242575,Nationwide,1718.0
0.5884422053722516,0.5783854650466816,0.5983489761242575,Nationwide,1719.0
0.588260867250411,0.5782009000244647,0.5981709066809328,Nationwide,1721.0
0.5878980791731675,0.5778316645208876,0.5978146500873152,Nationwide,1722.0
0.587535291095924,0.577462445428169,0.5974583778713518,Nationwide,1723.0
0.5873538970573023,0.5772778420258484,0.5972802359144163,Nationwide,1724.0
0.58717250301868,0.5770932427142215,0.5971020900631847,Nationwide,1725.0
0.5866281527377603,0.5765392922271905,0.5965674697733563,Nationwide,1726.0
0.5864466465023833,0.5763545911191684,0.5963892020192589,Nationwide,1727.0
0.5859017905285502,0.5758001571924811,0.5958540557307256,Nationwide,1728.0
0.5857199463974114,0.5756151166590382,0.5956754521255886,Nationwide,1729.0
0.5855381022662723,0.5754300802211839,0.5954968446212245,Nationwide,1730.0
0.585356201644258,0.5752449883996048,0.5953181796703734,Nationwide,1731.0
0.585356201644258,0.5752449883996048,0.5953181796703734,Nationwide,1733.0
0.5846283729819707,0.5745044239114565,0.5946032665028397,Nationwide,1734.0
0.5846283729819707,0.5745044239114565,0.5946032665028397,Nationwide,1735.0
0.584446302482754,0.5743191736963601,0.5944244210374952,Nationwide,1736.0
0.5842641752460812,0.5741338678412644,0.5942455178887615,Nationwide,1737.0
0.5842641752460812,0.5741338678412644,0.5942455178887615,Nationwide,1740.0
0.5838994660230812,0.5737627896850854,0.5938872687718717,Nationwide,1741.0
0.5838994660230812,0.5737627896850854,0.5938872687718717,Nationwide,1742.0
0.5831691352338091,0.5730197222156901,0.5931698586602719,Nationwide,1743.0
0.5829865525364906,0.5728339656254255,0.5929904963471162,Nationwide,1744.0
0.5828038554031351,0.5726480926768714,0.5928110216284026,Nationwide,1745.0
0.5826210436542628,0.5724621031863087,0.5926314343291422,Nationwide,1746.0
0.5822554201565201,0.5720901365484006,0.5922722479777283,Nationwide,1747.0
0.5820725509918975,0.5719040989577856,0.5920925944930364,Nationwide,1748.0
0.5818896818272764,0.571718065476263,0.5919129370956591,Nationwide,1749.0
0.5818896818272764,0.571718065476263,0.5919129370956591,Nationwide,1750.0
0.5813407292972512,0.5711596265075403,0.5913736142707471,Nationwide,1751.0
0.5811576875059106,0.5709734277585713,0.5911937775413073,Nationwide,1752.0
0.5807916039232291,0.570601042571902,0.5908340923589841,Nationwide,1753.0
0.580608388906218,0.5704146738180831,0.5906540796404638,Nationwide,1754.0
0.5802418432061514,0.5700418269066279,0.590293932776881,Nationwide,1755.0
0.5802418432061514,0.5700418269066279,0.590293932776881,Nationwide,1756.0
0.5800584545072867,0.5698552876920242,0.5901137436138508,Nationwide,1757.0
0.5800584545072867,0.5698552876920242,0.5901137436138508,Nationwide,1758.0
0.5800584545072867,0.5698552876920242,0.5901137436138508,Nationwide,1759.0
0.5798746007974589,0.5696682631724616,0.5899331095825405,Nationwide,1761.0
0.5793225145383695,0.569106661812295,0.589390685828298,Nationwide,1762.0
0.5793225145383695,0.569106661812295,0.589390685828298,Nationwide,1763.0
0.5789538715128922,0.5687316654168939,0.5890284949988336,Nationwide,1764.0
0.5789538715128922,0.5687316654168939,0.5890284949988336,Nationwide,1765.0
0.5787693149711287,0.5685439260907923,0.5888471707785085,Nationwide,1766.0
0.578584640652376,0.5683560669800243,0.5886657309013368,Nationwide,1767.0
0.5780306176961181,0.5677925148170823,0.5881213873018692,Nationwide,1768.0
0.5778458843571286,0.5676046103522214,0.5879398754949663,Nationwide,1769.0
0.5778458843571286,0.5676046103522214,0.5879398754949663,Nationwide,1770.0
0.5774754703286944,0.5672278168470326,0.5875759416582168,Nationwide,1771.0
0.5772901444396288,0.5670393012973446,0.5873938560020213,Nationwide,1772.0
0.57710458026591,0.5668505391408625,0.5872115404096401,Nationwide,1773.0
0.57710458026591,0.5668505391408625,0.5872115404096401,Nationwide,1774.0
0.5769185974814227,0.566661340532893,0.587028823941016,Nationwide,1775.0
0.5765461516470257,0.5662824505287146,0.586662923520378,Nationwide,1776.0
0.5765461516470257,0.5662824505287146,0.586662923520378,Nationwide,1777.0
0.5763597481062405,0.5660928217989439,0.586479795965179,Nationwide,1778.0
0.5759869410246716,0.5657135772582141,0.5861135285529734,Nationwide,1779.0
0.5758004771395877,0.5655238979080549,0.5859303315018607,Nationwide,1780.0
0.5754269445562988,0.5651439153615676,0.5855633517937063,Nationwide,1781.0
0.5752399354745447,0.5649536749433334,0.5853796256364011,Nationwide,1782.0
0.5752399354745447,0.5649536749433334,0.5853796256364011,Nationwide,1783.0
0.5750524387550286,0.5647629253911439,0.5851954331873109,Nationwide,1784.0
0.5750524387550286,0.5647629253911439,0.5851954331873109,Nationwide,1785.0
0.5746768329818377,0.5643807946051818,0.5848264554814473,Nationwide,1786.0
0.5744885378203104,0.5641892173621261,0.5846414938824211,Nationwide,1787.0
0.5743000573288993,0.5639974493590236,0.5844563524596155,Nationwide,1788.0
0.5741112670404944,0.5638053594933868,0.5842709132901137,Nationwide,1789.0
0.5737333136059715,0.5634208004538568,0.5838996689127174,Nationwide,1790.0
0.5731660097362222,0.5628436019262584,0.5833424162163297,Nationwide,1791.0
0.5731660097362222,0.5628436019262584,0.5833424162163297,Nationwide,1792.0
0.5731660097362222,0.5628436019262584,0.5833424162163297,Nationwide,1793.0
0.5731660097362222,0.5628436019262584,0.5833424162163297,Nationwide,1794.0
0.5727852950170349,0.5624561788635509,0.5829685134155178,Nationwide,1795.0
0.5725944937861827,0.5622620064919417,0.5827811351148153,Nationwide,1796.0
0.5724034378990335,0.5620675703827953,0.5825935112724129,Nationwide,1797.0
0.5720211985415053,0.5616785776819754,0.5822181294791126,Nationwide,1798.0
0.5720211985415053,0.5616785776819754,0.5822181294791126,Nationwide,1799.0
0.5718293738605724,0.5614833452655121,0.5820297644564476,Nationwide,1800.0
0.5718293738605724,0.5614833452655121,0.5820297644564476,Nationwide,1801.0
0.5716369682839032,0.5612875052021336,0.5818408450824503,Nationwide,1802.0
0.5716369682839032,0.5612875052021336,0.5818408450824503,Nationwide,1803.0
0.5714429299375745,0.5610899480608839,0.581650376243096,Nationwide,1804.0
0.5710535310074639,0.5606934537376326,0.581268173833979,Nationwide,1805.0
0.5702734032328635,0.5598991219796139,0.5805024541713724,Nationwide,1806.0
0.570077769132269,0.5596999162325138,0.5803104428937578,Nationwide,1807.0
0.5698818661188217,0.5595004317851183,0.5801181725291101,Nationwide,1808.0
0.5696852873447209,0.5593002392563377,0.5799252584516564,Nationwide,1809.0
0.569488164407923,0.5590994774894922,0.579731825115949,Nationwide,1810.0
0.5690924116876949,0.5586963787825486,0.5793435195135799,Nationwide,1811.0
0.568893358728028,0.5584935948129963,0.5791482475933951,Nationwide,1812.0
0.5686935366842178,0.5582900038084896,0.5789522441946521,Nationwide,1813.0
0.5686935366842178,0.5582900038084896,0.5789522441946521,Nationwide,1814.0
0.5686935366842178,0.5582900038084896,0.5789522441946521,Nationwide,1815.0
0.5684897769075483,0.5580822553186336,0.5787525198922892,Nationwide,1816.0
0.5684897769075483,0.5580822553186336,0.5787525198922892,Nationwide,1817.0
0.5684897769075483,0.5580822553186336,0.5787525198922892,Nationwide,1818.0
0.5684897769075483,0.5580822553186336,0.5787525198922892,Nationwide,1819.0
0.5684897769075483,0.5580822553186336,0.5787525198922892,Nationwide,1820.0
0.5684897769075483,0.5580822553186336,0.5787525198922892,Nationwide,1821.0
0.5684897769075483,0.5580822553186336,0.5787525198922892,Nationwide,1822.0
0.5682710428648752,0.5578586294433558,0.5785387111777834,Nationwide,1823.0
0.5680492352759353,0.5576317410179163,0.5783220152444667,Nationwide,1824.0
0.5678241761494393,0.5574013974173366,0.5781022684830665,Nationwide,1825.0
0.996153846153846,0.9730140112634329,0.9994573207234139,WIUW,0.0
0.9923076923076923,0.9695955724180995,0.998070604724284,WIUW,3.0
0.9884615384615388,0.9646557005316215,0.9962639829272829,WIUW,4.0
0.9846153846153846,0.9595317363423224,0.9941979562900012,WIUW,5.0
0.9807692307692305,0.9544183465863452,0.9919503373432538,WIUW,10.0
0.9769230769230771,0.9493579600392431,0.9895659539293142,WIUW,16.0
0.9730769230769233,0.9443584403998524,0.9870734834991324,WIUW,19.0
0.9653846153846152,0.9345325814390065,0.981837572225159,WIUW,27.0
0.9615384615384612,0.9296971072761274,0.9791190392690275,WIUW,37.0
0.9576923076923076,0.9249071213963864,0.9763452858813852,WIUW,45.0
0.9538461538461542,0.9201585307142571,0.9735228731319575,WIUW,46.0
0.9500000000000004,0.9154477253845366,0.9706571123306396,WIUW,48.0
0.946153846153846,0.9107715435106407,0.9677523764797191,WIUW,54.0
0.9423076923076928,0.9061272179466485,0.96481231826731,WIUW,74.0
0.9384615384615389,0.9015123220868734,0.9618400268013801,WIUW,78.0
0.9346153846153845,0.896924720625056,0.9588381429278945,WIUW,80.0
0.9307692307692312,0.8923625268939172,0.9558089457922408,WIUW,86.0
0.9307692307692312,0.8923625268939172,0.9558089457922408,WIUW,90.0
0.9269071177784877,0.887799686587594,0.9527441370382634,WIUW,92.0
0.9230450047877443,0.8832597081174047,0.9496554729519208,WIUW,102.0
0.915320778806257,0.8742428446781444,0.9434126364614133,WIUW,104.0
0.9114586658155133,0.8697635629230482,0.9402610822412463,WIUW,122.0
0.9075965528247691,0.8653023117948132,0.9370909569454268,WIUW,149.0
0.9075965528247691,0.8653023117948132,0.9370909569454268,WIUW,158.0
0.9037179350776542,0.8608343950252576,0.9338919824954753,WIUW,159.0
0.8998393173305401,0.8563831607759844,0.9306761363121314,WIUW,160.0
0.8998393173305401,0.8563831607759844,0.9306761363121314,WIUW,161.0
0.8998393173305401,0.8563831607759844,0.9306761363121314,WIUW,167.0
0.8959269724725814,0.8518998806856641,0.9274209019310673,WIUW,169.0
0.8920146276146225,0.8474325227560748,0.9241500048123406,WIUW,171.0
0.8920146276146225,0.8474325227560748,0.9241500048123406,WIUW,179.0
0.8920146276146225,0.8474325227560748,0.9241500048123406,WIUW,180.0
0.8920146276146225,0.8474325227560748,0.9241500048123406,WIUW,182.0
0.8920146276146225,0.8474325227560748,0.9241500048123406,WIUW,183.0
0.8920146276146225,0.8474325227560748,0.9241500048123406,WIUW,184.0
0.8920146276146225,0.8474325227560748,0.9241500048123406,WIUW,194.0
0.8920146276146225,0.8474325227560748,0.9241500048123406,WIUW,195.0
0.8920146276146225,0.8474325227560748,0.9241500048123406,WIUW,197.0
0.8920146276146225,0.8474325227560748,0.9241500048123406,WIUW,198.0
0.8920146276146225,0.8474325227560748,0.9241500048123406,WIUW,201.0
0.8920146276146225,0.8474325227560748,0.9241500048123406,WIUW,211.0
0.8878849302645542,0.8426724523810889,0.9207133581228656,WIUW,221.0
0.8837552329144865,0.837931909304161,0.9172599350339478,WIUW,227.0
0.8796255355644194,0.833209848088035,0.9137904976437501,WIUW,234.0
0.8754958382143513,0.8285053247994365,0.9103057449411347,WIUW,235.0
0.8713661408642838,0.8238174836425526,0.906806319897019,WIUW,247.0
0.8713661408642838,0.8238174836425526,0.906806319897019,WIUW,249.0
0.8713661408642838,0.8238174836425526,0.906806319897019,WIUW,256.0
0.8671969248792872,0.8190909026034382,0.9032647553841112,WIUW,258.0
0.8630277088942905,0.8143802867463151,0.8997092567488159,WIUW,300.0
0.8588584929092943,0.8096849277743853,0.8961403544460458,WIUW,317.0
0.8588584929092943,0.8096849277743853,0.8961403544460458,WIUW,337.0
0.854668939285346,0.8049764921691716,0.8925438765466993,WIUW,339.0
0.854668939285346,0.8049764921691716,0.8925438765466993,WIUW,347.0
0.854668939285346,0.8049764921691716,0.8925438765466993,WIUW,356.0
0.854668939285346,0.8049764921691716,0.8925438765466993,WIUW,360.0
0.854668939285346,0.8049764921691716,0.8925438765466993,WIUW,362.0
0.854668939285346,0.8049764921691716,0.8925438765466993,WIUW,365.0
0.854668939285346,0.8049764921691716,0.8925438765466993,WIUW,366.0
0.854668939285346,0.8049764921691716,0.8925438765466993,WIUW,369.0
0.854668939285346,0.8049764921691716,0.8925438765466993,WIUW,370.0
0.854668939285346,0.8049764921691716,0.8925438765466993,WIUW,371.0
0.854668939285346,0.8049764921691716,0.8925438765466993,WIUW,373.0
0.8500739449881123,0.7997242692509848,0.8886462744212668,WIUW,375.0
0.8500739449881123,0.7997242692509848,0.8886462744212668,WIUW,379.0
0.8454539778957857,0.7944590146778954,0.8847147006874886,WIUW,382.0
0.8454539778957857,0.7944590146778954,0.8847147006874886,WIUW,386.0
0.8454539778957857,0.7944590146778954,0.8847147006874886,WIUW,393.0
0.8407829614433225,0.7891441953648186,0.8807310512363611,WIUW,402.0
0.8407829614433225,0.7891441953648186,0.8807310512363611,WIUW,406.0
0.8360858499268794,0.783814529173955,0.8767129036237804,WIUW,411.0
0.8360858499268794,0.783814529173955,0.8767129036237804,WIUW,426.0
0.8360858499268794,0.783814529173955,0.8767129036237804,WIUW,432.0
0.8313353621432046,0.7784321579791302,0.8726411302230986,WIUW,451.0
0.8265575727056003,0.773033145995409,0.8685341773156837,WIUW,452.0
0.8265575727056003,0.773033145995409,0.8685341773156837,WIUW,454.0
0.8217520054224288,0.7676165761892718,0.8643918913100659,WIUW,474.0
0.8169464381392565,0.762219949808659,0.8602343858033857,WIUW,483.0
0.8121408708560842,0.7568423949130407,0.8560621735518252,WIUW,500.0
0.8073353035729119,0.751483111475975,0.8518757317415678,WIUW,501.0
0.8025297362897402,0.7461413635559719,0.8476755053535502,WIUW,544.0
0.7977241690065683,0.7408164725199843,0.8434619101173921,WIUW,601.0
0.7929186017233956,0.7355078111537432,0.8392353351152956,WIUW,602.0
0.788113034440224,0.7302147985228351,0.8349961450861778,WIUW,608.0
0.7833074671570516,0.7249368954721749,0.8307446824718487,WIUW,623.0
0.7785018998738792,0.719673600670703,0.8264812692402446,WIUW,642.0
0.7736963325907076,0.714424447123604,0.8222062085151254,WIUW,674.0
0.7736963325907076,0.714424447123604,0.8222062085151254,WIUW,680.0
0.7688607305120159,0.7091501504813037,0.8178971224874086,WIUW,709.0
0.7688607305120159,0.7091501504813037,0.8178971224874086,WIUW,712.0
0.7639945233568761,0.7038500432339347,0.813553572405175,WIUW,713.0
0.7591283162017372,0.6985636193685628,0.8091987204955975,WIUW,718.0
0.7591283162017372,0.6985636193685628,0.8091987204955975,WIUW,724.0
0.7591283162017372,0.6985636193685628,0.8091987204955975,WIUW,728.0
0.7591283162017372,0.6985636193685628,0.8091987204955975,WIUW,729.0
0.7591283162017372,0.6985636193685628,0.8091987204955975,WIUW,730.0
0.7591283162017372,0.6985636193685628,0.8091987204955975,WIUW,731.0
0.7591283162017372,0.6985636193685628,0.8091987204955975,WIUW,742.0
0.7591283162017372,0.6985636193685628,0.8091987204955975,WIUW,752.0
0.7591283162017372,0.6985636193685628,0.8091987204955975,WIUW,753.0
0.7591283162017372,0.6985636193685628,0.8091987204955975,WIUW,755.0
0.7539641779962832,0.6929051391166211,0.804608479335335,WIUW,757.0
0.7539641779962832,0.6929051391166211,0.804608479335335,WIUW,759.0
0.7539641779962832,0.6929051391166211,0.804608479335335,WIUW,761.0
0.7486917012270788,0.687122370620331,0.7999242446235826,WIUW,763.0
0.7486917012270788,0.687122370620331,0.7999242446235826,WIUW,766.0
0.7433818310056097,0.6813088558020056,0.7951982712986796,WIUW,772.0
0.7433818310056097,0.6813088558020056,0.7951982712986796,WIUW,774.0
0.7433818310056097,0.6813088558020056,0.7951982712986796,WIUW,784.0
0.7433818310056097,0.6813088558020056,0.7951982712986796,WIUW,787.0
0.7433818310056097,0.6813088558020056,0.7951982712986796,WIUW,789.0
0.7433818310056097,0.6813088558020056,0.7951982712986796,WIUW,792.0
0.7433818310056097,0.6813088558020056,0.7951982712986796,WIUW,818.0
0.7433818310056097,0.6813088558020056,0.7951982712986796,WIUW,824.0
0.7433818310056097,0.6813088558020056,0.7951982712986796,WIUW,845.0
0.7377501504676884,0.6750914983346783,0.7902206107411839,WIUW,853.0
0.7321184699297673,0.6688966169353459,0.785226295366325,WIUW,952.0
0.726486789391846,0.662723407744965,0.7802157790122971,WIUW,1028.0
0.7208551088539246,0.6565711262752312,0.7751894848394343,WIUW,1038.0
0.7152234283160035,0.6504390818390458,0.7701478080489707,WIUW,1049.0
0.7152234283160035,0.6504390818390458,0.7701478080489707,WIUW,1059.0
0.7152234283160035,0.6504390818390458,0.7701478080489707,WIUW,1070.0
0.7152234283160035,0.6504390818390458,0.7701478080489707,WIUW,1088.0
0.7152234283160035,0.6504390818390458,0.7701478080489707,WIUW,1093.0
0.7152234283160035,0.6504390818390458,0.7701478080489707,WIUW,1094.0
0.7152234283160035,0.6504390818390458,0.7701478080489707,WIUW,1095.0
0.7152234283160035,0.6504390818390458,0.7701478080489707,WIUW,1096.0
0.7152234283160035,0.6504390818390458,0.7701478080489707,WIUW,1098.0
0.7088940174459499,0.6434089475575503,0.7645806249269637,WIUW,1101.0
0.7088940174459499,0.6434089475575503,0.7645806249269637,WIUW,1102.0
0.7025075848563471,0.6363340467893366,0.758950203086737,WIUW,1106.0
0.6961211522667435,0.6292903343563754,0.7532974147690309,WIUW,1112.0
0.6961211522667435,0.6292903343563754,0.7532974147690309,WIUW,1115.0
0.6961211522667435,0.6292903343563754,0.7532974147690309,WIUW,1149.0
0.6961211522667435,0.6292903343563754,0.7532974147690309,WIUW,1150.0
0.6961211522667435,0.6292903343563754,0.7532974147690309,WIUW,1153.0
0.6961211522667435,0.6292903343563754,0.7532974147690309,WIUW,1165.0
0.6961211522667435,0.6292903343563754,0.7532974147690309,WIUW,1170.0
0.6961211522667435,0.6292903343563754,0.7532974147690309,WIUW,1177.0
0.6961211522667435,0.6292903343563754,0.7532974147690309,WIUW,1181.0
0.6961211522667435,0.6292903343563754,0.7532974147690309,WIUW,1182.0
0.6891599407440757,0.6215072055820879,0.7472140483368092,WIUW,1209.0
0.6821987292214087,0.6137653845318006,0.7411017492614985,WIUW,1213.0
0.6821987292214087,0.6137653845318006,0.7411017492614985,WIUW,1336.0
0.6751657526314971,0.6059668583863004,0.7349107781175448,WIUW,1339.0
0.6681327760415857,0.5982078776257734,0.7286917497085457,WIUW,1370.0
0.6610997994516743,0.5904868582269632,0.7224455571243381,WIUW,1405.0
0.6610997994516743,0.5904868582269632,0.7224455571243381,WIUW,1413.0
0.6610997994516743,0.5904868582269632,0.7224455571243381,WIUW,1419.0
0.6539139320663298,0.5826002750744446,0.7160632815226136,WIUW,1420.0
0.6539139320663298,0.5826002750744446,0.7160632815226136,WIUW,1433.0
0.6539139320663298,0.5826002750744446,0.7160632815226136,WIUW,1434.0
0.6539139320663298,0.5826002750744446,0.7160632815226136,WIUW,1450.0
0.6539139320663298,0.5826002750744446,0.7160632815226136,WIUW,1451.0
0.6539139320663298,0.5826002750744446,0.7160632815226136,WIUW,1452.0
0.6539139320663298,0.5826002750744446,0.7160632815226136,WIUW,1453.0
0.6539139320663298,0.5826002750744446,0.7160632815226136,WIUW,1455.0
0.6539139320663298,0.5826002750744446,0.7160632815226136,WIUW,1456.0
0.6539139320663298,0.5826002750744446,0.7160632815226136,WIUW,1457.0
0.6539139320663298,0.5826002750744446,0.7160632815226136,WIUW,1458.0
0.6539139320663298,0.5826002750744446,0.7160632815226136,WIUW,1460.0
0.6539139320663298,0.5826002750744446,0.7160632815226136,WIUW,1461.0
0.6539139320663298,0.5826002750744446,0.7160632815226136,WIUW,1463.0
0.6539139320663298,0.5826002750744446,0.7160632815226136,WIUW,1465.0
0.6539139320663298,0.5826002750744446,0.7160632815226136,WIUW,1467.0
0.6539139320663298,0.5826002750744446,0.7160632815226136,WIUW,1470.0
0.6539139320663298,0.5826002750744446,0.7160632815226136,WIUW,1483.0
0.6539139320663298,0.5826002750744446,0.7160632815226136,WIUW,1487.0
0.6539139320663298,0.5826002750744446,0.7160632815226136,WIUW,1520.0
0.6441540226325039,0.5711626576831299,0.7079531783734351,WIUW,1523.0
0.6441540226325039,0.5711626576831299,0.7079531783734351,WIUW,1526.0
0.63424396074585,0.5596326495768901,0.6996660633265954,WIUW,1532.0
0.63424396074585,0.5596326495768901,0.6996660633265954,WIUW,1534.0
0.63424396074585,0.5596326495768901,0.6996660633265954,WIUW,1659.0
0.6240142194434976,0.5477645573382071,0.6910980905341688,WIUW,1688.0
0.6137844781411449,0.536027848405889,0.6824410494400678,WIUW,1705.0
0.6035547368387928,0.524413868502119,0.6737004191842293,WIUW,1743.0
0.5933249955364401,0.5129151058549202,0.6648808636908954,WIUW,1748.0
0.5933249955364401,0.5129151058549202,0.6648808636908954,WIUW,1749.0
0.5933249955364401,0.5129151058549202,0.6648808636908954,WIUW,1756.0
0.5933249955364401,0.5129151058549202,0.6648808636908954,WIUW,1764.0
0.5825372683448684,0.5007458584325731,0.6556277310469856,WIUW,1766.0
0.5825372683448684,0.5007458584325731,0.6556277310469856,WIUW,1769.0
0.5825372683448684,0.5007458584325731,0.6556277310469856,WIUW,1788.0
0.5825372683448684,0.5007458584325731,0.6556277310469856,WIUW,1799.0
0.5825372683448684,0.5007458584325731,0.6556277310469856,WIUW,1804.0
0.5825372683448684,0.5007458584325731,0.6556277310469856,WIUW,1811.0
0.5825372683448684,0.5007458584325731,0.6556277310469856,WIUW,1812.0
0.5825372683448684,0.5007458584325731,0.6556277310469856,WIUW,1816.0
0.5825372683448684,0.5007458584325731,0.6556277310469856,WIUW,1817.0
0.5825372683448684,0.5007458584325731,0.6556277310469856,WIUW,1818.0
0.5825372683448684,0.5007458584325731,0.6556277310469856,WIUW,1819.0
0.5825372683448684,0.5007458584325731,0.6556277310469856,WIUW,1823.0
0.5825372683448684,0.5007458584325731,0.6556277310469856,WIUW,1824.0
0.5825372683448684,0.5007458584325731,0.6556277310469856,WIUW,1825.0
1.0,1.0,1.0,WIDN,0.0
0.9942528735632187,0.9599087393392772,0.9991884361135541,WIDN,21.0
0.9885057471264365,0.9548265383934277,0.9971128635804529,WIDN,53.0
0.9827586206896555,0.9475030981054333,0.9944065722780603,WIDN,65.0
0.9770114942528738,0.9399137678427494,0.9913094600643463,WIDN,76.0
0.9712643678160919,0.9323455634277875,0.9879379325242452,WIDN,77.0
0.9655172413793102,0.9248606117959047,0.9843591058673892,WIDN,78.0
0.959770114942529,0.91747008093817,0.9806159493672364,WIDN,80.0
0.959770114942529,0.91747008093817,0.9806159493672364,WIDN,86.0
0.9539883672621516,0.9101039937967841,0.97672054677866,WIDN,144.0
0.9482066195817755,0.9028283843933657,0.9727101592123732,WIDN,149.0
0.9424248719013986,0.8956344019536431,0.9686010906869645,WIDN,168.0
0.9424248719013986,0.8956344019536431,0.9686010906869645,WIDN,171.0
0.9424248719013986,0.8956344019536431,0.9686010906869645,WIDN,175.0
0.9424248719013986,0.8956344019536431,0.9686010906869645,WIDN,179.0
0.9424248719013986,0.8956344019536431,0.9686010906869645,WIDN,182.0
0.9364601575222753,0.8881917362638676,0.9643046328512316,WIDN,183.0
0.9364601575222753,0.8881917362638676,0.9643046328512316,WIDN,184.0
0.9364601575222753,0.8881917362638676,0.9643046328512316,WIDN,186.0
0.9364601575222753,0.8881917362638676,0.9643046328512316,WIDN,187.0
0.930339502897947,0.8805632636882738,0.9598387150110487,WIDN,206.0
0.930339502897947,0.8805632636882738,0.9598387150110487,WIDN,214.0
0.9241783141370332,0.8729559180248622,0.9552716219643391,WIDN,219.0
0.9241783141370332,0.8729559180248622,0.9552716219643391,WIDN,257.0
0.9179338660685399,0.8652920439595216,0.9505848645822623,WIDN,263.0
0.9179338660685399,0.8652920439595216,0.9505848645822623,WIDN,264.0
0.9116466478077964,0.8576378614619512,0.9458059959343217,WIDN,275.0
0.9053594295470532,0.8500581499955557,0.9409651304943158,WIDN,291.0
0.8990722112863094,0.8425453220007122,0.9360674565773552,WIDN,298.0
0.8927849930255664,0.8350931249744032,0.9311174129211925,WIDN,311.0
0.8864977747648229,0.8276963297479651,0.9261188325652685,WIDN,327.0
0.880210556504079,0.820350507128589,0.9210750528865065,WIDN,328.0
0.8739233382433357,0.8130518640525655,0.9159890010714581,WIDN,329.0
0.8739233382433357,0.8130518640525655,0.9159890010714581,WIDN,343.0
0.8739233382433357,0.8130518640525655,0.9159890010714581,WIDN,354.0
0.8739233382433357,0.8130518640525655,0.9159890010714581,WIDN,355.0
0.8739233382433357,0.8130518640525655,0.9159890010714581,WIDN,358.0
0.8739233382433357,0.8130518640525655,0.9159890010714581,WIDN,359.0
0.8739233382433357,0.8130518640525655,0.9159890010714581,WIDN,362.0
0.8739233382433357,0.8130518640525655,0.9159890010714581,WIDN,363.0
0.8739233382433357,0.8130518640525655,0.9159890010714581,WIDN,364.0
0.8739233382433357,0.8130518640525655,0.9159890010714581,WIDN,365.0
0.8670420521154355,0.8049016055459628,0.9104807952925497,WIDN,366.0
0.8670420521154355,0.8049016055459628,0.9104807952925497,WIDN,369.0
0.8670420521154355,0.8049016055459628,0.9104807952925497,WIDN,382.0
0.8598764153210927,0.7963837264426719,0.9047440229164642,WIDN,406.0
0.8527107785267506,0.7879406921441953,0.8989554765617774,WIDN,410.0
0.8527107785267506,0.7879406921441953,0.8989554765617774,WIDN,420.0
0.8527107785267506,0.7879406921441953,0.8989554765617774,WIDN,431.0
0.8454226522145558,0.7793819542796492,0.8930397691284435,WIDN,489.0
0.8381345259023616,0.7708915345228836,0.8870758614624098,WIDN,490.0
0.8308463995901673,0.7624640891318826,0.8810664833713424,WIDN,494.0
0.8235582732779728,0.7540950178628124,0.875014062142817,WIDN,509.0
0.8162701469657779,0.7457803297241491,0.8689207679001798,WIDN,519.0
0.8089820206535836,0.7375165379998391,0.8627885503275082,WIDN,537.0
0.8016938943413896,0.7293005772030038,0.8566191687286815,WIDN,568.0
0.7944057680291946,0.72112973667788,0.850414216868851,WIDN,577.0
0.7871176417170006,0.713001606992633,0.8441751436826938,WIDN,581.0
0.7798295154048056,0.7049140362687163,0.8379032706729019,WIDN,616.0
0.7725413890926114,0.6968650943087614,0.8315998066323006,WIDN,617.0
0.7725413890926114,0.6968650943087614,0.8315998066323006,WIDN,659.0
0.7651838520536342,0.6887589661143371,0.8252164709697787,WIDN,676.0
0.7651838520536342,0.6887589661143371,0.8252164709697787,WIDN,702.0
0.7576820495825206,0.680494700080808,0.8187000178310118,WIDN,705.0
0.7501802471114066,0.6722693709511757,0.8121522861152992,WIDN,707.0
0.7501802471114066,0.6722693709511757,0.8121522861152992,WIDN,713.0
0.7501802471114066,0.6722693709511757,0.8121522861152992,WIDN,714.0
0.7425253466306777,0.663875758688545,0.8054646208611095,WIDN,715.0
0.7425253466306777,0.663875758688545,0.8054646208611095,WIDN,716.0
0.7425253466306777,0.663875758688545,0.8054646208611095,WIDN,717.0
0.7425253466306777,0.663875758688545,0.8054646208611095,WIDN,718.0
0.7425253466306777,0.663875758688545,0.8054646208611095,WIDN,720.0
0.7425253466306777,0.663875758688545,0.8054646208611095,WIDN,722.0
0.7425253466306777,0.663875758688545,0.8054646208611095,WIDN,723.0
0.7425253466306777,0.663875758688545,0.8054646208611095,WIDN,726.0
0.7425253466306777,0.663875758688545,0.8054646208611095,WIDN,727.0
0.7425253466306777,0.663875758688545,0.8054646208611095,WIDN,729.0
0.7425253466306777,0.663875758688545,0.8054646208611095,WIDN,730.0
0.7425253466306777,0.663875758688545,0.8054646208611095,WIDN,732.0
0.7425253466306777,0.663875758688545,0.8054646208611095,WIDN,735.0
0.7425253466306777,0.663875758688545,0.8054646208611095,WIDN,741.0
0.7425253466306777,0.663875758688545,0.8054646208611095,WIDN,751.0
0.7425253466306777,0.663875758688545,0.8054646208611095,WIDN,753.0
0.7330057909046437,0.652920038293195,0.7974758783944582,WIDN,757.0
0.7233609778664244,0.6418834802068719,0.7893415491470529,WIDN,762.0
0.7233609778664244,0.6418834802068719,0.7893415491470529,WIDN,769.0
0.7233609778664244,0.6418834802068719,0.7893415491470529,WIDN,776.0
0.7233609778664244,0.6418834802068719,0.7893415491470529,WIDN,806.0
0.7233609778664244,0.6418834802068719,0.7893415491470529,WIDN,808.0
0.7233609778664244,0.6418834802068719,0.7893415491470529,WIDN,814.0
0.7233609778664244,0.6418834802068719,0.7893415491470529,WIDN,815.0
0.7233609778664244,0.6418834802068719,0.7893415491470529,WIDN,820.0
0.7127233164272119,0.629503476433211,0.7805089818455608,WIDN,934.0
0.7127233164272119,0.629503476433211,0.7805089818455608,WIDN,1006.0
0.7127233164272119,0.629503476433211,0.7805089818455608,WIDN,1021.0
0.7127233164272119,0.629503476433211,0.7805089818455608,WIDN,1078.0
0.7127233164272119,0.629503476433211,0.7805089818455608,WIDN,1082.0
0.7127233164272119,0.629503476433211,0.7805089818455608,WIDN,1091.0
0.7127233164272119,0.629503476433211,0.7805089818455608,WIDN,1093.0
0.7127233164272119,0.629503476433211,0.7805089818455608,WIDN,1096.0
0.7127233164272119,0.629503476433211,0.7805089818455608,WIDN,1112.0
0.7127233164272119,0.629503476433211,0.7805089818455608,WIDN,1115.0
0.7127233164272119,0.629503476433211,0.7805089818455608,WIDN,1126.0
0.7127233164272119,0.629503476433211,0.7805089818455608,WIDN,1129.0
0.7127233164272119,0.629503476433211,0.7805089818455608,WIDN,1140.0
0.7127233164272119,0.629503476433211,0.7805089818455608,WIDN,1171.0
0.7127233164272119,0.629503476433211,0.7805089818455608,WIDN,1172.0
0.6990170988036115,0.6125372926721819,0.769820004917276,WIDN,1392.0
0.6850367568275393,0.5954817664280952,0.7587781824279605,WIDN,1405.0
0.6850367568275393,0.5954817664280952,0.7587781824279605,WIDN,1434.0
0.6850367568275393,0.5954817664280952,0.7587781824279605,WIDN,1439.0
0.6850367568275393,0.5954817664280952,0.7587781824279605,WIDN,1443.0
0.6850367568275393,0.5954817664280952,0.7587781824279605,WIDN,1450.0
0.6850367568275393,0.5954817664280952,0.7587781824279605,WIDN,1451.0
0.6850367568275393,0.5954817664280952,0.7587781824279605,WIDN,1457.0
0.6850367568275393,0.5954817664280952,0.7587781824279605,WIDN,1458.0
0.6850367568275393,0.5954817664280952,0.7587781824279605,WIDN,1459.0
0.6850367568275393,0.5954817664280952,0.7587781824279605,WIDN,1461.0
0.6670094737531304,0.5720993064603489,0.7455391988515576,WIDN,1478.0
0.6670094737531304,0.5720993064603489,0.7455391988515576,WIDN,1480.0
0.6670094737531304,0.5720993064603489,0.7455391988515576,WIDN,1489.0
0.6670094737531304,0.5720993064603489,0.7455391988515576,WIDN,1490.0
0.6473915480545087,0.5467853295738853,0.7311327620504141,WIDN,1492.0
0.6473915480545087,0.5467853295738853,0.7311327620504141,WIDN,1493.0
0.6473915480545087,0.5467853295738853,0.7311327620504141,WIDN,1497.0
0.6473915480545087,0.5467853295738853,0.7311327620504141,WIDN,1522.0
0.6473915480545087,0.5467853295738853,0.7311327620504141,WIDN,1542.0
0.6250677015698703,0.5177448945214259,0.7150335840969533,WIDN,1640.0
0.6250677015698703,0.5177448945214259,0.7150335840969533,WIDN,1809.0
0.6250677015698703,0.5177448945214259,0.7150335840969533,WIDN,1811.0
0.6250677015698703,0.5177448945214259,0.7150335840969533,WIDN,1813.0
0.6250677015698703,0.5177448945214259,0.7150335840969533,WIDN,1815.0
0.6250677015698703,0.5177448945214259,0.7150335840969533,WIDN,1816.0
0.6250677015698703,0.5177448945214259,0.7150335840969533,WIDN,1825.0
1.0,1.0,1.0,WALC,0.0
0.9973404255319146,0.9812719196723905,0.9996249345470234,WALC,4.0
0.99468085106383,0.9789006829100056,0.9986670340678278,WALC,5.0
0.9920212765957449,0.975468042940756,0.9974197125185948,WALC,6.0
0.9867021276595742,0.9683486510248805,0.9944434561260257,WALC,7.0
0.9840425531914889,0.9648273486301215,0.992799243490429,WALC,16.0
0.9813829787234041,0.9613471552736451,0.9910810872851089,WALC,18.0
0.9813829787234041,0.9613471552736451,0.9910810872851089,WALC,19.0
0.9787161771507862,0.9578927482804123,0.9892989435343046,WALC,27.0
0.9760493755781674,0.9544765846414066,0.987465943437528,WALC,30.0
0.9733825740055498,0.9510950769577594,0.985589503918882,WALC,35.0
0.9707157724329318,0.9477449109264334,0.9836753623695678,WALC,36.0
0.9680489708603137,0.9444231460534187,0.981728067280727,WALC,40.0
0.9653821692876965,0.941127211719334,0.9797512983157314,WALC,45.0
0.9627153677150777,0.9378548698634431,0.9777480832217386,WALC,58.0
0.9600485661424603,0.9346041704746456,0.9757209495725317,WALC,62.0
0.9573817645698419,0.9313734092900086,0.9736720338156591,WALC,64.0
0.9547149629972242,0.9281610906362229,0.9716031614671825,WALC,82.0
0.9493813598519883,0.9217866569148584,0.967411641197052,WALC,83.0
0.9467145582793706,0.9186223343317917,0.965291563967368,WALC,93.0
0.9440477567067522,0.9154719989439485,0.9631567351805631,WALC,98.0
0.9413809551341343,0.9123348166190824,0.9610080955650527,WALC,110.0
0.9387141535615163,0.909210035508225,0.9588464849476024,WALC,120.0
0.9387141535615163,0.909210035508225,0.9588464849476024,WALC,131.0
0.9360397542636202,0.9060858519878432,0.9566675236046301,WALC,133.0
0.9333653549657244,0.9029729703271513,0.954476931533086,WALC,138.0
0.9306909556678287,0.8998708086506284,0.952275330165877,WALC,165.0
0.9306909556678287,0.8998708086506284,0.952275330165877,WALC,167.0
0.9306909556678287,0.8998708086506284,0.952275330165877,WALC,176.0
0.9306909556678287,0.8998708086506284,0.952275330165877,WALC,178.0
0.9306909556678287,0.8998708086506284,0.952275330165877,WALC,180.0
0.9306909556678287,0.8998708086506284,0.952275330165877,WALC,181.0
0.9306909556678287,0.8998708086506284,0.952275330165877,WALC,182.0
0.9306909556678287,0.8998708086506284,0.952275330165877,WALC,183.0
0.9306909556678287,0.8998708086506284,0.952275330165877,WALC,184.0
0.9279292614373603,0.8966532293936392,0.9500032916851558,WALC,206.0
0.9251675672068919,0.8934473597823989,0.9477203562362431,WALC,225.0
0.9224058729764242,0.8902525774107827,0.9454270586976461,WALC,230.0
0.9224058729764242,0.8902525774107827,0.9454270586976461,WALC,231.0
0.9196275420337244,0.887044738944905,0.9431122852650644,WALC,233.0
0.9168492110910241,0.8838472497102139,0.940787919106735,WALC,238.0
0.9168492110910241,0.8838472497102139,0.940787919106735,WALC,240.0
0.9168492110910241,0.8838472497102139,0.940787919106735,WALC,245.0
0.9168492110910241,0.8838472497102139,0.940787919106735,WALC,246.0
0.9168492110910241,0.8838472497102139,0.940787919106735,WALC,258.0
0.9140367901981067,0.8806117765775116,0.9384303750273372,WALC,261.0
0.9112243693051892,0.8773863460945888,0.9360637256201828,WALC,272.0
0.9084119484122722,0.8741704904737349,0.9336883520877705,WALC,275.0
0.9055995275193552,0.8709637806054576,0.9313046074854611,WALC,291.0
0.9027871066264377,0.8677658216723084,0.9289128195563799,WALC,293.0
0.9027871066264377,0.8677658216723084,0.9289128195563799,WALC,334.0
0.9027871066264377,0.8677658216723084,0.9289128195563799,WALC,338.0
0.9027871066264377,0.8677658216723084,0.9289128195563799,WALC,341.0
0.9027871066264377,0.8677658216723084,0.9289128195563799,WALC,343.0
0.9027871066264377,0.8677658216723084,0.9289128195563799,WALC,347.0
0.8999301854029362,0.8645152995639529,0.9264811946166686,WALC,353.0
0.8999301854029362,0.8645152995639529,0.9264811946166686,WALC,354.0
0.8999301854029362,0.8645152995639529,0.9264811946166686,WALC,358.0
0.8999301854029362,0.8645152995639529,0.9264811946166686,WALC,361.0
0.8999301854029362,0.8645152995639529,0.9264811946166686,WALC,362.0
0.8999301854029362,0.8645152995639529,0.9264811946166686,WALC,364.0
0.896969888740426,0.8611314744633657,0.9239674698760143,WALC,365.0
0.896969888740426,0.8611314744633657,0.9239674698760143,WALC,366.0
0.896969888740426,0.8611314744633657,0.9239674698760143,WALC,370.0
0.896969888740426,0.8611314744633657,0.9239674698760143,WALC,372.0
0.896969888740426,0.8611314744633657,0.9239674698760143,WALC,373.0
0.896969888740426,0.8611314744633657,0.9239674698760143,WALC,375.0
0.896969888740426,0.8611314744633657,0.9239674698760143,WALC,377.0
0.896969888740426,0.8611314744633657,0.9239674698760143,WALC,378.0
0.896969888740426,0.8611314744633657,0.9239674698760143,WALC,380.0
0.896969888740426,0.8611314744633657,0.9239674698760143,WALC,382.0
0.896969888740426,0.8611314744633657,0.9239674698760143,WALC,384.0
0.896969888740426,0.8611314744633657,0.9239674698760143,WALC,393.0
0.893789144454112,0.8574509715589433,0.9212891897643004,WALC,395.0
0.893789144454112,0.8574509715589433,0.9212891897643004,WALC,396.0
0.890585599133488,0.8537521530273802,0.9185846639875048,WALC,398.0
0.890585599133488,0.8537521530273802,0.9185846639875048,WALC,402.0
0.890585599133488,0.8537521530273802,0.9185846639875048,WALC,405.0
0.890585599133488,0.8537521530273802,0.9185846639875048,WALC,407.0
0.890585599133488,0.8537521530273802,0.9185846639875048,WALC,410.0
0.890585599133488,0.8537521530273802,0.9185846639875048,WALC,416.0
0.890585599133488,0.8537521530273802,0.9185846639875048,WALC,421.0
0.890585599133488,0.8537521530273802,0.9185846639875048,WALC,423.0
0.890585599133488,0.8537521530273802,0.9185846639875048,WALC,424.0
0.890585599133488,0.8537521530273802,0.9185846639875048,WALC,425.0
0.890585599133488,0.8537521530273802,0.9185846639875048,WALC,426.0
0.890585599133488,0.8537521530273802,0.9185846639875048,WALC,427.0
0.890585599133488,0.8537521530273802,0.9185846639875048,WALC,431.0
0.890585599133488,0.8537521530273802,0.9185846639875048,WALC,432.0
0.890585599133488,0.8537521530273802,0.9185846639875048,WALC,433.0
0.890585599133488,0.8537521530273802,0.9185846639875048,WALC,435.0
0.890585599133488,0.8537521530273802,0.9185846639875048,WALC,436.0
0.890585599133488,0.8537521530273802,0.9185846639875048,WALC,437.0
0.890585599133488,0.8537521530273802,0.9185846639875048,WALC,448.0
0.890585599133488,0.8537521530273802,0.9185846639875048,WALC,450.0
0.8870515292956562,0.8495980633721224,0.9156414194765481,WALC,499.0
0.8835174594578249,0.8454638218572811,0.9126847443773903,WALC,503.0
0.8799833896199938,0.8413482372181337,0.9097152592339853,WALC,510.0
0.876449319782163,0.8372502374671855,0.9067335312849537,WALC,531.0
0.8729152499443317,0.8331688542275713,0.903740080886935,WALC,549.0
0.8693811801064998,0.8291032095670816,0.9007353869463902,WALC,556.0
0.8693811801064998,0.8291032095670816,0.9007353869463902,WALC,613.0
0.8658326854938201,0.8250325451693328,0.8977096715602354,WALC,617.0
0.8658326854938201,0.8250325451693328,0.8977096715602354,WALC,672.0
0.8658326854938201,0.8250325451693328,0.8977096715602354,WALC,705.0
0.8622548644793824,0.820935935112907,0.8946525601417549,WALC,708.0
0.8622548644793824,0.820935935112907,0.8946525601417549,WALC,723.0
0.8586471035401381,0.8168124972410118,0.891563653086877,WALC,725.0
0.8586471035401381,0.8168124972410118,0.891563653086877,WALC,726.0
0.8586471035401381,0.8168124972410118,0.891563653086877,WALC,727.0
0.8586471035401381,0.8168124972410118,0.891563653086877,WALC,729.0
0.8586471035401381,0.8168124972410118,0.891563653086877,WALC,730.0
0.8586471035401381,0.8168124972410118,0.891563653086877,WALC,731.0
0.8586471035401381,0.8168124972410118,0.891563653086877,WALC,732.0
0.8586471035401381,0.8168124972410118,0.891563653086877,WALC,734.0
0.8547966680982538,0.812367608468401,0.888292784228697,WALC,736.0
0.8547966680982538,0.812367608468401,0.888292784228697,WALC,745.0
0.8547966680982538,0.812367608468401,0.888292784228697,WALC,746.0
0.8547966680982538,0.812367608468401,0.888292784228697,WALC,748.0
0.8547966680982538,0.812367608468401,0.888292784228697,WALC,749.0
0.8547966680982538,0.812367608468401,0.888292784228697,WALC,751.0
0.8547966680982538,0.812367608468401,0.888292784228697,WALC,753.0
0.8547966680982538,0.812367608468401,0.888292784228697,WALC,754.0
0.8547966680982538,0.812367608468401,0.888292784228697,WALC,760.0
0.8547966680982538,0.812367608468401,0.888292784228697,WALC,761.0
0.8547966680982538,0.812367608468401,0.888292784228697,WALC,765.0
0.8547966680982538,0.812367608468401,0.888292784228697,WALC,766.0
0.8547966680982538,0.812367608468401,0.888292784228697,WALC,768.0
0.8547966680982538,0.812367608468401,0.888292784228697,WALC,770.0
0.8547966680982538,0.812367608468401,0.888292784228697,WALC,771.0
0.8547966680982538,0.812367608468401,0.888292784228697,WALC,773.0
0.8547966680982538,0.812367608468401,0.888292784228697,WALC,774.0
0.846416308607095,0.8025809447670649,0.8812409022539882,WALC,778.0
0.846416308607095,0.8025809447670649,0.8812409022539882,WALC,779.0
0.846416308607095,0.8025809447670649,0.8812409022539882,WALC,781.0
0.846416308607095,0.8025809447670649,0.8812409022539882,WALC,784.0
0.846416308607095,0.8025809447670649,0.8812409022539882,WALC,787.0
0.846416308607095,0.8025809447670649,0.8812409022539882,WALC,789.0
0.8420533379441718,0.7974780851238437,0.8775733558897235,WALC,790.0
0.8420533379441718,0.7974780851238437,0.8775733558897235,WALC,791.0
0.8376446817245689,0.7923363522744988,0.8738575697189701,WALC,799.0
0.8376446817245689,0.7923363522744988,0.8738575697189701,WALC,807.0
0.8376446817245689,0.7923363522744988,0.8738575697189701,WALC,809.0
0.8331652983998387,0.7871201293488788,0.8700765029777164,WALC,810.0
0.8331652983998387,0.7871201293488788,0.8700765029777164,WALC,813.0
0.8331652983998387,0.7871201293488788,0.8700765029777164,WALC,816.0
0.8286372261259266,0.7818610407870662,0.8662449245187616,WALC,902.0
0.824109153852014,0.7766274762746606,0.8623963003928492,WALC,930.0
0.8195810815781023,0.7714180593959058,0.8585313691691132,WALC,968.0
0.8150530093041899,0.7662315410775132,0.854650805039556,WALC,979.0
0.8105249370302776,0.7610667842030727,0.8507552256498057,WALC,1010.0
0.8059968647563653,0.7559227505013483,0.846845198716061,WALC,1052.0
0.8059968647563653,0.7559227505013483,0.846845198716061,WALC,1059.0
0.8059968647563653,0.7559227505013483,0.846845198716061,WALC,1068.0
0.8059968647563653,0.7559227505013483,0.846845198716061,WALC,1077.0
0.8013911683863287,0.7506927595243541,0.8428659453041484,WALC,1084.0
0.8013911683863287,0.7506927595243541,0.8428659453041484,WALC,1086.0
0.8013911683863287,0.7506927595243541,0.8428659453041484,WALC,1087.0
0.7967319174073391,0.7454102360929487,0.8388342288393981,WALC,1088.0
0.7967319174073391,0.7454102360929487,0.8388342288393981,WALC,1089.0
0.7967319174073391,0.7454102360929487,0.8388342288393981,WALC,1092.0
0.7967319174073391,0.7454102360929487,0.8388342288393981,WALC,1093.0
0.7967319174073391,0.7454102360929487,0.8388342288393981,WALC,1094.0
0.7967319174073391,0.7454102360929487,0.8388342288393981,WALC,1095.0
0.7967319174073391,0.7454102360929487,0.8388342288393981,WALC,1096.0
0.7967319174073391,0.7454102360929487,0.8388342288393981,WALC,1097.0
0.7967319174073391,0.7454102360929487,0.8388342288393981,WALC,1098.0
0.7967319174073391,0.7454102360929487,0.8388342288393981,WALC,1106.0
0.7967319174073391,0.7454102360929487,0.8388342288393981,WALC,1110.0
0.7967319174073391,0.7454102360929487,0.8388342288393981,WALC,1111.0
0.7967319174073391,0.7454102360929487,0.8388342288393981,WALC,1122.0
0.7967319174073391,0.7454102360929487,0.8388342288393981,WALC,1124.0
0.7967319174073391,0.7454102360929487,0.8388342288393981,WALC,1126.0
0.7967319174073391,0.7454102360929487,0.8388342288393981,WALC,1128.0
0.7967319174073391,0.7454102360929487,0.8388342288393981,WALC,1132.0
0.7967319174073391,0.7454102360929487,0.8388342288393981,WALC,1133.0
0.7967319174073391,0.7454102360929487,0.8388342288393981,WALC,1134.0
0.7967319174073391,0.7454102360929487,0.8388342288393981,WALC,1137.0
0.7967319174073391,0.7454102360929487,0.8388342288393981,WALC,1140.0
0.7967319174073391,0.7454102360929487,0.8388342288393981,WALC,1143.0
0.7967319174073391,0.7454102360929487,0.8388342288393981,WALC,1146.0
0.7967319174073391,0.7454102360929487,0.8388342288393981,WALC,1152.0
0.7967319174073391,0.7454102360929487,0.8388342288393981,WALC,1153.0
0.7967319174073391,0.7454102360929487,0.8388342288393981,WALC,1156.0
0.7967319174073391,0.7454102360929487,0.8388342288393981,WALC,1157.0
0.7967319174073391,0.7454102360929487,0.8388342288393981,WALC,1163.0
0.7967319174073391,0.7454102360929487,0.8388342288393981,WALC,1168.0
0.7909584977159814,0.7385807222146947,0.8340297444996062,WALC,1169.0
0.7909584977159814,0.7385807222146947,0.8340297444996062,WALC,1170.0
0.7909584977159814,0.7385807222146947,0.8340297444996062,WALC,1171.0
0.7909584977159814,0.7385807222146947,0.8340297444996062,WALC,1173.0
0.7909584977159814,0.7385807222146947,0.8340297444996062,WALC,1176.0
0.7909584977159814,0.7385807222146947,0.8340297444996062,WALC,1178.0
0.7909584977159814,0.7385807222146947,0.8340297444996062,WALC,1183.0
0.7848742015797046,0.7313451487725966,0.828994206050575,WALC,1210.0
0.7787899054434277,0.7241639250384534,0.8239235962964764,WALC,1290.0
0.7727056093071512,0.7170334204382411,0.8188200033845076,WALC,1329.0
0.7666213131708743,0.7099504171814278,0.8136852645884698,WALC,1362.0
0.7666213131708743,0.7099504171814278,0.8136852645884698,WALC,1367.0
0.7666213131708743,0.7099504171814278,0.8136852645884698,WALC,1389.0
0.7604388832259474,0.7027727665098151,0.8084555880595934,WALC,1392.0
0.7542564532810215,0.6956399922051254,0.8031961196926389,WALC,1396.0
0.7542564532810215,0.6956399922051254,0.8031961196926389,WALC,1412.0
0.7542564532810215,0.6956399922051254,0.8031961196926389,WALC,1434.0
0.7542564532810215,0.6956399922051254,0.8031961196926389,WALC,1439.0
0.7542564532810215,0.6956399922051254,0.8031961196926389,WALC,1441.0
0.7542564532810215,0.6956399922051254,0.8031961196926389,WALC,1448.0
0.7542564532810215,0.6956399922051254,0.8031961196926389,WALC,1449.0
0.7542564532810215,0.6956399922051254,0.8031961196926389,WALC,1451.0
0.7542564532810215,0.6956399922051254,0.8031961196926389,WALC,1459.0
0.7542564532810215,0.6956399922051254,0.8031961196926389,WALC,1461.0
0.7475816174112775,0.6878512009953384,0.797580880627015,WALC,1462.0
0.7475816174112775,0.6878512009953384,0.797580880627015,WALC,1465.0
0.7475816174112775,0.6878512009953384,0.797580880627015,WALC,1468.0
0.7475816174112775,0.6878512009953384,0.797580880627015,WALC,1469.0
0.7475816174112775,0.6878512009953384,0.797580880627015,WALC,1475.0
0.7475816174112775,0.6878512009953384,0.797580880627015,WALC,1477.0
0.7475816174112775,0.6878512009953384,0.797580880627015,WALC,1490.0
0.7475816174112775,0.6878512009953384,0.797580880627015,WALC,1495.0
0.7475816174112775,0.6878512009953384,0.797580880627015,WALC,1497.0
0.7475816174112775,0.6878512009953384,0.797580880627015,WALC,1500.0
0.7475816174112775,0.6878512009953384,0.797580880627015,WALC,1510.0
0.7475816174112775,0.6878512009953384,0.797580880627015,WALC,1512.0
0.7475816174112775,0.6878512009953384,0.797580880627015,WALC,1513.0
0.7475816174112775,0.6878512009953384,0.797580880627015,WALC,1514.0
0.7475816174112775,0.6878512009953384,0.797580880627015,WALC,1516.0
0.7475816174112775,0.6878512009953384,0.797580880627015,WALC,1521.0
0.7475816174112775,0.6878512009953384,0.797580880627015,WALC,1524.0
0.7475816174112775,0.6878512009953384,0.797580880627015,WALC,1525.0
0.7475816174112775,0.6878512009953384,0.797580880627015,WALC,1527.0
0.7475816174112775,0.6878512009953384,0.797580880627015,WALC,1529.0
0.7475816174112775,0.6878512009953384,0.797580880627015,WALC,1531.0
0.7475816174112775,0.6878512009953384,0.797580880627015,WALC,1532.0
0.7475816174112775,0.6878512009953384,0.797580880627015,WALC,1533.0
0.7475816174112775,0.6878512009953384,0.797580880627015,WALC,1536.0
0.7475816174112775,0.6878512009953384,0.797580880627015,WALC,1538.0
0.7475816174112775,0.6878512009953384,0.797580880627015,WALC,1539.0
0.7475816174112775,0.6878512009953384,0.797580880627015,WALC,1542.0
0.7385746099725874,0.6765945489069936,0.7905332766191816,WALC,1610.0
0.7295676025338974,0.6655018450444755,0.7833799874785904,WALC,1711.0
0.7295676025338974,0.6655018450444755,0.7833799874785904,WALC,1764.0
0.7295676025338974,0.6655018450444755,0.7833799874785904,WALC,1786.0
0.7295676025338974,0.6655018450444755,0.7833799874785904,WALC,1794.0
0.7295676025338974,0.6655018450444755,0.7833799874785904,WALC,1803.0
0.7295676025338974,0.6655018450444755,0.7833799874785904,WALC,1816.0
0.7199680288163459,0.6536338462577445,0.7757989324681587,WALC,1823.0
0.7199680288163459,0.6536338462577445,0.7757989324681587,WALC,1825.0
1.0,1.0,1.0,VATB,0.0
0.9937694704049843,0.9753192982541182,0.9984381091279075,VATB,1.0
0.9906542056074769,0.9713060580658084,0.9969762011380802,VATB,4.0
0.9875389408099686,0.9671417951083021,0.9953048453817949,VATB,9.0
0.9875389408099686,0.9671417951083021,0.9953048453817949,VATB,10.0
0.9781635711187343,0.9547433085732411,0.9895299224607373,VATB,11.0
0.9750384478883234,0.9507080988073662,0.9874382417389138,VATB,12.0
0.9719133246579118,0.946717657844197,0.9852866953923541,VATB,21.0
0.9687882014275009,0.9427678837138722,0.9830839729482955,VATB,26.0
0.9656630781970897,0.938854954626405,0.9808367981670373,VATB,30.0
0.9625379549666777,0.9349754640766704,0.978550502949478,VATB,39.0
0.9562877085058554,0.9273052325563221,0.9738770457315625,VATB,58.0
0.9531625852754445,0.9235096121590856,0.9714963997245772,VATB,64.0
0.950037462045033,0.919737574596402,0.9690899705274472,VATB,74.0
0.9469123388146213,0.9159873722590702,0.966659900478823,VATB,85.0
0.9437872155842104,0.9122574632122024,0.9642080379828678,VATB,90.0
0.9406620923537987,0.9085464807518183,0.9617359913207585,VATB,96.0
0.9375369691233877,0.9048532079831235,0.959245170389648,VATB,135.0
0.9344118458929769,0.9011765566248093,0.9567368195278818,VATB,148.0
0.9312867226625653,0.8975155493135333,0.9542120436516901,VATB,156.0
0.9312867226625653,0.8975155493135333,0.9542120436516901,VATB,159.0
0.9312867226625653,0.8975155493135333,0.9542120436516901,VATB,162.0
0.9281404837346519,0.8938382014659308,0.9516576778192218,VATB,163.0
0.9249942448067372,0.8901754201654325,0.9490884825872606,VATB,164.0
0.9249942448067372,0.8901754201654325,0.9490884825872606,VATB,167.0
0.9249942448067372,0.8901754201654325,0.9490884825872606,VATB,170.0
0.9249942448067372,0.8901754201654325,0.9490884825872606,VATB,173.0
0.9249942448067372,0.8901754201654325,0.9490884825872606,VATB,175.0
0.9249942448067372,0.8901754201654325,0.9490884825872606,VATB,177.0
0.9249942448067372,0.8901754201654325,0.9490884825872606,VATB,178.0
0.9249942448067372,0.8901754201654325,0.9490884825872606,VATB,179.0
0.9249942448067372,0.8901754201654325,0.9490884825872606,VATB,180.0
0.9249942448067372,0.8901754201654325,0.9490884825872606,VATB,181.0
0.9249942448067372,0.8901754201654325,0.9490884825872606,VATB,182.0
0.9249942448067372,0.8901754201654325,0.9490884825872606,VATB,183.0
0.9249942448067372,0.8901754201654325,0.9490884825872606,VATB,184.0
0.921593530671418,0.8861519481569257,0.9463347237608344,VATB,186.0
0.9181928165360993,0.8821488269628361,0.9435643262489328,VATB,189.0
0.9181928165360993,0.8821488269628361,0.9435643262489328,VATB,196.0
0.9181928165360993,0.8821488269628361,0.9435643262489328,VATB,199.0
0.9147667239370842,0.8781274473173113,0.9407611747617677,VATB,200.0
0.9147667239370842,0.8781274473173113,0.9407611747617677,VATB,204.0
0.9147667239370842,0.8781274473173113,0.9407611747617677,VATB,208.0
0.9147667239370842,0.8781274473173113,0.9407611747617677,VATB,212.0
0.9112885234658402,0.8740484534459869,0.9379076698076605,VATB,214.0
0.9112885234658402,0.8740484534459869,0.9379076698076605,VATB,218.0
0.907796996556009,0.8699688580129907,0.9350300191694686,VATB,220.0
0.907796996556009,0.8699688580129907,0.9350300191694686,VATB,226.0
0.907796996556009,0.8699688580129907,0.9350300191694686,VATB,230.0
0.9042647125227167,0.8658483310734877,0.9321100788921969,VATB,238.0
0.9042647125227167,0.8658483310734877,0.9321100788921969,VATB,241.0
0.9007185763951769,0.8617258130615775,0.9291663303966435,VATB,251.0
0.9007185763951769,0.8617258130615775,0.9291663303966435,VATB,258.0
0.9007185763951769,0.8617258130615775,0.9291663303966435,VATB,267.0
0.9007185763951769,0.8617258130615775,0.9291663303966435,VATB,272.0
0.8971157020895965,0.8575393100286408,0.9261697686614926,VATB,277.0
0.8971157020895965,0.8575393100286408,0.9261697686614926,VATB,303.0
0.893483654712715,0.853328782504983,0.9231392443576897,VATB,308.0
0.8898516073358347,0.8491355167556369,0.9200951562324962,VATB,309.0
0.8898516073358347,0.8491355167556369,0.9200951562324962,VATB,338.0
0.8862046745188841,0.844937596410498,0.9170277090603799,VATB,344.0
0.8862046745188841,0.844937596410498,0.9170277090603799,VATB,351.0
0.8825426717316155,0.840734331958143,0.9139371045380257,VATB,353.0
0.8825426717316155,0.840734331958143,0.9139371045380257,VATB,354.0
0.8788654105994008,0.8365250721537079,0.9108235130771215,VATB,356.0
0.8788654105994008,0.8365250721537079,0.9108235130771215,VATB,358.0
0.8788654105994008,0.8365250721537079,0.9108235130771215,VATB,361.0
0.8788654105994008,0.8365250721537079,0.9108235130771215,VATB,362.0
0.8788654105994008,0.8365250721537079,0.9108235130771215,VATB,363.0
0.8788654105994008,0.8365250721537079,0.9108235130771215,VATB,364.0
0.8788654105994008,0.8365250721537079,0.9108235130771215,VATB,365.0
0.8750607984323043,0.8321531182047539,0.9076082845836114,VATB,366.0
0.87120590504714,0.8277276056277492,0.9043449511498487,VATB,372.0
0.87120590504714,0.8277276056277492,0.9043449511498487,VATB,374.0
0.87120590504714,0.8277276056277492,0.9043449511498487,VATB,383.0
0.87120590504714,0.8277276056277492,0.9043449511498487,VATB,385.0
0.87120590504714,0.8277276056277492,0.9043449511498487,VATB,390.0
0.8672637968795066,0.8231972161956387,0.901007538048254,VATB,391.0
0.8672637968795066,0.8231972161956387,0.901007538048254,VATB,395.0
0.8672637968795066,0.8231972161956387,0.901007538048254,VATB,396.0
0.8672637968795066,0.8231972161956387,0.901007538048254,VATB,397.0
0.8672637968795066,0.8231972161956387,0.901007538048254,VATB,398.0
0.863153541917992,0.8184489226356352,0.8975394553709021,VATB,400.0
0.863153541917992,0.8184489226356352,0.8975394553709021,VATB,402.0
0.8590037652741553,0.8136655548658507,0.8940292405618935,VATB,404.0
0.8590037652741553,0.8136655548658507,0.8940292405618935,VATB,407.0
0.8590037652741553,0.8136655548658507,0.8940292405618935,VATB,409.0
0.8548135030045249,0.8088457324535293,0.8904762664607443,VATB,410.0
0.8506232407348949,0.8040458837822655,0.8869089353731876,VATB,416.0
0.8506232407348949,0.8040458837822655,0.8869089353731876,VATB,433.0
0.8506232407348949,0.8040458837822655,0.8869089353731876,VATB,437.0
0.8506232407348949,0.8040458837822655,0.8869089353731876,VATB,440.0
0.8506232407348949,0.8040458837822655,0.8869089353731876,VATB,446.0
0.8506232407348949,0.8040458837822655,0.8869089353731876,VATB,447.0
0.8506232407348949,0.8040458837822655,0.8869089353731876,VATB,449.0
0.8506232407348949,0.8040458837822655,0.8869089353731876,VATB,452.0
0.8506232407348949,0.8040458837822655,0.8869089353731876,VATB,453.0
0.846215866430569,0.7989622178244997,0.8831758925965733,VATB,467.0
0.8418084921262431,0.7939011385838781,0.8794270792233005,VATB,470.0
0.8374011178219173,0.7888614530968503,0.8756631335331096,VATB,473.0
0.8329937435175915,0.7838420785282951,0.8718846428708145,VATB,503.0
0.8285863692132655,0.7788420288336794,0.8680921493164541,VATB,512.0
0.8241789949089398,0.7738604033936991,0.8642861545429679,VATB,526.0
0.8197716206046141,0.7688963772813789,0.8604671240020364,VATB,529.0
0.8153642463002875,0.763949192888027,0.856635490550478,VATB,544.0
0.8109568719959621,0.7590181526864553,0.8527916576077441,VATB,554.0
0.8065494976916364,0.754102612950868,0.8489360019179758,VATB,560.0
0.8021421233873101,0.749201978285427,0.8450688759767123,VATB,602.0
0.7977347490829846,0.7443156968395047,0.8411906101716449,VATB,644.0
0.7977347490829846,0.7443156968395047,0.8411906101716449,VATB,667.0
0.7977347490829846,0.7443156968395047,0.8411906101716449,VATB,691.0
0.7977347490829846,0.7443156968395047,0.8411906101716449,VATB,711.0
0.7977347490829846,0.7443156968395047,0.8411906101716449,VATB,715.0
0.7977347490829846,0.7443156968395047,0.8411906101716449,VATB,717.0
0.7977347490829846,0.7443156968395047,0.8411906101716449,VATB,722.0
0.7931762648025101,0.7392436539454563,0.8371898276433434,VATB,723.0
0.7931762648025101,0.7392436539454563,0.8371898276433434,VATB,724.0
0.7931762648025101,0.7392436539454563,0.8371898276433434,VATB,727.0
0.7931762648025101,0.7392436539454563,0.8371898276433434,VATB,728.0
0.7931762648025101,0.7392436539454563,0.8371898276433434,VATB,729.0
0.7931762648025101,0.7392436539454563,0.8371898276433434,VATB,730.0
0.7931762648025101,0.7392436539454563,0.8371898276433434,VATB,731.0
0.7882189131474947,0.7336528786007371,0.832887611485594,VATB,732.0
0.7882189131474947,0.7336528786007371,0.832887611485594,VATB,733.0
0.7882189131474947,0.7336528786007371,0.832887611485594,VATB,736.0
0.7882189131474947,0.7336528786007371,0.832887611485594,VATB,741.0
0.7882189131474947,0.7336528786007371,0.832887611485594,VATB,743.0
0.7882189131474947,0.7336528786007371,0.832887611485594,VATB,746.0
0.7882189131474947,0.7336528786007371,0.832887611485594,VATB,751.0
0.7830671555452237,0.7278197110746708,0.8284313825494009,VATB,752.0
0.7778812803429372,0.7219645705048761,0.8239337605366918,VATB,753.0
0.7778812803429372,0.7219645705048761,0.8239337605366918,VATB,757.0
0.7778812803429372,0.7219645705048761,0.8239337605366918,VATB,769.0
0.7778812803429372,0.7219645705048761,0.8239337605366918,VATB,781.0
0.7778812803429372,0.7219645705048761,0.8239337605366918,VATB,789.0
0.7778812803429372,0.7219645705048761,0.8239337605366918,VATB,794.0
0.7778812803429372,0.7219645705048761,0.8239337605366918,VATB,800.0
0.7724793270072221,0.7158391138297326,0.8192661250906051,VATB,860.0
0.7670773736715076,0.7097409301537525,0.8145795310359165,VATB,879.0
0.7670773736715076,0.7097409301537525,0.8145795310359165,VATB,1019.0
0.7670773736715076,0.7097409301537525,0.8145795310359165,VATB,1026.0
0.7670773736715076,0.7097409301537525,0.8145795310359165,VATB,1058.0
0.7670773736715076,0.7097409301537525,0.8145795310359165,VATB,1061.0
0.7670773736715076,0.7097409301537525,0.8145795310359165,VATB,1071.0
0.7670773736715076,0.7097409301537525,0.8145795310359165,VATB,1081.0
0.7670773736715076,0.7097409301537525,0.8145795310359165,VATB,1082.0
0.7670773736715076,0.7097409301537525,0.8145795310359165,VATB,1085.0
0.7670773736715076,0.7097409301537525,0.8145795310359165,VATB,1087.0
0.7670773736715076,0.7097409301537525,0.8145795310359165,VATB,1088.0
0.7670773736715076,0.7097409301537525,0.8145795310359165,VATB,1090.0
0.7670773736715076,0.7097409301537525,0.8145795310359165,VATB,1092.0
0.7670773736715076,0.7097409301537525,0.8145795310359165,VATB,1093.0
0.7670773736715076,0.7097409301537525,0.8145795310359165,VATB,1095.0
0.7670773736715076,0.7097409301537525,0.8145795310359165,VATB,1096.0
0.7670773736715076,0.7097409301537525,0.8145795310359165,VATB,1097.0
0.7670773736715076,0.7097409301537525,0.8145795310359165,VATB,1098.0
0.760464637691581,0.70196986723482,0.8090534976790578,VATB,1100.0
0.760464637691581,0.70196986723482,0.8090534976790578,VATB,1101.0
0.760464637691581,0.70196986723482,0.8090534976790578,VATB,1102.0
0.7536136049195852,0.6939110575773273,0.8033361516629454,VATB,1108.0
0.7536136049195852,0.6939110575773273,0.8033361516629454,VATB,1109.0
0.7536136049195852,0.6939110575773273,0.8033361516629454,VATB,1122.0
0.7536136049195852,0.6939110575773273,0.8033361516629454,VATB,1124.0
0.7536136049195852,0.6939110575773273,0.8033361516629454,VATB,1126.0
0.7536136049195852,0.6939110575773273,0.8033361516629454,VATB,1130.0
0.7536136049195852,0.6939110575773273,0.8033361516629454,VATB,1141.0
0.746296967978618,0.6852347452457243,0.7972820040830465,VATB,1148.0
0.7389078890877407,0.6765272316787254,0.7911335253267988,VATB,1164.0
0.7389078890877407,0.6765272316787254,0.7911335253267988,VATB,1169.0
0.7314441730363498,0.6677837738195856,0.7848901460538437,VATB,1175.0
0.7239804569849582,0.6591105732370943,0.7786006900622612,VATB,1186.0
0.7165167409335668,0.6505031550029444,0.7722677432070858,VATB,1247.0
0.7090530248821755,0.6419575561476043,0.7658935752876354,VATB,1266.0
0.7015893088307842,0.633470250076595,0.7594801911032514,VATB,1291.0
0.6941255927793931,0.6250380848176653,0.7530293712654802,VATB,1313.0
0.6941255927793931,0.6250380848176653,0.7530293712654802,VATB,1343.0
0.6941255927793931,0.6250380848176653,0.7530293712654802,VATB,1388.0
0.6941255927793931,0.6250380848176653,0.7530293712654802,VATB,1395.0
0.6941255927793931,0.6250380848176653,0.7530293712654802,VATB,1404.0
0.6863264288155801,0.6161945439162637,0.7463149577301283,VATB,1426.0
0.6863264288155801,0.6161945439162637,0.7463149577301283,VATB,1441.0
0.6863264288155801,0.6161945439162637,0.7463149577301283,VATB,1443.0
0.6863264288155801,0.6161945439162637,0.7463149577301283,VATB,1446.0
0.6863264288155801,0.6161945439162637,0.7463149577301283,VATB,1452.0
0.6863264288155801,0.6161945439162637,0.7463149577301283,VATB,1454.0
0.6863264288155801,0.6161945439162637,0.7463149577301283,VATB,1458.0
0.6863264288155801,0.6161945439162637,0.7463149577301283,VATB,1459.0
0.6863264288155801,0.6161945439162637,0.7463149577301283,VATB,1460.0
0.6863264288155801,0.6161945439162637,0.7463149577301283,VATB,1461.0
0.6863264288155801,0.6161945439162637,0.7463149577301283,VATB,1464.0
0.6863264288155801,0.6161945439162637,0.7463149577301283,VATB,1468.0
0.6766598593956427,0.604725207684136,0.7383721449119687,VATB,1474.0
0.6766598593956427,0.604725207684136,0.7383721449119687,VATB,1475.0
0.6766598593956427,0.604725207684136,0.7383721449119687,VATB,1488.0
0.6667089791104122,0.5929668096452976,0.7301713366095266,VATB,1541.0
0.6567580988251821,0.5813450497191031,0.7218804241564106,VATB,1566.0
0.6468072185399522,0.5698498556099411,0.713505621674805,VATB,1621.0
0.6368563382547221,0.5584725447736143,0.7050521835936188,VATB,1628.0
0.6269054579694922,0.5472055798276099,0.69652459192856,VATB,1640.0
0.6169545776842623,0.5360423777956382,0.6879266986527177,VATB,1658.0
0.6169545776842623,0.5360423777956382,0.6879266986527177,VATB,1704.0
0.6169545776842623,0.5360423777956382,0.6879266986527177,VATB,1717.0
0.6169545776842623,0.5360423777956382,0.6879266986527177,VATB,1725.0
0.6064977204353762,0.5242731223717585,0.678931302942117,VATB,1761.0
0.5960408631864906,0.512617103421543,0.6698587866666222,VATB,1769.0
0.5960408631864906,0.512617103421543,0.6698587866666222,VATB,1791.0
0.5960408631864906,0.512617103421543,0.6698587866666222,VATB,1803.0
0.5960408631864906,0.512617103421543,0.6698587866666222,VATB,1807.0
0.5960408631864906,0.512617103421543,0.6698587866666222,VATB,1817.0
0.5960408631864906,0.512617103421543,0.6698587866666222,VATB,1819.0
0.5960408631864906,0.512617103421543,0.6698587866666222,VATB,1821.0
0.5960408631864906,0.512617103421543,0.6698587866666222,VATB,1824.0
0.5960408631864906,0.512617103421543,0.6698587866666222,VATB,1825.0
0.9933774834437085,0.9539249750341969,0.9990644677540725,UTOP,0.0
0.9867549668874173,0.9480824139679412,0.9966709032266331,UTOP,3.0
0.9801324503311255,0.9396742080302103,0.9935488029113799,UTOP,35.0
0.9735099337748342,0.930964493819585,0.9899746365704113,UTOP,57.0
0.966887417218543,0.9222819723357043,0.98608260669356,UTOP,62.0
0.9602649006622515,0.913697567133432,0.9819501180795389,UTOP,73.0
0.9536423841059604,0.9052238443816185,0.9776267433008269,UTOP,101.0
0.9470198675496686,0.8968573410031313,0.9731465519764568,UTOP,103.0
0.9403973509933776,0.8885902405030051,0.9685341834570941,UTOP,153.0
0.9337748344370863,0.8804140353914263,0.9638081585238074,UTOP,155.0
0.9271523178807943,0.872320708663218,0.9589828269475916,UTOP,159.0
0.9205298013245031,0.8643030686348173,0.9540695816175131,UTOP,172.0
0.9205298013245031,0.8643030686348173,0.9540695816175131,UTOP,175.0
0.9205298013245031,0.8643030686348173,0.9540695816175131,UTOP,176.0
0.9205298013245031,0.8643030686348173,0.9540695816175131,UTOP,177.0
0.9205298013245031,0.8643030686348173,0.9540695816175131,UTOP,181.0
0.9136085246228149,0.8558559963325069,0.9489037347935132,UTOP,182.0
0.9136085246228149,0.8558559963325069,0.9489037347935132,UTOP,184.0
0.9136085246228149,0.8558559963325069,0.9489037347935132,UTOP,186.0
0.9136085246228149,0.8558559963325069,0.9489037347935132,UTOP,189.0
0.9061808130405161,0.8466460084845359,0.9433661469393673,UTOP,196.0
0.8913253898759173,0.8285718916755689,0.932037389792664,UTOP,256.0
0.8838976782936182,0.81968084690817,0.9262609958747139,UTOP,264.0
0.876469966711319,0.8108735832599429,0.9204179098353155,UTOP,273.0
0.876469966711319,0.8108735832599429,0.9204179098353155,UTOP,326.0
0.876469966711319,0.8108735832599429,0.9204179098353155,UTOP,334.0
0.8689141911362217,0.8019438459481535,0.9144331329001523,UTOP,347.0
0.8689141911362217,0.8019438459481535,0.9144331329001523,UTOP,350.0
0.8689141911362217,0.8019438459481535,0.9144331329001523,UTOP,352.0
0.8689141911362217,0.8019438459481535,0.9144331329001523,UTOP,357.0
0.8689141911362217,0.8019438459481535,0.9144331329001523,UTOP,360.0
0.8689141911362217,0.8019438459481535,0.9144331329001523,UTOP,361.0
0.8689141911362217,0.8019438459481535,0.9144331329001523,UTOP,363.0
0.8689141911362217,0.8019438459481535,0.9144331329001523,UTOP,364.0
0.8689141911362217,0.8019438459481535,0.9144331329001523,UTOP,365.0
0.8689141911362217,0.8019438459481535,0.9144331329001523,UTOP,366.0
0.8689141911362217,0.8019438459481535,0.9144331329001523,UTOP,370.0
0.8600477197980967,0.7910085858471055,0.9075966394796967,UTOP,371.0
0.8600477197980967,0.7910085858471055,0.9075966394796967,UTOP,382.0
0.8600477197980967,0.7910085858471055,0.9075966394796967,UTOP,384.0
0.8600477197980967,0.7910085858471055,0.9075966394796967,UTOP,390.0
0.8600477197980967,0.7910085858471055,0.9075966394796967,UTOP,391.0
0.8600477197980967,0.7910085858471055,0.9075966394796967,UTOP,393.0
0.8600477197980967,0.7910085858471055,0.9075966394796967,UTOP,394.0
0.8600477197980967,0.7910085858471055,0.9075966394796967,UTOP,399.0
0.8504916340225621,0.7790981825379125,0.9002708546835678,UTOP,405.0
0.8504916340225621,0.7790981825379125,0.9002708546835678,UTOP,408.0
0.8504916340225621,0.7790981825379125,0.9002708546835678,UTOP,412.0
0.8504916340225621,0.7790981825379125,0.9002708546835678,UTOP,449.0
0.8404858500928846,0.7666392124162373,0.8925818147414821,UTOP,478.0
0.8304800661632078,0.7543846792716771,0.8847793893990861,UTOP,482.0
0.8204742822335305,0.7423094397792707,0.8768733006587639,UTOP,532.0
0.8104684983038535,0.7303933211800825,0.8688716161994209,UTOP,612.0
0.8004627143741756,0.718619894931263,0.8607811339336173,UTOP,642.0
0.8004627143741756,0.718619894931263,0.8607811339336173,UTOP,670.0
0.8004627143741756,0.718619894931263,0.8607811339336173,UTOP,683.0
0.8004627143741756,0.718619894931263,0.8607811339336173,UTOP,699.0
0.8004627143741756,0.718619894931263,0.8607811339336173,UTOP,701.0
0.8004627143741756,0.718619894931263,0.8607811339336173,UTOP,712.0
0.8004627143741756,0.718619894931263,0.8607811339336173,UTOP,714.0
0.8004627143741756,0.718619894931263,0.8607811339336173,UTOP,718.0
0.8004627143741756,0.718619894931263,0.8607811339336173,UTOP,722.0
0.8004627143741756,0.718619894931263,0.8607811339336173,UTOP,726.0
0.8004627143741756,0.718619894931263,0.8607811339336173,UTOP,730.0
0.8004627143741756,0.718619894931263,0.8607811339336173,UTOP,731.0
0.8004627143741756,0.718619894931263,0.8607811339336173,UTOP,732.0
0.8004627143741756,0.718619894931263,0.8607811339336173,UTOP,759.0
0.7875520254326567,0.7023419498561986,0.8509286605758182,UTOP,762.0
0.7875520254326567,0.7023419498561986,0.8509286605758182,UTOP,781.0
0.7744261583421128,0.6860572012957733,0.8407742579039398,UTOP,795.0
0.7744261583421128,0.6860572012957733,0.8407742579039398,UTOP,807.0
0.7610739831982836,0.6697299767539373,0.8303177386335509,UTOP,881.0
0.7477218080544542,0.6537065425321821,0.8196918803355794,UTOP,891.0
0.7343696329106245,0.6379523181154756,0.80891095466243,UTOP,980.0
0.7343696329106245,0.6379523181154756,0.80891095466243,UTOP,1004.0
0.7205136021009901,0.6216707272672245,0.7976861717358962,UTOP,1025.0
0.7205136021009901,0.6216707272672245,0.7976861717358962,UTOP,1031.0
0.7205136021009901,0.6216707272672245,0.7976861717358962,UTOP,1088.0
0.7205136021009901,0.6216707272672245,0.7976861717358962,UTOP,1092.0
0.7205136021009901,0.6216707272672245,0.7976861717358962,UTOP,1099.0
0.7205136021009901,0.6216707272672245,0.7976861717358962,UTOP,1102.0
0.7051835254605437,0.6033737783487078,0.7854514760092823,UTOP,1198.0
0.7051835254605437,0.6033737783487078,0.7854514760092823,UTOP,1255.0
0.6895127804503094,0.5849014718325434,0.7728192666105855,UTOP,1274.0
0.6738420354400751,0.5667726042675658,0.7599857226188919,UTOP,1379.0
0.6738420354400751,0.5667726042675658,0.7599857226188919,UTOP,1427.0
0.6574068638439756,0.5478086901369484,0.7465129505629727,UTOP,1439.0
0.6574068638439756,0.5478086901369484,0.7465129505629727,UTOP,1450.0
0.6574068638439756,0.5478086901369484,0.7465129505629727,UTOP,1457.0
0.6574068638439756,0.5478086901369484,0.7465129505629727,UTOP,1459.0
0.6574068638439756,0.5478086901369484,0.7465129505629727,UTOP,1460.0
0.6574068638439756,0.5478086901369484,0.7465129505629727,UTOP,1482.0
0.6374854437274915,0.5238025676901379,0.7309072984292879,UTOP,1491.0
0.6374854437274915,0.5238025676901379,0.7309072984292879,UTOP,1521.0
0.6374854437274915,0.5238025676901379,0.7309072984292879,UTOP,1528.0
0.6374854437274915,0.5238025676901379,0.7309072984292879,UTOP,1685.0
0.6374854437274915,0.5238025676901379,0.7309072984292879,UTOP,1717.0
0.6374854437274915,0.5238025676901379,0.7309072984292879,UTOP,1737.0
0.6138748717375845,0.49449929227950656,0.7131079994606248,UTOP,1754.0
0.6138748717375845,0.49449929227950656,0.7131079994606248,UTOP,1763.0
0.5893198768680813,0.4647984341374449,0.6942242647329661,UTOP,1775.0
0.5893198768680813,0.4647984341374449,0.6942242647329661,UTOP,1798.0
0.5893198768680813,0.4647984341374449,0.6942242647329661,UTOP,1805.0
0.5893198768680813,0.4647984341374449,0.6942242647329661,UTOP,1808.0
0.5893198768680813,0.4647984341374449,0.6942242647329661,UTOP,1812.0
0.5893198768680813,0.4647984341374449,0.6942242647329661,UTOP,1815.0
0.5893198768680813,0.4647984341374449,0.6942242647329661,UTOP,1822.0
0.5893198768680813,0.4647984341374449,0.6942242647329661,UTOP,1825.0
0.9988649262202036,0.9919698678626218,0.999840031542035,TXSB,0.0
0.9988649262202036,0.9919698678626218,0.999840031542035,TXSB,2.0
0.9954558309088725,0.9879382016918543,0.9982920679967828,TXSB,3.0
0.9943194658050946,0.9864066450242672,0.9976316756312844,TXSB,4.0
0.9920467355975401,0.983389941607217,0.99620049658837,TXSB,5.0
0.9909103704937631,0.9819068124897059,0.9954439357746149,TXSB,6.0
0.989774005389986,0.9804391248042086,0.9946661654734399,TXSB,7.0
0.9886376402862088,0.9789854985391319,0.993870317981242,TXSB,11.0
0.9875012751824315,0.9775446195414457,0.9930588153641556,TXSB,12.0
0.9863636009022666,0.9761130129752564,0.9922328320115457,TXSB,13.0
0.9852246129104624,0.9746897776583653,0.9913938667432227,TXSB,14.0
0.982944000380577,0.9718674530750098,0.9896825121727612,TXSB,17.0
0.9818023697181143,0.9704669361868377,0.9888120456219376,TXSB,18.0
0.9806594100327619,0.9690719946956321,0.9879324890141996,TXSB,20.0
0.9783734906620559,0.9663031408419887,0.9861511195371726,TXSB,23.0
0.9772305309767029,0.964928251694465,0.9852504066630025,TXSB,25.0
0.9760875712913507,0.9635591596638761,0.9843436323218722,TXSB,26.0
0.9749446116059977,0.9621954993420578,0.9834311981599556,TXSB,27.0
0.9738016519206443,0.9608369423785579,0.9825134624549619,TXSB,30.0
0.9726573491569304,0.9594812022146022,0.9815898441954869,TXSB,31.0
0.9715130463932162,0.9581300344899342,0.9806615194995612,TXSB,32.0
0.9703687436295019,0.9567831918995501,0.9797287512313031,TXSB,34.0
0.9692244408657882,0.9554404490115062,0.9787917780797835,TXSB,38.0
0.9669358353383598,0.9527664547490159,0.9769060686174686,TXSB,39.0
0.9657901767656837,0.9514329155848181,0.9759567629631556,TXSB,40.0
0.9646445181930078,0.9501027702241998,0.975004007350855,TXSB,42.0
0.9634988596203324,0.9487758684327661,0.9740479573496569,TXSB,44.0
0.9623532010476564,0.947452071035318,0.973088756826177,TXSB,45.0
0.9612075424749803,0.9461312488091049,0.9721265391454549,TXSB,46.0
0.9600618839023046,0.9448132815152067,0.9711614282176501,TXSB,47.0
0.9589162253296292,0.9434980570476118,0.9701935394140926,TXSB,53.0
0.9577705667569534,0.9421854706830152,0.9692229803721006,TXSB,54.0
0.9566249081842771,0.9408754244171749,0.9682498517046547,TXSB,55.0
0.9554792496116018,0.9395678263759529,0.9672742476283364,TXSB,56.0
0.9531879324662502,0.9369596350318731,0.9653159614169382,TXSB,60.0
0.9520422738935747,0.9356588841866825,0.9643334404526193,TXSB,62.0
0.9520422738935747,0.9356588841866825,0.9643334404526193,TXSB,64.0
0.950895235009366,0.9343584211654676,0.9633477390788483,TXSB,67.0
0.9497481961251567,0.9330600361340735,0.9623599472955373,TXSB,69.0
0.9486011572409475,0.9317636639836879,0.9613701311001167,TXSB,70.0
0.9474541183567381,0.9304692430868737,0.9603783529324239,TXSB,73.0
0.9463070794725292,0.9291767150416547,0.9593846719386359,TXSB,74.0
0.9451600405883206,0.9278860244393098,0.9583891442104963,TXSB,78.0
0.9440130017041111,0.9265971186532507,0.9573918230026129,TXSB,79.0
0.9428659628199016,0.9253099476466893,0.9563927589302377,TXSB,85.0
0.9417189239356925,0.9240244637970843,0.9553920001496228,TXSB,87.0
0.9405718850514834,0.9227406217356174,0.9543895925228045,TXSB,91.0
0.939424846167275,0.9214583782001557,0.953385579768426,TXSB,99.0
0.9359837295146471,0.9176208349709322,0.9503643186014183,TXSB,112.0
0.9348366906304383,0.9163445905519333,0.949354284265735,TXSB,116.0
0.9336896517462286,0.9150697555874038,0.9483428357119162,TXSB,127.0
0.9325426128620194,0.9137962969697033,0.9473300063432698,TXSB,133.0
0.9313955739778107,0.9125241829495965,0.9463158281852896,TXSB,138.0
0.9313955739778107,0.9125241829495965,0.9463158281852896,TXSB,152.0
0.9313955739778107,0.9125241829495965,0.9463158281852896,TXSB,158.0
0.9302442815501497,0.9112479724421989,0.9452970036830527,TXSB,161.0
0.9290929891224892,0.9099730716316977,0.944276875316335,TXSB,164.0
0.9279416966948276,0.9086994514678991,0.9432554719025841,TXSB,168.0
0.9267904042671671,0.9074270840345441,0.9422328211405303,TXSB,171.0
0.9267904042671671,0.9074270840345441,0.9422328211405303,TXSB,172.0
0.9256362443614797,0.9061523223367396,0.941206689067681,TXSB,173.0
0.9244806435570329,0.9048769596780942,0.9401782146749418,TXSB,177.0
0.9221607423184957,0.9023188728385229,0.9381108448395823,TXSB,178.0
0.9221607423184957,0.9023188728385229,0.9381108448395823,TXSB,179.0
0.9221607423184957,0.9023188728385229,0.9381108448395823,TXSB,180.0
0.9221607423184957,0.9023188728385229,0.9381108448395823,TXSB,181.0
0.9221607423184957,0.9023188728385229,0.9381108448395823,TXSB,182.0
0.9221607423184957,0.9023188728385229,0.9381108448395823,TXSB,183.0
0.9185632361716088,0.8983428510674579,0.9349078978491719,TXSB,184.0
0.9185632361716088,0.8983428510674579,0.9349078978491719,TXSB,185.0
0.9173577726070792,0.897012217078835,0.9338328244057218,TXSB,186.0
0.9173577726070792,0.897012217078835,0.9338328244057218,TXSB,187.0
0.9173577726070792,0.897012217078835,0.9338328244057218,TXSB,188.0
0.9173577726070792,0.897012217078835,0.9338328244057218,TXSB,189.0
0.9173577726070792,0.897012217078835,0.9338328244057218,TXSB,190.0
0.9173577726070792,0.897012217078835,0.9338328244057218,TXSB,191.0
0.9161395019927274,0.8956667676107158,0.9327464216186085,TXSB,194.0
0.9161395019927274,0.8956667676107158,0.9327464216186085,TXSB,197.0
0.9161395019927274,0.8956667676107158,0.9327464216186085,TXSB,198.0
0.9161395019927274,0.8956667676107158,0.9327464216186085,TXSB,204.0
0.9161395019927274,0.8956667676107158,0.9327464216186085,TXSB,206.0
0.9161395019927274,0.8956667676107158,0.9327464216186085,TXSB,209.0
0.9149114329552042,0.8943103233907262,0.9316510530361846,TXSB,212.0
0.9149114329552042,0.8943103233907262,0.9316510530361846,TXSB,213.0
0.9136817132872539,0.8929531637307904,0.9305531486084635,TXSB,215.0
0.9124519936193033,0.8915973434397209,0.9294540326077243,TXSB,216.0
0.9124519936193033,0.8915973434397209,0.9294540326077243,TXSB,219.0
0.9112206144106403,0.8902407537901333,0.9283524114668531,TXSB,224.0
0.9087545234379458,0.8875272587469151,0.9261430252419774,TXSB,234.0
0.9087545234379458,0.8875272587469151,0.9261430252419774,TXSB,235.0
0.9075198026180569,0.886170303872099,0.9250352869421015,TXSB,237.0
0.9075198026180569,0.886170303872099,0.9250352869421015,TXSB,238.0
0.9062833996172149,0.8848124825710595,0.9239250886674302,TXSB,239.0
0.9062833996172149,0.8848124825710595,0.9239250886674302,TXSB,240.0
0.9038072154652557,0.8820962582231946,0.921698700889324,TXSB,242.0
0.9038072154652557,0.8820962582231946,0.921698700889324,TXSB,244.0
0.9025657220374187,0.8807356978979397,0.9205811683105194,TXSB,248.0
0.9025657220374187,0.8807356978979397,0.9205811683105194,TXSB,249.0
0.9025657220374187,0.8807356978979397,0.9205811683105194,TXSB,254.0
0.9025657220374187,0.8807356978979397,0.9205811683105194,TXSB,256.0
0.9025657220374187,0.8807356978979397,0.9205811683105194,TXSB,257.0
0.9013156310096665,0.8793656445769085,0.9194556791198293,TXSB,259.0
0.9013156310096665,0.8793656445769085,0.9194556791198293,TXSB,263.0
0.9013156310096665,0.8793656445769085,0.9194556791198293,TXSB,267.0
0.9013156310096665,0.8793656445769085,0.9194556791198293,TXSB,268.0
0.9013156310096665,0.8793656445769085,0.9194556791198293,TXSB,270.0
0.9000568102959656,0.8779859505629142,0.9183221212245829,TXSB,272.0
0.9000568102959656,0.8779859505629142,0.9183221212245829,TXSB,273.0
0.8987944585283696,0.8766030783080112,0.9171846570747537,TXSB,275.0
0.8975321067607733,0.8752213952736253,0.9160461289503934,TXSB,277.0
0.8962697549931777,0.8738408788646895,0.9149065549007795,TXSB,279.0
0.8950074032255815,0.8724615072645849,0.913765952416949,TXSB,280.0
0.8950074032255815,0.8724615072645849,0.913765952416949,TXSB,286.0
0.8937432684752633,0.8710810630837861,0.9126228991043919,TXSB,288.0
0.8924791337249443,0.8697017295535473,0.9114788459351845,TXSB,294.0
0.891214998974626,0.8683234867706536,0.9103338089810935,TXSB,296.0
0.8899508642243069,0.866946315483643,0.9091878038394415,TXSB,298.0
0.8886867294739886,0.8655701970632365,0.9080408456525625,TXSB,309.0
0.8874225947236696,0.8641951134744625,0.9068929491262241,TXSB,311.0
0.8861584599733513,0.8628210472503804,0.9057441285471081,TXSB,312.0
0.8848943252230324,0.8614479814672704,0.9045943977993832,TXSB,319.0
0.883630190472714,0.8600758997212135,0.9034437703804502,TXSB,320.0
0.8823660557223953,0.8587047861059475,0.9022922594158896,TXSB,324.0
0.881101920972077,0.8573346251919312,0.9011398776736769,TXSB,329.0
0.881101920972077,0.8573346251919312,0.9011398776736769,TXSB,331.0
0.881101920972077,0.8573346251919312,0.9011398776736769,TXSB,332.0
0.881101920972077,0.8573346251919312,0.9011398776736769,TXSB,333.0
0.881101920972077,0.8573346251919312,0.9011398776736769,TXSB,337.0
0.881101920972077,0.8573346251919312,0.9011398776736769,TXSB,342.0
0.881101920972077,0.8573346251919312,0.9011398776736769,TXSB,343.0
0.881101920972077,0.8573346251919312,0.9011398776736769,TXSB,346.0
0.881101920972077,0.8573346251919312,0.9011398776736769,TXSB,350.0
0.881101920972077,0.8573346251919312,0.9011398776736769,TXSB,351.0
0.881101920972077,0.8573346251919312,0.9011398776736769,TXSB,353.0
0.8798156407954749,0.855938479023675,0.899968525184468,TXSB,355.0
0.8798156407954749,0.855938479023675,0.899968525184468,TXSB,356.0
0.8785217942648939,0.8545341236521649,0.8987900938511066,TXSB,357.0
0.8785217942648939,0.8545341236521649,0.8987900938511066,TXSB,358.0
0.8785217942648939,0.8545341236521649,0.8987900938511066,TXSB,359.0
0.8785217942648939,0.8545341236521649,0.8987900938511066,TXSB,360.0
0.8785217942648939,0.8545341236521649,0.8987900938511066,TXSB,361.0
0.8785217942648939,0.8545341236521649,0.8987900938511066,TXSB,362.0
0.8785217942648939,0.8545341236521649,0.8987900938511066,TXSB,363.0
0.8785217942648939,0.8545341236521649,0.8987900938511066,TXSB,364.0
0.8785217942648939,0.8545341236521649,0.8987900938511066,TXSB,365.0
0.8785217942648939,0.8545341236521649,0.8987900938511066,TXSB,366.0
0.8771448008569551,0.8530289488685546,0.897543298228854,TXSB,367.0
0.8771448008569551,0.8530289488685546,0.897543298228854,TXSB,369.0
0.8757634704619045,0.8515197503252703,0.8962918963726961,TXSB,370.0
0.8743777687681351,0.8500064839374982,0.8950358632229767,TXSB,371.0
0.8743777687681351,0.8500064839374982,0.8950358632229767,TXSB,373.0
0.8743777687681351,0.8500064839374982,0.8950358632229767,TXSB,374.0
0.8743777687681351,0.8500064839374982,0.8950358632229767,TXSB,375.0
0.8743777687681351,0.8500064839374982,0.8950358632229767,TXSB,377.0
0.8729742731521348,0.8484726206514164,0.8937643781074651,TXSB,378.0
0.8729742731521348,0.8484726206514164,0.8937643781074651,TXSB,379.0
0.8729742731521348,0.8484726206514164,0.8937643781074651,TXSB,381.0
0.8729742731521348,0.8484726206514164,0.8937643781074651,TXSB,382.0
0.8729742731521348,0.8484726206514164,0.8937643781074651,TXSB,383.0
0.8715524909483043,0.8469175748288655,0.8924770337478871,TXSB,384.0
0.8701307087444733,0.8453639378097216,0.89118852272736,TXSB,385.0
0.8701307087444733,0.8453639378097216,0.89118852272736,TXSB,386.0
0.86727313663037,0.8422435692712996,0.888596762269615,TXSB,388.0
0.86727313663037,0.8422435692712996,0.888596762269615,TXSB,390.0
0.86727313663037,0.8422435692712996,0.888596762269615,TXSB,391.0
0.8658252682887497,0.840661970427364,0.8872837777317633,TXSB,392.0
0.8658252682887497,0.840661970427364,0.8872837777317633,TXSB,394.0
0.8643725413285338,0.8390758101660183,0.8859657059177235,TXSB,395.0
0.8643725413285338,0.8390758101660183,0.8859657059177235,TXSB,397.0
0.8643725413285338,0.8390758101660183,0.8859657059177235,TXSB,398.0
0.8629075031228924,0.8374759178592286,0.8846365391908874,TXSB,404.0
0.8629075031228924,0.8374759178592286,0.8846365391908874,TXSB,405.0
0.8629075031228924,0.8374759178592286,0.8846365391908874,TXSB,407.0
0.8629075031228924,0.8374759178592286,0.8846365391908874,TXSB,408.0
0.8629075031228924,0.8374759178592286,0.8846365391908874,TXSB,409.0
0.8614324475619984,0.8358651389802909,0.8832981130296009,TXSB,412.0
0.8614324475619984,0.8358651389802909,0.8832981130296009,TXSB,414.0
0.8614324475619984,0.8358651389802909,0.8832981130296009,TXSB,417.0
0.8599497755352139,0.8342464448988786,0.8819523523177877,TXSB,420.0
0.8599497755352139,0.8342464448988786,0.8819523523177877,TXSB,421.0
0.8599497755352139,0.8342464448988786,0.8819523523177877,TXSB,422.0
0.8599497755352139,0.8342464448988786,0.8819523523177877,TXSB,423.0
0.8599497755352139,0.8342464448988786,0.8819523523177877,TXSB,427.0
0.8599497755352139,0.8342464448988786,0.8819523523177877,TXSB,428.0
0.8599497755352139,0.8342464448988786,0.8819523523177877,TXSB,430.0
0.8584410917184851,0.8325971862009287,0.8805844436339141,TXSB,432.0
0.8584410917184851,0.8325971862009287,0.8805844436339141,TXSB,433.0
0.8584410917184851,0.8325971862009287,0.8805844436339141,TXSB,438.0
0.8569244113444243,0.8309396166133648,0.8792088478987715,TXSB,439.0
0.8569244113444243,0.8309396166133648,0.8792088478987715,TXSB,440.0
0.8569244113444243,0.8309396166133648,0.8792088478987715,TXSB,441.0
0.8569244113444243,0.8309396166133648,0.8792088478987715,TXSB,442.0
0.8569244113444243,0.8309396166133648,0.8792088478987715,TXSB,444.0
0.8569244113444243,0.8309396166133648,0.8792088478987715,TXSB,445.0
0.8553941891813095,0.829266909063602,0.8778211012832812,TXSB,446.0
0.8553941891813095,0.829266909063602,0.8778211012832812,TXSB,447.0
0.8523282601878281,0.825919457003145,0.8750373722413977,TXSB,448.0
0.8523282601878281,0.825919457003145,0.8750373722413977,TXSB,451.0
0.8523282601878281,0.825919457003145,0.8750373722413977,TXSB,452.0
0.8492512628586298,0.8225645585945345,0.8722397128993202,TXSB,453.0
0.8477099720004465,0.8208859505670304,0.8708367799596108,TXSB,455.0
0.8477099720004465,0.8208859505670304,0.8708367799596108,TXSB,456.0
0.8461658736907922,0.8192053897406684,0.8694303609520223,TXSB,459.0
0.8446217753811371,0.8175262984041715,0.8680227392974942,TXSB,468.0
0.8430776770714826,0.8158486508113927,0.8666139329280518,TXSB,470.0
0.8415335787618277,0.8141724220479329,0.8652039592500614,TXSB,483.0
0.8399894804521727,0.8124975879946807,0.8637928351658851,TXSB,488.0
0.8384453821425181,0.8108241252933576,0.8623805770943702,TXSB,489.0
0.8384453821425181,0.8108241252933576,0.8623805770943702,TXSB,491.0
0.8368984349429927,0.8091485515094049,0.8609648750434657,TXSB,506.0
0.8353514877434683,0.8074743151186234,0.8595480630233217,TXSB,510.0
0.8338045405439435,0.8058013945929305,0.8581301562793705,TXSB,520.0
0.8322575933444182,0.804129769055118,0.8567111696391697,TXSB,532.0
0.8307106461448934,0.8024594182521437,0.8552911175284322,TXSB,535.0
0.8291636989453682,0.8007903225298022,0.8538700139862538,TXSB,538.0
0.8276167517458431,0.7991224628086978,0.8524478726795974,TXSB,539.0
0.8260698045463185,0.7974558205614297,0.8510247069170649,TXSB,540.0
0.8245228573467932,0.7957903777909201,0.8496005296620068,TXSB,546.0
0.8229759101472686,0.794126117009821,0.8481753535450127,TXSB,553.0
0.8214289629477436,0.792463021220925,0.8467491908758042,TXSB,562.0
0.8198820157482185,0.7908010738985335,0.8453220536545838,TXSB,580.0
0.8183350685486936,0.7891402589707168,0.8438939535828547,TXSB,581.0
0.8167881213491687,0.7874805608024197,0.8424649020737504,TXSB,586.0
0.8152411741496439,0.7858219641793629,0.8410349102618987,TXSB,601.0
0.8152411741496439,0.7858219641793629,0.8410349102618987,TXSB,609.0
0.8136912859858609,0.7841609452086561,0.8396015440992884,TXSB,614.0
0.8121413978220783,0.7825010074310598,0.8381672527215576,TXSB,622.0
0.8105915096582962,0.7808421366205344,0.8367320465998115,TXSB,632.0
0.8090416214945136,0.7791843189207082,0.8352959359581863,TXSB,634.0
0.8074917333307307,0.7775275408318787,0.8338589307818997,TXSB,636.0
0.8059418451669481,0.7758717891985918,0.8324210408249563,TXSB,637.0
0.8043919570031653,0.774217051197767,0.8309822756175278,TXSB,638.0
0.8043919570031653,0.774217051197767,0.8309822756175278,TXSB,639.0
0.8012801892778147,0.770896370201087,0.8280921083969202,TXSB,644.0
0.7997243054151395,0.7692375259755518,0.826645730421452,TXSB,646.0
0.7981684215524638,0.7675796632770607,0.825198501474747,TXSB,650.0
0.7966125376897885,0.7659227704796147,0.8237504302628561,TXSB,652.0
0.7966125376897885,0.7659227704796147,0.8237504302628561,TXSB,655.0
0.7950536090446028,0.7642632427176185,0.8222989661498138,TXSB,661.0
0.7934946803994173,0.762604670515477,0.8208466707075701,TXSB,679.0
0.7934946803994173,0.762604670515477,0.8208466707075701,TXSB,683.0
0.7934946803994173,0.762604670515477,0.8208466707075701,TXSB,684.0
0.7919296021343296,0.7609397943387839,0.819388376931442,TXSB,687.0
0.7919296021343296,0.7609397943387839,0.819388376931442,TXSB,689.0
0.7903614247043604,0.7592722164422536,0.8179266474267989,TXSB,691.0
0.7887932472743914,0.7576055858849096,0.8164640932523367,TXSB,692.0
0.7887932472743914,0.7576055858849096,0.8164640932523367,TXSB,697.0
0.7887932472743914,0.7576055858849096,0.8164640932523367,TXSB,699.0
0.787215660779843,0.7559288171446535,0.8149927938388556,TXSB,701.0
0.7856349064409278,0.7542492708728872,0.8135179981175301,TXSB,702.0
0.7856349064409278,0.7542492708728872,0.8135179981175301,TXSB,703.0
0.7840509650972967,0.7525669240800488,0.8120396905415029,TXSB,704.0
0.7840509650972967,0.7525669240800488,0.8120396905415029,TXSB,706.0
0.7840509650972967,0.7525669240800488,0.8120396905415029,TXSB,707.0
0.7840509650972967,0.7525669240800488,0.8120396905415029,TXSB,712.0
0.7840509650972967,0.7525669240800488,0.8120396905415029,TXSB,713.0
0.7824475888905538,0.7508626519694506,0.810544183775467,TXSB,715.0
0.7824475888905538,0.7508626519694506,0.810544183775467,TXSB,716.0
0.7808409203302036,0.7491554897576141,0.8090450519641916,TXSB,717.0
0.7808409203302036,0.7491554897576141,0.8090450519641916,TXSB,719.0
0.7808409203302036,0.7491554897576141,0.8090450519641916,TXSB,720.0
0.7808409203302036,0.7491554897576141,0.8090450519641916,TXSB,721.0
0.7808409203302036,0.7491554897576141,0.8090450519641916,TXSB,723.0
0.7808409203302036,0.7491554897576141,0.8090450519641916,TXSB,724.0
0.7808409203302036,0.7491554897576141,0.8090450519641916,TXSB,725.0
0.7808409203302036,0.7491554897576141,0.8090450519641916,TXSB,726.0
0.7808409203302036,0.7491554897576141,0.8090450519641916,TXSB,727.0
0.7808409203302036,0.7491554897576141,0.8090450519641916,TXSB,728.0
0.7808409203302036,0.7491554897576141,0.8090450519641916,TXSB,729.0
0.7808409203302036,0.7491554897576141,0.8090450519641916,TXSB,730.0
0.7808409203302036,0.7491554897576141,0.8090450519641916,TXSB,731.0
0.7790417477027143,0.7472202147430216,0.8073849170153182,TXSB,732.0
0.7790417477027143,0.7472202147430216,0.8073849170153182,TXSB,733.0
0.7790417477027143,0.7472202147430216,0.8073849170153182,TXSB,737.0
0.7790417477027143,0.7472202147430216,0.8073849170153182,TXSB,739.0
0.7790417477027143,0.7472202147430216,0.8073849170153182,TXSB,740.0
0.7772000414433703,0.7452352544306141,0.8056886244294722,TXSB,742.0
0.7772000414433703,0.7452352544306141,0.8056886244294722,TXSB,743.0
0.7753539605848351,0.7432467228769476,0.8039873670225467,TXSB,745.0
0.7753539605848351,0.7432467228769476,0.8039873670225467,TXSB,746.0
0.7753539605848351,0.7432467228769476,0.8039873670225467,TXSB,748.0
0.7753539605848351,0.7432467228769476,0.8039873670225467,TXSB,752.0
0.7753539605848351,0.7432467228769476,0.8039873670225467,TXSB,754.0
0.7753539605848351,0.7432467228769476,0.8039873670225467,TXSB,755.0
0.7753539605848351,0.7432467228769476,0.8039873670225467,TXSB,756.0
0.7753539605848351,0.7432467228769476,0.8039873670225467,TXSB,757.0
0.7753539605848351,0.7432467228769476,0.8039873670225467,TXSB,758.0
0.7753539605848351,0.7432467228769476,0.8039873670225467,TXSB,759.0
0.7753539605848351,0.7432467228769476,0.8039873670225467,TXSB,760.0
0.7734155756833735,0.7411480317709443,0.8022095663163158,TXSB,761.0
0.7734155756833735,0.7411480317709443,0.8022095663163158,TXSB,762.0
0.7734155756833735,0.7411480317709443,0.8022095663163158,TXSB,763.0
0.7734155756833735,0.7411480317709443,0.8022095663163158,TXSB,764.0
0.7714625060478094,0.739033511629931,0.8004182373771437,TXSB,765.0
0.7695094364122453,0.7369210693007235,0.7986252481571211,TXSB,768.0
0.7695094364122453,0.7369210693007235,0.7986252481571211,TXSB,772.0
0.7695094364122453,0.7369210693007235,0.7986252481571211,TXSB,774.0
0.7695094364122453,0.7369210693007235,0.7986252481571211,TXSB,775.0
0.7695094364122453,0.7369210693007235,0.7986252481571211,TXSB,776.0
0.7695094364122453,0.7369210693007235,0.7986252481571211,TXSB,777.0
0.7675261646689148,0.7347739207979648,0.7968061593047565,TXSB,782.0
0.7675261646689148,0.7347739207979648,0.7968061593047565,TXSB,783.0
0.7675261646689148,0.7347739207979648,0.7968061593047565,TXSB,784.0
0.7675261646689148,0.7347739207979648,0.7968061593047565,TXSB,787.0
0.7675261646689148,0.7347739207979648,0.7968061593047565,TXSB,793.0
0.7675261646689148,0.7347739207979648,0.7968061593047565,TXSB,795.0
0.7675261646689148,0.7347739207979648,0.7968061593047565,TXSB,797.0
0.7675261646689148,0.7347739207979648,0.7968061593047565,TXSB,801.0
0.7675261646689148,0.7347739207979648,0.7968061593047565,TXSB,803.0
0.7675261646689148,0.7347739207979648,0.7968061593047565,TXSB,804.0
0.7654794282297981,0.7325514076312017,0.7949341895108278,TXSB,805.0
0.7654794282297981,0.7325514076312017,0.7949341895108278,TXSB,807.0
0.7654794282297981,0.7325514076312017,0.7949341895108278,TXSB,813.0
0.7654794282297981,0.7325514076312017,0.7949341895108278,TXSB,814.0
0.7654794282297981,0.7325514076312017,0.7949341895108278,TXSB,817.0
0.7654794282297981,0.7325514076312017,0.7949341895108278,TXSB,818.0
0.7654794282297981,0.7325514076312017,0.7949341895108278,TXSB,828.0
0.763393653220997,0.730283425288765,0.7930290005369515,TXSB,833.0
0.7613078782121966,0.7280179863571643,0.7911218003761741,TXSB,845.0
0.7613078782121966,0.7280179863571643,0.7911218003761741,TXSB,848.0
0.7592163730522729,0.725748025906704,0.789208020544488,TXSB,859.0
0.7592163730522729,0.725748025906704,0.789208020544488,TXSB,865.0
0.7571190902537853,0.7234734765599413,0.7872876283918984,TXSB,866.0
0.7550218074552988,0.7212013922046379,0.785365278013558,TXSB,874.0
0.7529245246568115,0.7189317300194815,0.7834409995550762,TXSB,879.0
0.7487299590598376,0.7143995080310008,0.7795867739523978,TXSB,900.0
0.7466326762613509,0.7121368695504123,0.7776568822100612,TXSB,910.0
0.7445353934628641,0.7098764957663433,0.7757251732771686,TXSB,925.0
0.7382435450674029,0.7031086061771955,0.7699193944827798,TXSB,932.0
0.7361462622689159,0.7008569403408554,0.7679806640430931,TXSB,944.0
0.7340489794704289,0.6986073691978468,0.7660402362635449,TXSB,951.0
0.7340489794704289,0.6986073691978468,0.7660402362635449,TXSB,957.0
0.7319456872656429,0.6963526358781692,0.7640932095204749,TXSB,966.0
0.7298423950608565,0.6940999605384084,0.7621445102815095,TXSB,971.0
0.7277391028560704,0.6918493135552731,0.7601941594746457,TXSB,976.0
0.725635810651284,0.6896006661885863,0.7582421774137146,TXSB,983.0
0.7235325184464972,0.6873539905467069,0.7562885838227303,TXSB,990.0
0.7214292262417108,0.6851092595536805,0.7543333978589708,TXSB,991.0
0.7193259340369245,0.6828664469180118,0.7523766381348718,TXSB,997.0
0.7193259340369245,0.6828664469180118,0.7523766381348718,TXSB,1008.0
0.7129975533855732,0.6761272747204331,0.7464817450011524,TXSB,1013.0
0.7129975533855732,0.6761272747204331,0.7464817450011524,TXSB,1014.0
0.7129975533855732,0.6761272747204331,0.7464817450011524,TXSB,1022.0
0.7129975533855732,0.6761272747204331,0.7464817450011524,TXSB,1023.0
0.7129975533855732,0.6761272747204331,0.7464817450011524,TXSB,1026.0
0.7108564195916223,0.6738469079215079,0.7444874850342255,TXSB,1028.0
0.7087152857976718,0.6715684761017713,0.7424916329497171,TXSB,1039.0
0.7087152857976718,0.6715684761017713,0.7424916329497171,TXSB,1043.0
0.7065676637194972,0.6692842376712748,0.7404888308864251,TXSB,1055.0
0.7044200416413228,0.6670019087845198,0.7384844536149419,TXSB,1059.0
0.7044200416413228,0.6670019087845198,0.7384844536149419,TXSB,1062.0
0.7001116621817426,0.6624273138505301,0.7344601207629619,TXSB,1064.0
0.7001116621817426,0.6624273138505301,0.7344601207629619,TXSB,1067.0
0.7001116621817426,0.6624273138505301,0.7344601207629619,TXSB,1075.0
0.7001116621817426,0.6624273138505301,0.7344601207629619,TXSB,1079.0
0.7001116621817426,0.6624273138505301,0.7344601207629619,TXSB,1081.0
0.7001116621817426,0.6624273138505301,0.7344601207629619,TXSB,1082.0
0.7001116621817426,0.6624273138505301,0.7344601207629619,TXSB,1087.0
0.7001116621817426,0.6624273138505301,0.7344601207629619,TXSB,1088.0
0.6978961189469901,0.6600699207429096,0.7323947758939862,TXSB,1089.0
0.6978961189469901,0.6600699207429096,0.7323947758939862,TXSB,1090.0
0.6978961189469901,0.6600699207429096,0.7323947758939862,TXSB,1091.0
0.6978961189469901,0.6600699207429096,0.7323947758939862,TXSB,1092.0
0.6978961189469901,0.6600699207429096,0.7323947758939862,TXSB,1093.0
0.6978961189469901,0.6600699207429096,0.7323947758939862,TXSB,1094.0
0.6978961189469901,0.6600699207429096,0.7323947758939862,TXSB,1095.0
0.6955928314257133,0.6576097251501102,0.7302555211261809,TXSB,1096.0
0.6955928314257133,0.6576097251501102,0.7302555211261809,TXSB,1097.0
0.6955928314257133,0.6576097251501102,0.7302555211261809,TXSB,1098.0
0.6955928314257133,0.6576097251501102,0.7302555211261809,TXSB,1100.0
0.6955928314257133,0.6576097251501102,0.7302555211261809,TXSB,1101.0
0.6955928314257133,0.6576097251501102,0.7302555211261809,TXSB,1102.0
0.6931521548242194,0.6549862070524295,0.7280025330732223,TXSB,1104.0
0.6931521548242194,0.6549862070524295,0.7280025330732223,TXSB,1105.0
0.6906941684595942,0.6523446844837406,0.7257331543030557,TXSB,1107.0
0.6906941684595942,0.6523446844837406,0.7257331543030557,TXSB,1111.0
0.6882274035722385,0.6496955481407434,0.7234542428302729,TXSB,1113.0
0.6882274035722385,0.6496955481407434,0.7234542428302729,TXSB,1115.0
0.6857517654298925,0.6470386878902069,0.7211657172577797,TXSB,1116.0
0.6857517654298925,0.6470386878902069,0.7211657172577797,TXSB,1117.0
0.6857517654298925,0.6470386878902069,0.7211657172577797,TXSB,1122.0
0.6857517654298925,0.6470386878902069,0.7211657172577797,TXSB,1123.0
0.6857517654298925,0.6470386878902069,0.7211657172577797,TXSB,1125.0
0.6832398542012118,0.6443408926872739,0.7188454380461256,TXSB,1126.0
0.6832398542012118,0.6443408926872739,0.7188454380461256,TXSB,1129.0
0.6832398542012118,0.6443408926872739,0.7188454380461256,TXSB,1130.0
0.6807093362226886,0.6416236868511215,0.7165075971190489,TXSB,1132.0
0.6807093362226886,0.6416236868511215,0.7165075971190489,TXSB,1134.0
0.6807093362226886,0.6416236868511215,0.7165075971190489,TXSB,1135.0
0.6807093362226886,0.6416236868511215,0.7165075971190489,TXSB,1137.0
0.6807093362226886,0.6416236868511215,0.7165075971190489,TXSB,1139.0
0.6807093362226886,0.6416236868511215,0.7165075971190489,TXSB,1141.0
0.6807093362226886,0.6416236868511215,0.7165075971190489,TXSB,1143.0
0.6807093362226886,0.6416236868511215,0.7165075971190489,TXSB,1144.0
0.6807093362226886,0.6416236868511215,0.7165075971190489,TXSB,1146.0
0.6807093362226886,0.6416236868511215,0.7165075971190489,TXSB,1147.0
0.6807093362226886,0.6416236868511215,0.7165075971190489,TXSB,1159.0
0.6807093362226886,0.6416236868511215,0.7165075971190489,TXSB,1160.0
0.6807093362226886,0.6416236868511215,0.7165075971190489,TXSB,1161.0
0.6807093362226886,0.6416236868511215,0.7165075971190489,TXSB,1163.0
0.6780187854866305,0.6387143748017958,0.7140390522359987,TXSB,1164.0
0.6780187854866305,0.6387143748017958,0.7140390522359987,TXSB,1166.0
0.6780187854866305,0.6387143748017958,0.7140390522359987,TXSB,1167.0
0.6725728514666579,0.6328283428231826,0.7090407357997699,TXSB,1171.0
0.6725728514666579,0.6328283428231826,0.7090407357997699,TXSB,1172.0
0.6698388154850867,0.6298779222925193,0.7065278458663791,TXSB,1189.0
0.6671047795035148,0.6269315796464034,0.7040116917208751,TXSB,1199.0
0.6643707435219427,0.6239892433351367,0.7014923257233777,TXSB,1201.0
0.6616367075403713,0.6210508444932163,0.698969798178206,TXSB,1222.0
0.6589026715587991,0.6181163168084767,0.696444157439604,TXSB,1228.0
0.653434599595656,0.6122586217006402,0.6913837206342429,TXSB,1252.0
0.653434599595656,0.6122586217006402,0.6913837206342429,TXSB,1253.0
0.6506890760679431,0.6093214209315142,0.688839748879961,TXSB,1254.0
0.6479435525402303,0.6063879114760098,0.6862927916797535,TXSB,1259.0
0.6451980290125172,0.6034580365419979,0.6837428901642675,TXSB,1263.0
0.6424525054848046,0.600531741328038,0.6811900839628331,TXSB,1264.0
0.6397069819570913,0.5976089729350672,0.6786344112731897,TXSB,1265.0
0.6369614584293787,0.5946896802832167,0.6760759089269442,TXSB,1277.0
0.6342159349016656,0.591773814033384,0.6735146124510559,TXSB,1288.0
0.6342159349016656,0.591773814033384,0.6735146124510559,TXSB,1304.0
0.6314584743151367,0.5888470243303949,0.6709408157879158,TXSB,1306.0
0.6287010137286078,0.5859236266938183,0.668364246346442,TXSB,1311.0
0.6259435531420787,0.583003575247924,0.6657849370641802,TXSB,1315.0
0.6231860925555498,0.5800868256410292,0.6632029197419347,TXSB,1321.0
0.6204286319690206,0.5771733349836446,0.6606182250916316,TXSB,1322.0
0.6204286319690206,0.5771733349836446,0.6606182250916316,TXSB,1344.0
0.6176588612905878,0.574248411796771,0.6580207656468365,TXSB,1357.0
0.6176588612905878,0.574248411796771,0.6580207656468365,TXSB,1369.0
0.6176588612905878,0.574248411796771,0.6580207656468365,TXSB,1393.0
0.6148640248141602,0.5712968938722546,0.6554000468414803,TXSB,1401.0
0.6148640248141602,0.5712968938722546,0.6554000468414803,TXSB,1402.0
0.6148640248141602,0.5712968938722546,0.6554000468414803,TXSB,1408.0
0.6148640248141602,0.5712968938722546,0.6554000468414803,TXSB,1418.0
0.6120305500454315,0.5683026611670332,0.652744901983206,TXSB,1421.0
0.6120305500454315,0.5683026611670332,0.652744901983206,TXSB,1422.0
0.6091838963242899,0.5652961830534828,0.6500761094904444,TXSB,1424.0
0.6091838963242899,0.5652961830534828,0.6500761094904444,TXSB,1428.0
0.6091838963242899,0.5652961830534828,0.6500761094904444,TXSB,1435.0
0.6091838963242899,0.5652961830534828,0.6500761094904444,TXSB,1436.0
0.6091838963242899,0.5652961830534828,0.6500761094904444,TXSB,1438.0
0.6091838963242899,0.5652961830534828,0.6500761094904444,TXSB,1441.0
0.6091838963242899,0.5652961830534828,0.6500761094904444,TXSB,1442.0
0.6091838963242899,0.5652961830534828,0.6500761094904444,TXSB,1443.0
0.6091838963242899,0.5652961830534828,0.6500761094904444,TXSB,1445.0
0.6091838963242899,0.5652961830534828,0.6500761094904444,TXSB,1446.0
0.6091838963242899,0.5652961830534828,0.6500761094904444,TXSB,1448.0
0.6061226707146202,0.5620355415729354,0.6472302859178657,TXSB,1449.0
0.6061226707146202,0.5620355415729354,0.6472302859178657,TXSB,1453.0
0.6061226707146202,0.5620355415729354,0.6472302859178657,TXSB,1454.0
0.6061226707146202,0.5620355415729354,0.6472302859178657,TXSB,1455.0
0.6061226707146202,0.5620355415729354,0.6472302859178657,TXSB,1457.0
0.6061226707146202,0.5620355415729354,0.6472302859178657,TXSB,1458.0
0.6028639466785196,0.5585390266191074,0.6442233698571227,TXSB,1459.0
0.6028639466785196,0.5585390266191074,0.6442233698571227,TXSB,1460.0
0.6028639466785196,0.5585390266191074,0.6442233698571227,TXSB,1461.0
0.6028639466785196,0.5585390266191074,0.6442233698571227,TXSB,1462.0
0.6028639466785196,0.5585390266191074,0.6442233698571227,TXSB,1463.0
0.6028639466785196,0.5585390266191074,0.6442233698571227,TXSB,1465.0
0.6028639466785196,0.5585390266191074,0.6442233698571227,TXSB,1466.0
0.6028639466785196,0.5585390266191074,0.6442233698571227,TXSB,1468.0
0.6028639466785196,0.5585390266191074,0.6442233698571227,TXSB,1469.0
0.6028639466785196,0.5585390266191074,0.6442233698571227,TXSB,1471.0
0.6028639466785196,0.5585390266191074,0.6442233698571227,TXSB,1474.0
0.6028639466785196,0.5585390266191074,0.6442233698571227,TXSB,1477.0
0.5992322361563593,0.5545853881414275,0.6409223780472222,TXSB,1478.0
0.5992322361563593,0.5545853881414275,0.6409223780472222,TXSB,1479.0
0.5955559647688968,0.5505846144390744,0.6375803333570004,TXSB,1480.0
0.5955559647688968,0.5505846144390744,0.6375803333570004,TXSB,1484.0
0.5955559647688968,0.5505846144390744,0.6375803333570004,TXSB,1485.0
0.5955559647688968,0.5505846144390744,0.6375803333570004,TXSB,1486.0
0.5917866232197263,0.5464757617094033,0.6341603153372679,TXSB,1488.0
0.5917866232197263,0.5464757617094033,0.6341603153372679,TXSB,1489.0
0.5917866232197263,0.5464757617094033,0.6341603153372679,TXSB,1490.0
0.5917866232197263,0.5464757617094033,0.6341603153372679,TXSB,1491.0
0.5917866232197263,0.5464757617094033,0.6341603153372679,TXSB,1500.0
0.5917866232197263,0.5464757617094033,0.6341603153372679,TXSB,1501.0
0.5917866232197263,0.5464757617094033,0.6341603153372679,TXSB,1513.0
0.5917866232197263,0.5464757617094033,0.6341603153372679,TXSB,1515.0
0.5917866232197263,0.5464757617094033,0.6341603153372679,TXSB,1523.0
0.5917866232197263,0.5464757617094033,0.6341603153372679,TXSB,1529.0
0.5917866232197263,0.5464757617094033,0.6341603153372679,TXSB,1535.0
0.5877608638780956,0.5420509535817276,0.6305403825060188,TXSB,1537.0
0.5877608638780956,0.5420509535817276,0.6305403825060188,TXSB,1539.0
0.5877608638780956,0.5420509535817276,0.6305403825060188,TXSB,1543.0
0.5836791912122753,0.5375670399523715,0.6268690960315518,TXSB,1574.0
0.5795975185464554,0.5330959061366639,0.6231875892016023,TXSB,1594.0
0.5755158458806353,0.5286372136900929,0.6194961304270367,TXSB,1604.0
0.5714341732148148,0.5241906440622832,0.6157949709644243,TXSB,1605.0
0.5673525005489949,0.5197558970860423,0.6120843462990109,TXSB,1621.0
0.5632708278831752,0.5153326896165852,0.6083644773847192,TXSB,1626.0
0.5591891552173549,0.5109207543030186,0.6046355717586435,TXSB,1627.0
0.5551074825515349,0.5065198384766587,0.6008978245450346,TXSB,1630.0
0.5510258098857147,0.5021297031428502,0.5971514193616902,TXSB,1674.0
0.5469441372198943,0.4977501220647534,0.5933965291399361,TXSB,1677.0
0.5469441372198943,0.4977501220647534,0.5933965291399361,TXSB,1684.0
0.5428317752859101,0.49334282304191707,0.5896096780111691,TXSB,1686.0
0.5387194133519259,0.488945968149777,0.5858144161660274,TXSB,1703.0
0.5387194133519259,0.488945968149777,0.5858144161660274,TXSB,1709.0
0.5345754178646034,0.48452028337318953,0.5819864235037995,TXSB,1710.0
0.5304314223772808,0.48010496000647657,0.5781500715706878,TXSB,1721.0
0.5262874268899584,0.4756998057903842,0.5743055046161802,TXSB,1734.0
0.5221434314026359,0.4713046383539495,0.5704528587544958,TXSB,1755.0
0.5221434314026359,0.4713046383539495,0.5704528587544958,TXSB,1761.0
0.5179662839514148,0.46687872663111385,0.5665663375160432,TXSB,1767.0
0.5179662839514148,0.46687872663111385,0.5665663375160432,TXSB,1789.0
0.5137551759518101,0.46242125963794356,0.5626451760163427,TXSB,1798.0
0.5137551759518101,0.46242125963794356,0.5626451760163427,TXSB,1800.0
0.5137551759518101,0.46242125963794356,0.5626451760163427,TXSB,1806.0
0.5137551759518101,0.46242125963794356,0.5626451760163427,TXSB,1807.0
0.5137551759518101,0.46242125963794356,0.5626451760163427,TXSB,1808.0
0.5137551759518101,0.46242125963794356,0.5626451760163427,TXSB,1811.0
0.5137551759518101,0.46242125963794356,0.5626451760163427,TXSB,1812.0
0.5137551759518101,0.46242125963794356,0.5626451760163427,TXSB,1814.0
0.5137551759518101,0.46242125963794356,0.5626451760163427,TXSB,1815.0
0.5137551759518101,0.46242125963794356,0.5626451760163427,TXSB,1816.0
0.5137551759518101,0.46242125963794356,0.5626451760163427,TXSB,1817.0
0.5137551759518101,0.46242125963794356,0.5626451760163427,TXSB,1818.0
0.5137551759518101,0.46242125963794356,0.5626451760163427,TXSB,1819.0
0.5137551759518101,0.46242125963794356,0.5626451760163427,TXSB,1821.0
0.5137551759518101,0.46242125963794356,0.5626451760163427,TXSB,1822.0
0.5137551759518101,0.46242125963794356,0.5626451760163427,TXSB,1823.0
0.5137551759518101,0.46242125963794356,0.5626451760163427,TXSB,1824.0
0.5137551759518101,0.46242125963794356,0.5626451760163427,TXSB,1825.0
1.0,1.0,1.0,TXSA,0.0
0.9976525821596243,0.9834543242619924,0.9996690007491208,TXSA,2.0
0.9953051643192483,0.981359681945484,0.9988237615115431,TXSA,4.0
0.9929577464788724,0.9783260371294065,0.9977232882256254,TXSA,8.0
0.9882629107981213,0.9720328774731654,0.9950978808993645,TXSA,9.0
0.9859154929577459,0.9689197434690856,0.993647705439437,TXSA,10.0
0.9812206572769949,0.962800727148268,0.9905640906251321,TXSA,11.0
0.9788732394366193,0.9597913436178506,0.9889512823309483,TXSA,15.0
0.9765258215962437,0.9568116402404495,0.9873005161068018,TXSA,17.0
0.9765258215962437,0.9568116402404495,0.9873005161068018,TXSA,18.0
0.9741727473273373,0.9538488014651467,0.9856136702631515,TXSA,26.0
0.9694665987895246,0.9479958294915813,0.9821558674284147,TXSA,29.0
0.9671135245206173,0.9451014256073225,0.9803908266600138,TXSA,30.0
0.9647604502517114,0.9422260196169818,0.9786048119438161,TXSA,36.0
0.9577012274449909,0.9336995991998664,0.9731384417321055,TXSA,59.0
0.9577012274449909,0.9336995991998664,0.9731384417321055,TXSA,63.0
0.9553423574266531,0.9308778642389784,0.9712811594651212,TXSA,65.0
0.9529834874083165,0.9280693965606308,0.9694099578042762,TXSA,83.0
0.9506246173899783,0.925273349108167,0.967525778479316,TXSA,87.0
0.9482657473716413,0.9224889635040066,0.9656294572975104,TXSA,89.0
0.9459068773533039,0.9197155577673213,0.9637217401820121,TXSA,101.0
0.9435480073349661,0.9169525160913704,0.9618032962098167,TXSA,106.0
0.9411891373166292,0.9141992802847221,0.9598747283089376,TXSA,129.0
0.9388302672982916,0.9114553425642431,0.9579365821094649,TXSA,132.0
0.9364713972799544,0.9087202394526707,0.9559893533240995,TXSA,140.0
0.9341125272616168,0.9059935465839757,0.9540334939465493,TXSA,159.0
0.9341125272616168,0.9059935465839757,0.9540334939465493,TXSA,176.0
0.9341125272616168,0.9059935465839757,0.9540334939465493,TXSA,178.0
0.9341125272616168,0.9059935465839757,0.9540334939465493,TXSA,179.0
0.9341125272616168,0.9059935465839757,0.9540334939465493,TXSA,181.0
0.9341125272616168,0.9059935465839757,0.9540334939465493,TXSA,182.0
0.9341125272616168,0.9059935465839757,0.9540334939465493,TXSA,183.0
0.9316799425552059,0.9031700706957367,0.9520180772534497,TXSA,184.0
0.9316799425552059,0.9031700706957367,0.9520180772534497,TXSA,185.0
0.9316799425552059,0.9031700706957367,0.9520180772534497,TXSA,189.0
0.9316799425552059,0.9031700706957367,0.9520180772534497,TXSA,191.0
0.9292086429728315,0.9003006287900894,0.9499671710487765,TXSA,192.0
0.9292086429728315,0.9003006287900894,0.9499671710487765,TXSA,199.0
0.9292086429728315,0.9003006287900894,0.9499671710487765,TXSA,204.0
0.9292086429728315,0.9003006287900894,0.9499671710487765,TXSA,206.0
0.9292086429728315,0.9003006287900894,0.9499671710487765,TXSA,209.0
0.9292086429728315,0.9003006287900894,0.9499671710487765,TXSA,210.0
0.9267040374661659,0.8973933453657514,0.9478845053973601,TXSA,216.0
0.9241994319595008,0.894495758038921,0.9457933183133685,TXSA,217.0
0.921694826452836,0.8916073737640848,0.9436939889262773,TXSA,222.0
0.9191902209461706,0.8887277431363014,0.9415868671247614,TXSA,225.0
0.9191902209461706,0.8887277431363014,0.9415868671247614,TXSA,227.0
0.9166787722550612,0.8858469452750903,0.9394674047066798,TXSA,230.0
0.9166787722550612,0.8858469452750903,0.9394674047066798,TXSA,239.0
0.9166787722550612,0.8858469452750903,0.9394674047066798,TXSA,248.0
0.9166787722550612,0.8858469452750903,0.9394674047066798,TXSA,249.0
0.9141324423321301,0.8829258945852941,0.9373158132798003,TXSA,250.0
0.9115861124091996,0.8800131487402606,0.9351569732581871,TXSA,251.0
0.9115861124091996,0.8800131487402606,0.9351569732581871,TXSA,253.0
0.909025477261983,0.8770886701996505,0.93298087457744,TXSA,262.0
0.9064576086821469,0.8741621035386918,0.9307927265127848,TXSA,270.0
0.9064576086821469,0.8741621035386918,0.9307927265127848,TXSA,272.0
0.903882445021118,0.8712331857737273,0.9285926540328513,TXSA,273.0
0.9013072813600892,0.868311661736738,0.9263861248760143,TXSA,284.0
0.8987321176990606,0.8653972356819103,0.9241733632206525,TXSA,305.0
0.896156954038032,0.8624896330294795,0.9219545792864032,TXSA,310.0
0.8935817903770031,0.8595885982904348,0.9197299705257868,TXSA,333.0
0.8935817903770031,0.8595885982904348,0.9197299705257868,TXSA,339.0
0.8935817903770031,0.8595885982904348,0.9197299705257868,TXSA,349.0
0.8935817903770031,0.8595885982904348,0.9197299705257868,TXSA,352.0
0.8935817903770031,0.8595885982904348,0.9197299705257868,TXSA,353.0
0.8935817903770031,0.8595885982904348,0.9197299705257868,TXSA,355.0
0.8909689781244392,0.8566435601240315,0.9174718805018577,TXSA,356.0
0.8909689781244392,0.8566435601240315,0.9174718805018577,TXSA,358.0
0.8909689781244392,0.8566435601240315,0.9174718805018577,TXSA,359.0
0.8909689781244392,0.8566435601240315,0.9174718805018577,TXSA,360.0
0.8909689781244392,0.8566435601240315,0.9174718805018577,TXSA,361.0
0.8909689781244392,0.8566435601240315,0.9174718805018577,TXSA,362.0
0.8909689781244392,0.8566435601240315,0.9174718805018577,TXSA,363.0
0.8909689781244392,0.8566435601240315,0.9174718805018577,TXSA,364.0
0.888219073870969,0.8535207045378485,0.9151073827430063,TXSA,365.0
0.888219073870969,0.8535207045378485,0.9151073827430063,TXSA,366.0
0.888219073870969,0.8535207045378485,0.9151073827430063,TXSA,367.0
0.888219073870969,0.8535207045378485,0.9151073827430063,TXSA,368.0
0.888219073870969,0.8535207045378485,0.9151073827430063,TXSA,373.0
0.888219073870969,0.8535207045378485,0.9151073827430063,TXSA,375.0
0.888219073870969,0.8535207045378485,0.9151073827430063,TXSA,381.0
0.888219073870969,0.8535207045378485,0.9151073827430063,TXSA,382.0
0.888219073870969,0.8535207045378485,0.9151073827430063,TXSA,386.0
0.888219073870969,0.8535207045378485,0.9151073827430063,TXSA,387.0
0.8852973006016561,0.8501718073586968,0.9126119851811232,TXSA,388.0
0.882375527332344,0.8468332708492498,0.9101088329212556,TXSA,389.0
0.882375527332344,0.8468332708492498,0.9101088329212556,TXSA,392.0
0.882375527332344,0.8468332708492498,0.9101088329212556,TXSA,393.0
0.882375527332344,0.8468332708492498,0.9101088329212556,TXSA,395.0
0.882375527332344,0.8468332708492498,0.9101088329212556,TXSA,404.0
0.882375527332344,0.8468332708492498,0.9101088329212556,TXSA,405.0
0.882375527332344,0.8468332708492498,0.9101088329212556,TXSA,406.0
0.882375527332344,0.8468332708492498,0.9101088329212556,TXSA,409.0
0.882375527332344,0.8468332708492498,0.9101088329212556,TXSA,411.0
0.8793640067612436,0.8433818664757506,0.9075336381086146,TXSA,418.0
0.8793640067612436,0.8433818664757506,0.9075336381086146,TXSA,419.0
0.8793640067612436,0.8433818664757506,0.9075336381086146,TXSA,425.0
0.8763317170827568,0.8399129021120925,0.9049355168229446,TXSA,427.0
0.8763317170827568,0.8399129021120925,0.9049355168229446,TXSA,428.0
0.8763317170827568,0.8399129021120925,0.9049355168229446,TXSA,434.0
0.8732568689526419,0.8363965077947064,0.9022988638495124,TXSA,436.0
0.8732568689526419,0.8363965077947064,0.9022988638495124,TXSA,437.0
0.8732568689526419,0.8363965077947064,0.9022988638495124,TXSA,438.0
0.8701380944206683,0.8328310517754921,0.8996225871981295,TXSA,442.0
0.8701380944206683,0.8328310517754921,0.8996225871981295,TXSA,445.0
0.8669854201655216,0.8292304836134298,0.8969137725674324,TXSA,447.0
0.8669854201655216,0.8292304836134298,0.8969137725674324,TXSA,450.0
0.8669854201655216,0.8292304836134298,0.8969137725674324,TXSA,454.0
0.8638096493956848,0.8256096425333556,0.8941801480975684,TXSA,461.0
0.8638096493956848,0.8256096425333556,0.8941801480975684,TXSA,464.0
0.8606221599145201,0.8219839272795068,0.8914299744783108,TXSA,478.0
0.8574346704333549,0.8183689307234612,0.8886719088135595,TXSA,484.0
0.8542471809521899,0.8147642098354212,0.8859062086927565,TXSA,486.0
0.8510596914710252,0.8111693538065212,0.8831331155043048,TXSA,495.0
0.8478722019898604,0.8075839809326901,0.8803528558622544,TXSA,498.0
0.8446847125086953,0.8040077358697408,0.8775656428709028,TXSA,508.0
0.8414972230275304,0.800440287207752,0.8747716772496805,TXSA,516.0
0.8383097335463657,0.7968813253210951,0.8719711483370886,TXSA,525.0
0.8351222440652005,0.7933305604572655,0.8691642349895059,TXSA,577.0
0.8319347545840361,0.7897877210333001,0.8663511063882698,TXSA,579.0
0.8287472651028709,0.7862525521132125,0.8635319227664107,TXSA,580.0
0.8287472651028709,0.7862525521132125,0.8635319227664107,TXSA,598.0
0.8287472651028709,0.7862525521132125,0.8635319227664107,TXSA,604.0
0.825535066400922,0.7826927555902061,0.8606881051293023,TXSA,617.0
0.8223228676989726,0.7791404194232237,0.8578383724597929,TXSA,640.0
0.8191106689970232,0.7755953191175896,0.8549828678659533,TXSA,644.0
0.8191106689970232,0.7755953191175896,0.8549828678659533,TXSA,680.0
0.8191106689970232,0.7755953191175896,0.8549828678659533,TXSA,689.0
0.8191106689970232,0.7755953191175896,0.8549828678659533,TXSA,690.0
0.8191106689970232,0.7755953191175896,0.8549828678659533,TXSA,692.0
0.8191106689970232,0.7755953191175896,0.8549828678659533,TXSA,698.0
0.8158342263210353,0.7719744036508097,0.8520727422419153,TXSA,700.0
0.8125577836450476,0.7683609465552091,0.8491567171288593,TXSA,702.0
0.8125577836450476,0.7683609465552091,0.8491567171288593,TXSA,704.0
0.8125577836450476,0.7683609465552091,0.8491567171288593,TXSA,705.0
0.8125577836450476,0.7683609465552091,0.8491567171288593,TXSA,706.0
0.8092412212628228,0.76470310720687,0.8462042913889959,TXSA,707.0
0.8092412212628228,0.76470310720687,0.8462042913889959,TXSA,724.0
0.8092412212628228,0.76470310720687,0.8462042913889959,TXSA,725.0
0.8092412212628228,0.76470310720687,0.8462042913889959,TXSA,726.0
0.8092412212628228,0.76470310720687,0.8462042913889959,TXSA,727.0
0.8092412212628228,0.76470310720687,0.8462042913889959,TXSA,728.0
0.8092412212628228,0.76470310720687,0.8462042913889959,TXSA,730.0
0.8092412212628228,0.76470310720687,0.8462042913889959,TXSA,731.0
0.8092412212628228,0.76470310720687,0.8462042913889959,TXSA,732.0
0.8092412212628228,0.76470310720687,0.8462042913889959,TXSA,736.0
0.8092412212628228,0.76470310720687,0.8462042913889959,TXSA,739.0
0.805691917660793,0.7607507492687754,0.8430700376731961,TXSA,741.0
0.805691917660793,0.7607507492687754,0.8430700376731961,TXSA,743.0
0.805691917660793,0.7607507492687754,0.8430700376731961,TXSA,744.0
0.805691917660793,0.7607507492687754,0.8430700376731961,TXSA,748.0
0.805691917660793,0.7607507492687754,0.8430700376731961,TXSA,750.0
0.8020789494201613,0.7567248157528784,0.8398808616175202,TXSA,751.0
0.8020789494201613,0.7567248157528784,0.8398808616175202,TXSA,752.0
0.8020789494201613,0.7567248157528784,0.8398808616175202,TXSA,753.0
0.8020789494201613,0.7567248157528784,0.8398808616175202,TXSA,754.0
0.8020789494201613,0.7567248157528784,0.8398808616175202,TXSA,756.0
0.8020789494201613,0.7567248157528784,0.8398808616175202,TXSA,760.0
0.8020789494201613,0.7567248157528784,0.8398808616175202,TXSA,766.0
0.8020789494201613,0.7567248157528784,0.8398808616175202,TXSA,768.0
0.8020789494201613,0.7567248157528784,0.8398808616175202,TXSA,772.0
0.8020789494201613,0.7567248157528784,0.8398808616175202,TXSA,775.0
0.8020789494201613,0.7567248157528784,0.8398808616175202,TXSA,777.0
0.8020789494201613,0.7567248157528784,0.8398808616175202,TXSA,778.0
0.8020789494201613,0.7567248157528784,0.8398808616175202,TXSA,780.0
0.8020789494201613,0.7567248157528784,0.8398808616175202,TXSA,783.0
0.8020789494201613,0.7567248157528784,0.8398808616175202,TXSA,786.0
0.798204171886731,0.7523633571139877,0.836490587996156,TXSA,792.0
0.798204171886731,0.7523633571139877,0.836490587996156,TXSA,794.0
0.7942914063382668,0.7479645987881435,0.8330629951230688,TXSA,795.0
0.7942914063382668,0.7479645987881435,0.8330629951230688,TXSA,801.0
0.7903592706633246,0.7435534039591698,0.8296116295946518,TXSA,803.0
0.7903592706633246,0.7435534039591698,0.8296116295946518,TXSA,806.0
0.7903592706633246,0.7435534039591698,0.8296116295946518,TXSA,807.0
0.7903592706633246,0.7435534039591698,0.8296116295946518,TXSA,809.0
0.7903592706633246,0.7435534039591698,0.8296116295946518,TXSA,812.0
0.7903592706633246,0.7435534039591698,0.8296116295946518,TXSA,820.0
0.7862641449085922,0.7389384791041107,0.8260317020027241,TXSA,839.0
0.7821690191538601,0.7343384605768924,0.8224411289600431,TXSA,845.0
0.7780738933991278,0.7297527830124406,0.8188402422057386,TXSA,860.0
0.7739787676443957,0.7251809202546565,0.8152293513376285,TXSA,900.0
0.7698836418896633,0.7206223817894875,0.8116087458558711,TXSA,927.0
0.7657885161349312,0.7160767095805644,0.8079786969641287,TXSA,945.0
0.7616933903801991,0.711543475253661,0.8043394591627322,TXSA,946.0
0.7575982646254662,0.7070222775844932,0.8006912716626774,TXSA,950.0
0.7535031388707344,0.7025127402511998,0.7970343596446737,TXSA,967.0
0.7453128873612695,0.6935272539253573,0.7896951992560872,TXSA,984.0
0.7453128873612695,0.6935272539253573,0.7896951992560872,TXSA,1018.0
0.7411951366023674,0.6890217063949551,0.7859961107591632,TXSA,1021.0
0.7370773858434653,0.6845267714984523,0.7822889178943457,TXSA,1025.0
0.7329596350845632,0.6800421604538749,0.7785737964190184,TXSA,1028.0
0.728841884325661,0.6755676006310467,0.7748509128900225,TXSA,1035.0
0.728841884325661,0.6755676006310467,0.7748509128900225,TXSA,1043.0
0.728841884325661,0.6755676006310467,0.7748509128900225,TXSA,1059.0
0.7246770735580855,0.6710432710622153,0.77108418244086,TXSA,1070.0
0.7246770735580855,0.6710432710622153,0.77108418244086,TXSA,1079.0
0.7162505959585733,0.6619023446240869,0.7634526882682624,TXSA,1080.0
0.7162505959585733,0.6619023446240869,0.7634526882682624,TXSA,1082.0
0.7162505959585733,0.6619023446240869,0.7634526882682624,TXSA,1083.0
0.7162505959585733,0.6619023446240869,0.7634526882682624,TXSA,1089.0
0.7162505959585733,0.6619023446240869,0.7634526882682624,TXSA,1091.0
0.7162505959585733,0.6619023446240869,0.7634526882682624,TXSA,1092.0
0.7162505959585733,0.6619023446240869,0.7634526882682624,TXSA,1093.0
0.7162505959585733,0.6619023446240869,0.7634526882682624,TXSA,1094.0
0.7162505959585733,0.6619023446240869,0.7634526882682624,TXSA,1095.0
0.7115996180627381,0.6567877530590193,0.7592926410595162,TXSA,1096.0
0.7068556206089867,0.6515675810592179,0.7550521518815676,TXSA,1097.0
0.7068556206089867,0.6515675810592179,0.7550521518815676,TXSA,1098.0
0.7068556206089867,0.6515675810592179,0.7550521518815676,TXSA,1099.0
0.7068556206089867,0.6515675810592179,0.7550521518815676,TXSA,1106.0
0.7068556206089867,0.6515675810592179,0.7550521518815676,TXSA,1107.0
0.7068556206089867,0.6515675810592179,0.7550521518815676,TXSA,1110.0
0.7068556206089867,0.6515675810592179,0.7550521518815676,TXSA,1115.0
0.7068556206089867,0.6515675810592179,0.7550521518815676,TXSA,1117.0
0.7018066518903512,0.6459651049164393,0.7505750794032676,TXSA,1118.0
0.7018066518903512,0.6459651049164393,0.7505750794032676,TXSA,1119.0
0.6967210964418702,0.6403341499800101,0.7460570122160923,TXSA,1121.0
0.6967210964418702,0.6403341499800101,0.7460570122160923,TXSA,1122.0
0.6967210964418702,0.6403341499800101,0.7460570122160923,TXSA,1127.0
0.6967210964418702,0.6403341499800101,0.7460570122160923,TXSA,1130.0
0.6914825919573447,0.6345217969313954,0.7414130826663693,TXSA,1131.0
0.6862440874728193,0.628730635236928,0.7367537179213139,TXSA,1132.0
0.6862440874728193,0.628730635236928,0.7367537179213139,TXSA,1137.0
0.6862440874728193,0.628730635236928,0.7367537179213139,TXSA,1143.0
0.6862440874728193,0.628730635236928,0.7367537179213139,TXSA,1145.0
0.6862440874728193,0.628730635236928,0.7367537179213139,TXSA,1148.0
0.6808405907210648,0.6227434452195297,0.7319590600952343,TXSA,1149.0
0.6808405907210648,0.6227434452195297,0.7319590600952343,TXSA,1151.0
0.6808405907210648,0.6227434452195297,0.7319590600952343,TXSA,1152.0
0.6808405907210648,0.6227434452195297,0.7319590600952343,TXSA,1153.0
0.6753053013656094,0.6166051998225269,0.7270524821182424,TXSA,1155.0
0.6753053013656094,0.6166051998225269,0.7270524821182424,TXSA,1158.0
0.6753053013656094,0.6166051998225269,0.7270524821182424,TXSA,1170.0
0.6753053013656094,0.6166051998225269,0.7270524821182424,TXSA,1175.0
0.6753053013656094,0.6166051998225269,0.7270524821182424,TXSA,1176.0
0.6695823750828499,0.6102429402845841,0.721993322402787,TXSA,1206.0
0.6638594488000903,0.6039070960313329,0.7169149854762442,TXSA,1209.0
0.6581365225173311,0.5975967156294901,0.7118180706146015,TXSA,1227.0
0.6581365225173311,0.5975967156294901,0.7118180706146015,TXSA,1249.0
0.6523633951268282,0.5912452323358736,0.7066665966009185,TXSA,1275.0
0.6465902677363249,0.5849183732639552,0.7014970176171117,TXSA,1296.0
0.6408171403458222,0.5786153363801626,0.6963098336444107,TXSA,1306.0
0.6408171403458222,0.5786153363801626,0.6963098336444107,TXSA,1321.0
0.6408171403458222,0.5786153363801626,0.6963098336444107,TXSA,1356.0
0.6408171403458222,0.5786153363801626,0.6963098336444107,TXSA,1373.0
0.6348836483055826,0.572127540340851,0.6909876585649901,TXSA,1379.0
0.6348836483055826,0.572127540340851,0.6909876585649901,TXSA,1397.0
0.6348836483055826,0.572127540340851,0.6909876585649901,TXSA,1423.0
0.6348836483055826,0.572127540340851,0.6909876585649901,TXSA,1434.0
0.628778997841106,0.565442162735089,0.6855219607821903,TXSA,1440.0
0.622674347376629,0.5587840046368532,0.6800361551251727,TXSA,1445.0
0.622674347376629,0.5587840046368532,0.6800361551251727,TXSA,1452.0
0.622674347376629,0.5587840046368532,0.6800361551251727,TXSA,1455.0
0.622674347376629,0.5587840046368532,0.6800361551251727,TXSA,1456.0
0.622674347376629,0.5587840046368532,0.6800361551251727,TXSA,1457.0
0.622674347376629,0.5587840046368532,0.6800361551251727,TXSA,1459.0
0.622674347376629,0.5587840046368532,0.6800361551251727,TXSA,1460.0
0.622674347376629,0.5587840046368532,0.6800361551251727,TXSA,1461.0
0.622674347376629,0.5587840046368532,0.6800361551251727,TXSA,1462.0
0.622674347376629,0.5587840046368532,0.6800361551251727,TXSA,1466.0
0.622674347376629,0.5587840046368532,0.6800361551251727,TXSA,1476.0
0.622674347376629,0.5587840046368532,0.6800361551251727,TXSA,1478.0
0.622674347376629,0.5587840046368532,0.6800361551251727,TXSA,1479.0
0.622674347376629,0.5587840046368532,0.6800361551251727,TXSA,1483.0
0.622674347376629,0.5587840046368532,0.6800361551251727,TXSA,1484.0
0.622674347376629,0.5587840046368532,0.6800361551251727,TXSA,1491.0
0.622674347376629,0.5587840046368532,0.6800361551251727,TXSA,1494.0
0.6146913429230826,0.5496100936534117,0.6732435852168516,TXSA,1502.0
0.6146913429230826,0.5496100936534117,0.6732435852168516,TXSA,1507.0
0.6146913429230826,0.5496100936534117,0.6732435852168516,TXSA,1510.0
0.6146913429230826,0.5496100936534117,0.6732435852168516,TXSA,1524.0
0.606153963160262,0.5397253988727293,0.6660470618759464,TXSA,1525.0
0.5976165833974417,0.5299315294300554,0.6587853831218161,TXSA,1538.0
0.5976165833974417,0.5299315294300554,0.6587853831218161,TXSA,1540.0
0.5976165833974417,0.5299315294300554,0.6587853831218161,TXSA,1547.0
0.5976165833974417,0.5299315294300554,0.6587853831218161,TXSA,1570.0
0.5886969328989724,0.5196835143769275,0.6512208273177528,TXSA,1587.0
0.5886969328989724,0.5196835143769275,0.6512208273177528,TXSA,1605.0
0.5886969328989724,0.5196835143769275,0.6512208273177528,TXSA,1636.0
0.5794985433224261,0.5091370268234716,0.6434127470374018,TXSA,1672.0
0.5794985433224261,0.5091370268234716,0.6434127470374018,TXSA,1747.0
0.5794985433224261,0.5091370268234716,0.6434127470374018,TXSA,1772.0
0.5699985672023861,0.49826595121991035,0.6353431286154181,TXSA,1795.0
0.5699985672023861,0.49826595121991035,0.6353431286154181,TXSA,1810.0
0.5699985672023861,0.49826595121991035,0.6353431286154181,TXSA,1812.0
0.5699985672023861,0.49826595121991035,0.6353431286154181,TXSA,1815.0
0.5699985672023861,0.49826595121991035,0.6353431286154181,TXSA,1819.0
0.5699985672023861,0.49826595121991035,0.6353431286154181,TXSA,1823.0
0.5699985672023861,0.49826595121991035,0.6353431286154181,TXSA,1825.0
0.9986394557823126,0.9903813792919904,0.9998082369123379,TXGC,0.0
0.9986394557823126,0.9903813792919904,0.9998082369123379,TXGC,2.0
0.9918274540375495,0.9818999154830826,0.9963201092887851,TXGC,3.0
0.9877402529906913,0.9765709138883217,0.9936022318708688,TXGC,4.0
0.9863778526417384,0.9748306053775907,0.9926473638329973,TXGC,5.0
0.9850154522927862,0.9731056511019669,0.991673661726954,TXGC,6.0
0.9822906515948809,0.9696962769222354,0.9896785281768125,TXGC,7.0
0.9809282512459283,0.9680094997844179,0.9886604917145441,TXGC,8.0
0.9782034505480225,0.9646669308255056,0.9865899279260012,TXGC,9.0
0.9768410501990697,0.9630095518687121,0.9855394037884261,TXGC,10.0
0.9754786498501175,0.961360539696407,0.9844798215079316,TXGC,12.0
0.9727538491522117,0.9580853518360122,0.9823361648243113,TXGC,14.0
0.9713914488032593,0.956458194104322,0.9812532315742396,TXGC,19.0
0.9700290484543067,0.9548374227153259,0.9801635480043361,TXGC,20.0
0.9686666481053537,0.9532226620170035,0.9790675377250113,TXGC,30.0
0.9659418474074486,0.9500098437524829,0.9768580192553846,TXGC,40.0
0.9645794470584957,0.9484111958433725,0.975745163238793,TXGC,47.0
0.9632170467095436,0.9468173709226019,0.9746272940806469,TXGC,48.0
0.9618546463605904,0.9452281330404592,0.973504668381928,TXGC,49.0
0.9604922460116382,0.9436432652517759,0.9723775208788086,TXGC,59.0
0.959129845662685,0.9420625675614903,0.971246066975779,TXGC,60.0
0.9577674453137327,0.9404858551432093,0.9701105049127792,TXGC,64.0
0.9550426446158272,0.937343713551765,0.9678277743738372,TXGC,73.0
0.9536802442668743,0.935777977562454,0.9666809321055285,TXGC,77.0
0.9523178439179217,0.9342156109792743,0.9655306367110775,TXGC,82.0
0.9509554435689691,0.9326564850674549,0.9643770240743205,TXGC,91.0
0.9495930432200167,0.9311004793814031,0.9632202210148324,TXGC,96.0
0.9482306428710641,0.9295474810387284,0.9620603461162242,TXGC,106.0
0.946868242522111,0.9279973840735364,0.9608975104593818,TXGC,109.0
0.9455058421731586,0.9264500888587411,0.9597318182736658,TXGC,110.0
0.9441434418242057,0.9249055015886636,0.9585633675170273,TXGC,116.0
0.9427810414752528,0.9233635338144583,0.9573922503943201,TXGC,119.0
0.9414186411263007,0.9218241020259532,0.9562185538216743,TXGC,122.0
0.9400562407773474,0.9202871272743888,0.9550423598436435,TXGC,128.0
0.9386938404283952,0.9187525348313094,0.9538637460088873,TXGC,136.0
0.9386938404283952,0.9187525348313094,0.9538637460088873,TXGC,138.0
0.9386938404283952,0.9187525348313094,0.9538637460088873,TXGC,143.0
0.9373274738484411,0.9172150219445446,0.952679795589617,TXGC,148.0
0.9373274738484411,0.9172150219445446,0.952679795589617,TXGC,151.0
0.9359591125727494,0.9156771646391407,0.9514920401112944,TXGC,153.0
0.9345887478398466,0.9141389104400527,0.9503005255661443,TXGC,155.0
0.9345887478398466,0.9141389104400527,0.9503005255661443,TXGC,158.0
0.9332163708239289,0.9126002086320462,0.9491052951811461,TXGC,159.0
0.930471616792094,0.9095291711962964,0.9467084865371301,TXGC,160.0
0.930471616792094,0.9095291711962964,0.9467084865371301,TXGC,165.0
0.9290951794891472,0.907991449946892,0.9455039122314525,TXGC,173.0
0.9277166999943564,0.9064530879373517,0.9442957836841411,TXGC,174.0
0.9277166999943564,0.9064530879373517,0.9442957836841411,TXGC,176.0
0.9277166999943564,0.9064530879373517,0.9442957836841411,TXGC,177.0
0.9263341117678369,0.904911382268846,0.9430825502922633,TXGC,178.0
0.9263341117678369,0.904911382268846,0.9430825502922633,TXGC,179.0
0.9263341117678369,0.904911382268846,0.9430825502922633,TXGC,180.0
0.9263341117678369,0.904911382268846,0.9430825502922633,TXGC,181.0
0.92491986121552,0.9033306594836179,0.9418430722045449,TXGC,182.0
0.92491986121552,0.9033306594836179,0.9418430722045449,TXGC,183.0
0.9234903096525898,0.9017322369881458,0.9405898538039215,TXGC,184.0
0.922054088331202,0.9001273656606197,0.9393294937729949,TXGC,185.0
0.922054088331202,0.9001273656606197,0.9393294937729949,TXGC,187.0
0.9206133788181844,0.8985188711749317,0.9380636815472013,TXGC,189.0
0.919172669305167,0.8969125312023705,0.9367958967088983,TXGC,190.0
0.9177319597921494,0.895308288047793,0.9355261874114487,TXGC,192.0
0.9177319597921494,0.895308288047793,0.9355261874114487,TXGC,194.0
0.9162889850126019,0.8937031784728914,0.9342528460730439,TXGC,195.0
0.9162889850126019,0.8937031784728914,0.9342528460730439,TXGC,197.0
0.9133893363258531,0.8904814109513669,0.9316900245791188,TXGC,204.0
0.9133893363258531,0.8904814109513669,0.9316900245791188,TXGC,209.0
0.9133893363258531,0.8904814109513669,0.9316900245791188,TXGC,210.0
0.9133893363258531,0.8904814109513669,0.9316900245791188,TXGC,211.0
0.9133893363258531,0.8904814109513669,0.9316900245791188,TXGC,214.0
0.9119302479291662,0.8888616435334726,0.9303987047131949,TXGC,216.0
0.91047115953248,0.8872438387173337,0.9291056004990044,TXGC,217.0
0.91047115953248,0.8872438387173337,0.9291056004990044,TXGC,220.0
0.9090097290998436,0.8856249673460035,0.9278089230511227,TXGC,223.0
0.9075482986672073,0.8840079789047259,0.9265105299752798,TXGC,226.0
0.9075482986672073,0.8840079789047259,0.9265105299752798,TXGC,238.0
0.9075482986672073,0.8840079789047259,0.9265105299752798,TXGC,239.0
0.9060821463268721,0.8823868418024913,0.9252067573705214,TXGC,242.0
0.9060821463268721,0.8823868418024913,0.9252067573705214,TXGC,245.0
0.9046136177266659,0.8807645203671294,0.9238994586009083,TXGC,249.0
0.9031450891264604,0.8791439947631673,0.92259052481729,TXGC,252.0
0.9031450891264604,0.8791439947631673,0.92259052481729,TXGC,255.0
0.9016741687858639,0.8775222079605929,0.9212781051066179,TXGC,264.0
0.9002032484452669,0.8759021506216859,0.9199641078647836,TXGC,265.0
0.8987323281046703,0.8742837847340889,0.9186485645353009,TXGC,271.0
0.8972589964192527,0.8726640498232386,0.9173295947951811,TXGC,276.0
0.8957856647338353,0.8710459476162756,0.9160091303438688,TXGC,278.0
0.8943123330484176,0.8694294439714765,0.9146871996102397,TXGC,281.0
0.8928390013629999,0.8678145060515869,0.9133638300357526,TXGC,284.0
0.8928390013629999,0.8678145060515869,0.9133638300357526,TXGC,291.0
0.891363234418598,0.8661980697620996,0.9120371049171646,TXGC,297.0
0.8898874674741964,0.8645831491034871,0.9107089853612181,TXGC,299.0
0.8884117005297943,0.8629697143748483,0.9093794963250512,TXGC,303.0
0.8869334780663504,0.8613546939649008,0.9080466931274885,TXGC,315.0
0.8854552556029064,0.859741114636118,0.9067125605152396,TXGC,316.0
0.8839770331394623,0.8581289494005802,0.9053771212759812,TXGC,317.0
0.8824988106760189,0.856518172208228,0.9040403974727975,TXGC,320.0
0.8795423657491311,0.8533006821736159,0.9013631809934831,TXGC,326.0
0.8780641432856872,0.8516939215272774,0.9000227290986081,TXGC,330.0
0.875107698358799,0.848484255321236,0.8973382353546778,TXGC,335.0
0.875107698358799,0.848484255321236,0.8973382353546778,TXGC,347.0
0.875107698358799,0.848484255321236,0.8973382353546778,TXGC,349.0
0.875107698358799,0.848484255321236,0.8973382353546778,TXGC,350.0
0.875107698358799,0.848484255321236,0.8973382353546778,TXGC,353.0
0.875107698358799,0.848484255321236,0.8973382353546778,TXGC,355.0
0.875107698358799,0.848484255321236,0.8973382353546778,TXGC,356.0
0.8736117877633136,0.8468596590922867,0.8959798714834644,TXGC,358.0
0.8736117877633136,0.8468596590922867,0.8959798714834644,TXGC,359.0
0.8736117877633136,0.8468596590922867,0.8959798714834644,TXGC,360.0
0.8736117877633136,0.8468596590922867,0.8959798714834644,TXGC,361.0
0.8736117877633136,0.8468596590922867,0.8959798714834644,TXGC,362.0
0.8736117877633136,0.8468596590922867,0.8959798714834644,TXGC,363.0
0.8736117877633136,0.8468596590922867,0.8959798714834644,TXGC,364.0
0.8736117877633136,0.8468596590922867,0.8959798714834644,TXGC,365.0
0.8736117877633136,0.8468596590922867,0.8959798714834644,TXGC,366.0
0.8736117877633136,0.8468596590922867,0.8959798714834644,TXGC,367.0
0.8736117877633136,0.8468596590922867,0.8959798714834644,TXGC,368.0
0.8736117877633136,0.8468596590922867,0.8959798714834644,TXGC,371.0
0.8736117877633136,0.8468596590922867,0.8959798714834644,TXGC,372.0
0.8736117877633136,0.8468596590922867,0.8959798714834644,TXGC,373.0
0.8736117877633136,0.8468596590922867,0.8959798714834644,TXGC,374.0
0.8736117877633136,0.8468596590922867,0.8959798714834644,TXGC,376.0
0.8736117877633136,0.8468596590922867,0.8959798714834644,TXGC,377.0
0.8703026522036044,0.8432222037423074,0.8930046960856407,TXGC,378.0
0.8703026522036044,0.8432222037423074,0.8930046960856407,TXGC,384.0
0.8703026522036044,0.8432222037423074,0.8930046960856407,TXGC,385.0
0.8703026522036044,0.8432222037423074,0.8930046960856407,TXGC,386.0
0.8703026522036044,0.8432222037423074,0.8930046960856407,TXGC,388.0
0.8703026522036044,0.8432222037423074,0.8930046960856407,TXGC,391.0
0.8703026522036044,0.8432222037423074,0.8930046960856407,TXGC,392.0
0.8686192815030171,0.8413704545487497,0.8914917969577646,TXGC,393.0
0.8669359108024302,0.8395207988316822,0.8899771858433665,TXGC,395.0
0.8669359108024302,0.8395207988316822,0.8899771858433665,TXGC,396.0
0.865249265061569,0.8376691023355329,0.8884582938097217,TXGC,397.0
0.8635626193207082,0.8358194271626224,0.8869377400676791,TXGC,401.0
0.8618759735798475,0.8339717306213509,0.8854155542082522,TXGC,402.0
0.8601860206904753,0.8321218639612553,0.8838891253087192,TXGC,405.0
0.8584960678011033,0.8302739119434639,0.8823611094816894,TXGC,408.0
0.8584960678011033,0.8302739119434639,0.8823611094816894,TXGC,412.0
0.8584960678011033,0.8302739119434639,0.8823611094816894,TXGC,414.0
0.8584960678011033,0.8302739119434639,0.8823611094816894,TXGC,418.0
0.8584960678011033,0.8302739119434639,0.8823611094816894,TXGC,423.0
0.8584960678011033,0.8302739119434639,0.8823611094816894,TXGC,424.0
0.8567825027955123,0.8283985577865867,0.8808126587275419,TXGC,425.0
0.8550655037919138,0.8265209006733846,0.8792598519498827,TXGC,430.0
0.8550655037919138,0.8265209006733846,0.8792598519498827,TXGC,431.0
0.8533450500619504,0.8246408981383898,0.8777026849791403,TXGC,432.0
0.8533450500619504,0.8246408981383898,0.8777026849791403,TXGC,435.0
0.8533450500619504,0.8246408981383898,0.8777026849791403,TXGC,441.0
0.8498902118025897,0.8208693893289009,0.8745724549627683,TXGC,442.0
0.8498902118025897,0.8208693893289009,0.8745724549627683,TXGC,450.0
0.8464283372127629,0.8170966993146358,0.8714303583150794,TXGC,453.0
0.8464283372127629,0.8170966993146358,0.8714303583150794,TXGC,455.0
0.8446867151197327,0.8151999447603765,0.8698484268781523,TXGC,457.0
0.8429450930267026,0.813305021680078,0.8682649738351328,TXGC,458.0
0.8429450930267026,0.813305021680078,0.8682649738351328,TXGC,463.0
0.8411998650908298,0.8114074680455255,0.8666771133149848,TXGC,467.0
0.8377094092190838,0.8076176710672055,0.8634969583476363,TXGC,475.0
0.8342189533473379,0.8038347456979226,0.8603110394574005,TXGC,481.0
0.8324737254114647,0.8019457854860308,0.8587159715564276,TXGC,482.0
0.8307284974755917,0.8000584558737525,0.8571195250483541,TXGC,512.0
0.8289832695397183,0.7981727297195435,0.8555217194722815,TXGC,514.0
0.8272380416038455,0.7962885807496208,0.8539225738088175,TXGC,523.0
0.8254928136679718,0.7944059835202861,0.8523221065022212,TXGC,539.0
0.8237475857320987,0.7925249133823243,0.8507203354814178,TXGC,552.0
0.8220023577962259,0.7906453464473245,0.8491172781799344,TXGC,555.0
0.8202571298603528,0.7887672595558111,0.8475129515548385,TXGC,557.0
0.8185119019244795,0.7868906302470637,0.8459073721047362,TXGC,558.0
0.8167666739886069,0.7850154367305204,0.8443005558868855,TXGC,559.0
0.8150214460527336,0.783141657858659,0.8426925185334763,TXGC,560.0
0.8132762181168602,0.781269273101276,0.8410832752671363,TXGC,565.0
0.8115309901809871,0.7793982625210664,0.8394728409156957,TXGC,570.0
0.8097857622451143,0.777528606750429,0.8378612299262604,TXGC,584.0
0.8080405343092412,0.7756602869694255,0.8362484563786334,TXGC,588.0
0.8062953063733679,0.7737932848848237,0.8346345339981213,TXGC,590.0
0.804550078437495,0.7719275827101585,0.8330194761677583,TXGC,592.0
0.8028048505016221,0.7700631631467522,0.83140329593998,TXGC,593.0
0.8010596225657489,0.7682000093656421,0.8297860060477812,TXGC,597.0
0.8010596225657489,0.7682000093656421,0.8297860060477812,TXGC,599.0
0.7993105840885312,0.7663335695451965,0.8281644451155318,TXGC,604.0
0.7975615456113133,0.7644683751294702,0.8265417905401607,TXGC,613.0
0.7958125071340951,0.762604410352488,0.8249180543095713,TXGC,617.0
0.7923144301796599,0.7588801087052678,0.821667383422089,TXGC,618.0
0.7905653917024422,0.7570197423142843,0.8200404713558059,TXGC,624.0
0.7888163532252243,0.7551605464932573,0.8184125228326925,TXGC,639.0
0.7870673147480063,0.7533025074054519,0.8167835485069963,TXGC,657.0
0.7853182762707887,0.751445611561085,0.8151535587907811,TXGC,660.0
0.7835653336898275,0.7495852401867605,0.8135192831265692,TXGC,662.0
0.7835653336898275,0.7495852401867605,0.8135192831265692,TXGC,663.0
0.7835653336898275,0.7495852401867605,0.8135192831265692,TXGC,665.0
0.7782828707660757,0.7439830383368041,0.8085905611584765,TXGC,666.0
0.7765220497914921,0.7421178795501213,0.8069456608478286,TXGC,677.0
0.7765220497914921,0.7421178795501213,0.8069456608478286,TXGC,683.0
0.7765220497914921,0.7421178795501213,0.8069456608478286,TXGC,685.0
0.7765220497914921,0.7421178795501213,0.8069456608478286,TXGC,690.0
0.7747491683992738,0.7402396368128609,0.805289616074693,TXGC,692.0
0.7747491683992738,0.7402396368128609,0.805289616074693,TXGC,699.0
0.7729722207653306,0.7383577336015842,0.8036291490896813,TXGC,704.0
0.7694183254974438,0.7345972767026834,0.8003052417241353,TXGC,705.0
0.7694183254974438,0.7345972767026834,0.8003052417241353,TXGC,706.0
0.7676372645587917,0.7327138730311912,0.7986383454300496,TXGC,707.0
0.7676372645587917,0.7327138730311912,0.7986383454300496,TXGC,708.0
0.7676372645587917,0.7327138730311912,0.7986383454300496,TXGC,710.0
0.7676372645587917,0.7327138730311912,0.7986383454300496,TXGC,711.0
0.7676372645587917,0.7327138730311912,0.7986383454300496,TXGC,712.0
0.7676372645587917,0.7327138730311912,0.7986383454300496,TXGC,714.0
0.7676372645587917,0.7327138730311912,0.7986383454300496,TXGC,717.0
0.7640077739462207,0.7288713027873649,0.7952447411827958,TXGC,718.0
0.7640077739462207,0.7288713027873649,0.7952447411827958,TXGC,719.0
0.7640077739462207,0.7288713027873649,0.7952447411827958,TXGC,720.0
0.7640077739462207,0.7288713027873649,0.7952447411827958,TXGC,721.0
0.7640077739462207,0.7288713027873649,0.7952447411827958,TXGC,722.0
0.7640077739462207,0.7288713027873649,0.7952447411827958,TXGC,724.0
0.7640077739462207,0.7288713027873649,0.7952447411827958,TXGC,725.0
0.7640077739462207,0.7288713027873649,0.7952447411827958,TXGC,726.0
0.7640077739462207,0.7288713027873649,0.7952447411827958,TXGC,727.0
0.7640077739462207,0.7288713027873649,0.7952447411827958,TXGC,728.0
0.7640077739462207,0.7288713027873649,0.7952447411827958,TXGC,729.0
0.7620637338089528,0.7267988457873584,0.7934381881671942,TXGC,730.0
0.7620637338089528,0.7267988457873584,0.7934381881671942,TXGC,731.0
0.7620637338089528,0.7267988457873584,0.7934381881671942,TXGC,732.0
0.7620637338089528,0.7267988457873584,0.7934381881671942,TXGC,733.0
0.7620637338089528,0.7267988457873584,0.7934381881671942,TXGC,736.0
0.7620637338089528,0.7267988457873584,0.7934381881671942,TXGC,737.0
0.7620637338089528,0.7267988457873584,0.7934381881671942,TXGC,739.0
0.7599872658694182,0.7245692920505287,0.7915211094725106,TXGC,740.0
0.7599872658694182,0.7245692920505287,0.7915211094725106,TXGC,741.0
0.7599872658694182,0.7245692920505287,0.7915211094725106,TXGC,746.0
0.7599872658694182,0.7245692920505287,0.7915211094725106,TXGC,749.0
0.7599872658694182,0.7245692920505287,0.7915211094725106,TXGC,750.0
0.7599872658694182,0.7245692920505287,0.7915211094725106,TXGC,752.0
0.7599872658694182,0.7245692920505287,0.7915211094725106,TXGC,755.0
0.7599872658694182,0.7245692920505287,0.7915211094725106,TXGC,756.0
0.7599872658694182,0.7245692920505287,0.7915211094725106,TXGC,759.0
0.7599872658694182,0.7245692920505287,0.7915211094725106,TXGC,760.0
0.7599872658694182,0.7245692920505287,0.7915211094725106,TXGC,762.0
0.7578220599837504,0.7222343658647329,0.7895300682114853,TXGC,763.0
0.7578220599837504,0.7222343658647329,0.7895300682114853,TXGC,765.0
0.7556381347388407,0.719879066254992,0.7875219398803094,TXGC,766.0
0.7556381347388407,0.719879066254992,0.7875219398803094,TXGC,767.0
0.7556381347388407,0.719879066254992,0.7875219398803094,TXGC,768.0
0.7556381347388407,0.719879066254992,0.7875219398803094,TXGC,770.0
0.7556381347388407,0.719879066254992,0.7875219398803094,TXGC,771.0
0.753422187129636,0.7174872354459016,0.7854859382416265,TXGC,773.0
0.753422187129636,0.7174872354459016,0.7854859382416265,TXGC,776.0
0.753422187129636,0.7174872354459016,0.7854859382416265,TXGC,778.0
0.753422187129636,0.7174872354459016,0.7854859382416265,TXGC,780.0
0.7511731656755182,0.7150576349758773,0.7834211901864344,TXGC,782.0
0.7511731656755182,0.7150576349758773,0.7834211901864344,TXGC,787.0
0.7511731656755182,0.7150576349758773,0.7834211901864344,TXGC,788.0
0.7511731656755182,0.7150576349758773,0.7834211901864344,TXGC,789.0
0.7511731656755182,0.7150576349758773,0.7834211901864344,TXGC,791.0
0.7488968833552896,0.7125974165255707,0.7813323472376402,TXGC,798.0
0.746620601035061,0.7101399285541375,0.7792413273398744,TXGC,799.0
0.7443443187148319,0.7076851243309145,0.7771481627556193,TXGC,800.0
0.7443443187148319,0.7076851243309145,0.7771481627556193,TXGC,801.0
0.7420610539334979,0.7052244671065745,0.7750472350017068,TXGC,804.0
0.7397777891521639,0.7027664379833044,0.7729441995424924,TXGC,810.0
0.7397777891521639,0.7027664379833044,0.7729441995424924,TXGC,821.0
0.7397777891521639,0.7027664379833044,0.7729441995424924,TXGC,825.0
0.7374803426020017,0.7002937840779387,0.7708275860911896,TXGC,829.0
0.7351828960518396,0.6978237397496746,0.7687088747713227,TXGC,851.0
0.7328854495016776,0.6953562631311277,0.7665880945799202,TXGC,856.0
0.7305880029515158,0.6928913137315605,0.7644652735801603,TXGC,863.0
0.7282905564013535,0.6904288523774206,0.7623404389420988,TXGC,885.0
0.7259931098511919,0.6879688411561523,0.7602136169810736,TXGC,895.0
0.7236956633010297,0.6855112433630559,0.758084833193937,TXGC,921.0
0.7213982167508676,0.6830560234510092,0.7559541122932796,TXGC,924.0
0.7191007702007055,0.6806031469828556,0.7538214782397648,TXGC,939.0
0.7168033236505439,0.6781525805862936,0.7516869542727121,TXGC,940.0
0.7168033236505439,0.6781525805862936,0.7516869542727121,TXGC,965.0
0.7168033236505439,0.6781525805862936,0.7516869542727121,TXGC,970.0
0.7144910548645744,0.6756865433853562,0.749538373058089,TXGC,978.0
0.7121787860786044,0.6732228134984575,0.7473879009639195,TXGC,980.0
0.709866517292635,0.670761359154993,0.745235560154217,TXGC,982.0
0.709866517292635,0.670761359154993,0.745235560154217,TXGC,988.0
0.709866517292635,0.670761359154993,0.745235560154217,TXGC,997.0
0.7075390860883968,0.6682840421777665,0.7430688695869048,TXGC,1002.0
0.7075390860883968,0.6682840421777665,0.7430688695869048,TXGC,1013.0
0.7075390860883968,0.6682840421777665,0.7430688695869048,TXGC,1027.0
0.7051962414324746,0.6657905926992752,0.7408876008774384,TXGC,1041.0
0.7028533967765529,0.6632994514228809,0.738704434610237,TXGC,1044.0
0.6981677074647095,0.658323971339426,0.7343324947664351,TXGC,1046.0
0.6958248628087876,0.655839573721166,0.732143762331769,TXGC,1050.0
0.6958248628087876,0.655839573721166,0.732143762331769,TXGC,1051.0
0.6934741031371368,0.6533479654989137,0.7299466530344566,TXGC,1052.0
0.6934741031371368,0.6533479654989137,0.7299466530344566,TXGC,1054.0
0.6911072973243818,0.6508394957977232,0.7277344215986477,TXGC,1057.0
0.6887404915116273,0.6483332551283624,0.7255203431931837,TXGC,1059.0
0.6887404915116273,0.6483332551283624,0.7255203431931837,TXGC,1062.0
0.6863655242995184,0.6458195380374488,0.7232976617282375,TXGC,1063.0
0.6839823106734785,0.6432982534659061,0.7210662987096959,TXGC,1064.0
0.6815990970474382,0.6407791799590107,0.7188330979884975,TXGC,1067.0
0.6815990970474382,0.6407791799590107,0.7188330979884975,TXGC,1070.0
0.6815990970474382,0.6407791799590107,0.7188330979884975,TXGC,1073.0
0.6815990970474382,0.6407791799590107,0.7188330979884975,TXGC,1079.0
0.6815990970474382,0.6407791799590107,0.7188330979884975,TXGC,1081.0
0.6815990970474382,0.6407791799590107,0.7188330979884975,TXGC,1084.0
0.6815990970474382,0.6407791799590107,0.7188330979884975,TXGC,1086.0
0.6815990970474382,0.6407791799590107,0.7188330979884975,TXGC,1090.0
0.6791205548763565,0.6381490724637962,0.7165191292497832,TXGC,1091.0
0.6791205548763565,0.6381490724637962,0.7165191292497832,TXGC,1092.0
0.6791205548763565,0.6381490724637962,0.7165191292497832,TXGC,1093.0
0.6791205548763565,0.6381490724637962,0.7165191292497832,TXGC,1094.0
0.6791205548763565,0.6381490724637962,0.7165191292497832,TXGC,1095.0
0.6791205548763565,0.6381490724637962,0.7165191292497832,TXGC,1096.0
0.6791205548763565,0.6381490724637962,0.7165191292497832,TXGC,1098.0
0.6765481285321281,0.6354092276119143,0.7141259804609775,TXGC,1099.0
0.6765481285321281,0.6354092276119143,0.7141259804609775,TXGC,1100.0
0.6765481285321281,0.6354092276119143,0.7141259804609775,TXGC,1103.0
0.6765481285321281,0.6354092276119143,0.7141259804609775,TXGC,1105.0
0.6765481285321281,0.6354092276119143,0.7141259804609775,TXGC,1106.0
0.6765481285321281,0.6354092276119143,0.7141259804609775,TXGC,1109.0
0.6765481285321281,0.6354092276119143,0.7141259804609775,TXGC,1112.0
0.6765481285321281,0.6354092276119143,0.7141259804609775,TXGC,1117.0
0.6765481285321281,0.6354092276119143,0.7141259804609775,TXGC,1118.0
0.6738634137363654,0.632537020408939,0.7116391024679032,TXGC,1123.0
0.6738634137363654,0.632537020408939,0.7116391024679032,TXGC,1125.0
0.6738634137363654,0.632537020408939,0.7116391024679032,TXGC,1126.0
0.6738634137363654,0.632537020408939,0.7116391024679032,TXGC,1127.0
0.6711352217779182,0.6296156056097736,0.7091143112833282,TXGC,1129.0
0.6711352217779182,0.6296156056097736,0.7091143112833282,TXGC,1131.0
0.6711352217779182,0.6296156056097736,0.7091143112833282,TXGC,1132.0
0.6683733484372686,0.6266569587945132,0.7065594467742723,TXGC,1136.0
0.6683733484372686,0.6266569587945132,0.7065594467742723,TXGC,1137.0
0.6683733484372686,0.6266569587945132,0.7065594467742723,TXGC,1151.0
0.6683733484372686,0.6266569587945132,0.7065594467742723,TXGC,1152.0
0.6655650570572801,0.6236456721289314,0.7039642222498271,TXGC,1156.0
0.6655650570572801,0.6236456721289314,0.7039642222498271,TXGC,1158.0
0.6655650570572801,0.6236456721289314,0.7039642222498271,TXGC,1159.0
0.6655650570572801,0.6236456721289314,0.7039642222498271,TXGC,1160.0
0.6655650570572801,0.6236456721289314,0.7039642222498271,TXGC,1162.0
0.6626838230440455,0.6205494526335817,0.7013073872735038,TXGC,1163.0
0.6598025890308106,0.6174575303600639,0.6986471128415559,TXGC,1166.0
0.6598025890308106,0.6174575303600639,0.6986471128415559,TXGC,1177.0
0.6569087180262895,0.6143544417223361,0.6959733263364731,TXGC,1183.0
0.6540148470217684,0.6112555820283239,0.693296145481367,TXGC,1188.0
0.651120976017247,0.6081608818878473,0.6906156197794152,TXGC,1205.0
0.6482271050127257,0.6050702744774252,0.687931796832379,TXGC,1238.0
0.645333234008205,0.6019836954199401,0.6852447224338776,TXGC,1242.0
0.6424393630036836,0.5989010826716531,0.6825544406566267,TXGC,1251.0
0.6395454919991624,0.5958223764160353,0.6798609939341156,TXGC,1263.0
0.6366516209946419,0.5927475189639118,0.6771644231371322,TXGC,1271.0
0.6337577499901206,0.5896764546594738,0.6744647676455323,TXGC,1276.0
0.6308638789855993,0.5866091297917502,0.6717620654156078,TXGC,1284.0
0.6279700079810784,0.5835454925111473,0.6690563530433647,TXGC,1298.0
0.6250761369765574,0.5804854927507185,0.6663476658240147,TXGC,1313.0
0.6221822659720359,0.5774290821518422,0.6636360378079467,TXGC,1317.0
0.6192883949675148,0.5743762139940132,0.6609215018534282,TXGC,1325.0
0.6163945239629941,0.5713268431284729,0.6582040896762564,TXGC,1346.0
0.6135006529584727,0.5682809259154334,0.6554838318965729,TXGC,1357.0
0.6106067819539518,0.5652384201646659,0.6527607580830388,TXGC,1359.0
0.6077129109494305,0.5621992850792296,0.6500348967945296,TXGC,1373.0
0.6048190399449095,0.5591634812021596,0.6473062756195345,TXGC,1380.0
0.6048190399449095,0.5591634812021596,0.6473062756195345,TXGC,1381.0
0.6048190399449095,0.5591634812021596,0.6473062756195345,TXGC,1389.0
0.6018972088340647,0.5560979194057606,0.6445517862120375,TXGC,1390.0
0.5989753777232198,0.5530357450787535,0.6417944878885902,TXGC,1391.0
0.5989753777232198,0.5530357450787535,0.6417944878885902,TXGC,1415.0
0.5960392239108512,0.5499600113583842,0.6390225438571803,TXGC,1419.0
0.5960392239108512,0.5499600113583842,0.6390225438571803,TXGC,1422.0
0.5960392239108512,0.5499600113583842,0.6390225438571803,TXGC,1434.0
0.5960392239108512,0.5499600113583842,0.6390225438571803,TXGC,1436.0
0.5960392239108512,0.5499600113583842,0.6390225438571803,TXGC,1437.0
0.5960392239108512,0.5499600113583842,0.6390225438571803,TXGC,1444.0
0.5960392239108512,0.5499600113583842,0.6390225438571803,TXGC,1445.0
0.5960392239108512,0.5499600113583842,0.6390225438571803,TXGC,1448.0
0.5929348529529822,0.546687984289948,0.6361094430818034,TXGC,1449.0
0.5929348529529822,0.546687984289948,0.6361094430818034,TXGC,1450.0
0.5929348529529822,0.546687984289948,0.6361094430818034,TXGC,1451.0
0.5897470311629119,0.5433203337207603,0.6331249551468076,TXGC,1452.0
0.5897470311629119,0.5433203337207603,0.6331249551468076,TXGC,1453.0
0.5897470311629119,0.5433203337207603,0.6331249551468076,TXGC,1456.0
0.5864338455945808,0.5398064593629568,0.630035437824521,TXGC,1457.0
0.5864338455945808,0.5398064593629568,0.630035437824521,TXGC,1458.0
0.5864338455945808,0.5398064593629568,0.630035437824521,TXGC,1459.0
0.5864338455945808,0.5398064593629568,0.630035437824521,TXGC,1460.0
0.5864338455945808,0.5398064593629568,0.630035437824521,TXGC,1461.0
0.5864338455945808,0.5398064593629568,0.630035437824521,TXGC,1462.0
0.5864338455945808,0.5398064593629568,0.630035437824521,TXGC,1466.0
0.5864338455945808,0.5398064593629568,0.630035437824521,TXGC,1468.0
0.5864338455945808,0.5398064593629568,0.630035437824521,TXGC,1469.0
0.5864338455945808,0.5398064593629568,0.630035437824521,TXGC,1474.0
0.582550177742961,0.5355955289617715,0.6264950008672179,TXGC,1479.0
0.582550177742961,0.5355955289617715,0.6264950008672179,TXGC,1480.0
0.582550177742961,0.5355955289617715,0.6264950008672179,TXGC,1482.0
0.582550177742961,0.5355955289617715,0.6264950008672179,TXGC,1488.0
0.582550177742961,0.5355955289617715,0.6264950008672179,TXGC,1493.0
0.582550177742961,0.5355955289617715,0.6264950008672179,TXGC,1494.0
0.582550177742961,0.5355955289617715,0.6264950008672179,TXGC,1495.0
0.5784477117025176,0.5311185265152988,0.6227812515869018,TXGC,1524.0
0.5784477117025176,0.5311185265152988,0.6227812515869018,TXGC,1531.0
0.574315942333214,0.5266164474590769,0.6190358981221961,TXGC,1541.0
0.574315942333214,0.5266164474590769,0.6190358981221961,TXGC,1556.0
0.5701542326061616,0.5220885855640005,0.6152583894614664,TXGC,1573.0
0.5659925228791094,0.5175728794515077,0.6114711746705289,TXGC,1598.0
0.5618308131520571,0.5130690400160424,0.6076744772779026,TXGC,1620.0
0.5576691034250045,0.508576794343042,0.6038685071704458,TXGC,1649.0
0.5535073936979524,0.5040958845729923,0.6000534616119985,TXGC,1651.0
0.5493456839709,0.49962606687118033,0.5962295261628705,TXGC,1727.0
0.5493456839709,0.49962606687118033,0.5962295261628705,TXGC,1730.0
0.5451522054673055,0.49512762682560935,0.5923724756259356,TXGC,1736.0
0.5409587269637108,0.49064015726519683,0.5885066169673324,TXGC,1746.0
0.5367652484601161,0.48616344020096447,0.5846321140712157,TXGC,1771.0
0.5325717699565216,0.48169726910797533,0.5807491213892886,TXGC,1784.0
0.5283782914529269,0.4772414482185028,0.5768577845591663,TXGC,1788.0
0.5283782914529269,0.4772414482185028,0.5768577845591663,TXGC,1794.0
0.5283782914529269,0.4772414482185028,0.5768577845591663,TXGC,1809.0
0.5283782914529269,0.4772414482185028,0.5768577845591663,TXGC,1813.0
0.5283782914529269,0.4772414482185028,0.5768577845591663,TXGC,1816.0
0.5283782914529269,0.4772414482185028,0.5768577845591663,TXGC,1817.0
0.5283782914529269,0.4772414482185028,0.5768577845591663,TXGC,1818.0
0.5283782914529269,0.4772414482185028,0.5768577845591663,TXGC,1820.0
0.5283782914529269,0.4772414482185028,0.5768577845591663,TXGC,1821.0
0.5283782914529269,0.4772414482185028,0.5768577845591663,TXGC,1822.0
0.5283782914529269,0.4772414482185028,0.5768577845591663,TXGC,1824.0
0.5283782914529269,0.4772414482185028,0.5768577845591663,TXGC,1825.0
1.0,1.0,1.0,TNMS,0.0
0.9883720930232565,0.9203217435879819,0.9983538298044775,TNMS,4.0
0.9767441860465118,0.9102024360797825,0.9941325471072447,TNMS,14.0
0.9651162790697682,0.8957468029673333,0.9886143262253405,TNMS,15.0
0.9534883720930238,0.8808108966275692,0.9822847908927751,TNMS,31.0
0.9418604651162797,0.8659518536064206,0.975380131258648,TNMS,42.0
0.9300872093023267,0.8509831967692546,0.9679707972824517,TNMS,49.0
0.9183139534883731,0.8362678267127528,0.960201215510418,TNMS,52.0
0.9065406976744199,0.821784440008319,0.9521334579470909,TNMS,69.0
0.9065406976744199,0.821784440008319,0.9521334579470909,TNMS,178.0
0.9065406976744199,0.821784440008319,0.9521334579470909,TNMS,182.0
0.9065406976744199,0.821784440008319,0.9521334579470909,TNMS,183.0
0.9065406976744199,0.821784440008319,0.9521334579470909,TNMS,185.0
0.9065406976744199,0.821784440008319,0.9521334579470909,TNMS,271.0
0.9065406976744199,0.821784440008319,0.9521334579470909,TNMS,350.0
0.9065406976744199,0.821784440008319,0.9521334579470909,TNMS,356.0
0.9065406976744199,0.821784440008319,0.9521334579470909,TNMS,357.0
0.9065406976744199,0.821784440008319,0.9521334579470909,TNMS,360.0
0.9065406976744199,0.821784440008319,0.9521334579470909,TNMS,361.0
0.9065406976744199,0.821784440008319,0.9521334579470909,TNMS,364.0
0.9065406976744199,0.821784440008319,0.9521334579470909,TNMS,366.0
0.8909106856455509,0.7999465805843722,0.9419746979808645,TNMS,369.0
0.8909106856455509,0.7999465805843722,0.9419746979808645,TNMS,374.0
0.8747123095429045,0.7780055855089851,0.9311056200395758,TNMS,384.0
0.8747123095429045,0.7780055855089851,0.9311056200395758,TNMS,401.0
0.8582083037024724,0.7563773696491103,0.9196718685254164,TNMS,409.0
0.8582083037024724,0.7563773696491103,0.9196718685254164,TNMS,411.0
0.8582083037024724,0.7563773696491103,0.9196718685254164,TNMS,417.0
0.8582083037024724,0.7563773696491103,0.9196718685254164,TNMS,418.0
0.8582083037024724,0.7563773696491103,0.9196718685254164,TNMS,423.0
0.8582083037024724,0.7563773696491103,0.9196718685254164,TNMS,433.0
0.8399485525598667,0.732205369565934,0.9070142346008114,TNMS,644.0
0.8216888014172608,0.7089754723721868,0.8939148743142321,TNMS,647.0
0.8216888014172608,0.7089754723721868,0.8939148743142321,TNMS,701.0
0.8216888014172608,0.7089754723721868,0.8939148743142321,TNMS,711.0
0.8216888014172608,0.7089754723721868,0.8939148743142321,TNMS,713.0
0.8216888014172608,0.7089754723721868,0.8939148743142321,TNMS,725.0
0.8216888014172608,0.7089754723721868,0.8939148743142321,TNMS,727.0
0.8216888014172608,0.7089754723721868,0.8939148743142321,TNMS,729.0
0.8216888014172608,0.7089754723721868,0.8939148743142321,TNMS,730.0
0.8216888014172608,0.7089754723721868,0.8939148743142321,TNMS,737.0
0.8216888014172608,0.7089754723721868,0.8939148743142321,TNMS,740.0
0.8216888014172608,0.7089754723721868,0.8939148743142321,TNMS,741.0
0.8216888014172608,0.7089754723721868,0.8939148743142321,TNMS,753.0
0.8216888014172608,0.7089754723721868,0.8939148743142321,TNMS,754.0
0.8216888014172608,0.7089754723721868,0.8939148743142321,TNMS,775.0
0.8216888014172608,0.7089754723721868,0.8939148743142321,TNMS,802.0
0.7923427727952158,0.6644222846364132,0.8758883233208572,TNMS,877.0
0.7629967441731709,0.6238022828553369,0.8563730980201772,TNMS,915.0
0.7629967441731709,0.6238022828553369,0.8563730980201772,TNMS,994.0
0.7629967441731709,0.6238022828553369,0.8563730980201772,TNMS,1002.0
0.7312052131659553,0.581298887088316,0.834717595157087,TNMS,1073.0
0.7312052131659553,0.581298887088316,0.834717595157087,TNMS,1085.0
0.7312052131659553,0.581298887088316,0.834717595157087,TNMS,1087.0
0.7312052131659553,0.581298887088316,0.834717595157087,TNMS,1091.0
0.7312052131659553,0.581298887088316,0.834717595157087,TNMS,1094.0
0.7312052131659553,0.581298887088316,0.834717595157087,TNMS,1100.0
0.7312052131659553,0.581298887088316,0.834717595157087,TNMS,1107.0
0.7312052131659553,0.581298887088316,0.834717595157087,TNMS,1117.0
0.7312052131659553,0.581298887088316,0.834717595157087,TNMS,1459.0
0.7312052131659553,0.581298887088316,0.834717595157087,TNMS,1460.0
0.7312052131659553,0.581298887088316,0.834717595157087,TNMS,1461.0
0.7312052131659553,0.581298887088316,0.834717595157087,TNMS,1462.0
0.7312052131659553,0.581298887088316,0.834717595157087,TNMS,1464.0
0.6647320119690503,0.4673177774039399,0.8031487709342178,TNMS,1598.0
0.5982588107721453,0.3784163885859352,0.7621666435408885,TNMS,1647.0
0.5982588107721453,0.3784163885859352,0.7621666435408885,TNMS,1758.0
0.5234764594256271,0.2902045922267615,0.7127420286722158,TNMS,1805.0
0.5234764594256271,0.2902045922267615,0.7127420286722158,TNMS,1825.0
0.996146435452794,0.9846805376900434,0.9990348376958562,TNDS,0.0
0.994219653179191,0.982186182388024,0.9981320551341957,TNDS,1.0
0.9922928709055882,0.9795964963868709,0.9971003914112725,TNDS,2.0
0.9903660886319852,0.9770103253878247,0.995978778302338,TNDS,4.0
0.9884393063583816,0.9744493628072786,0.9947896244540422,TNDS,5.0
0.9884393063583816,0.9744493628072786,0.9947896244540422,TNDS,6.0
0.984578215317919,0.9693998682073137,0.9922577124068102,TNDS,7.0
0.9826476697976878,0.966916834496604,0.9909335256944933,TNDS,10.0
0.9807171242774569,0.9644583434664984,0.9895782428307868,TNDS,11.0
0.978786578757226,0.9620220665498068,0.9881960000471905,TNDS,12.0
0.9768560332369945,0.9596059245582006,0.9867900757930276,TNDS,13.0
0.9749216648543468,0.9572015809341043,0.9853608947824829,TNDS,21.0
0.9729872964716992,0.9548142206135887,0.9839127725277031,TNDS,27.0
0.9710529280890514,0.952442406520682,0.9824475411658515,TNDS,32.0
0.9691185597064039,0.9500848863951037,0.980966748668909,TNDS,35.0
0.9671841913237563,0.947740563826339,0.9794717171928737,TNDS,42.0
0.9652498229411093,0.9454084740266132,0.9779635868423565,TNDS,48.0
0.9633154545584615,0.9430877637604405,0.9764433490781582,TNDS,61.0
0.9613810861758143,0.940777674760812,0.9749118726181422,TNDS,64.0
0.9594467177931669,0.938477530011585,0.9733699237978548,TNDS,84.0
0.9575123494105191,0.9361867223658492,0.9718181827756273,TNDS,93.0
0.955577981027872,0.9339047050632551,0.9702572565752133,TNDS,94.0
0.9536436126452238,0.9316309837922795,0.9686876896899587,TNDS,107.0
0.9517092442625763,0.929365110012831,0.9671099727842619,TNDS,113.0
0.9497748758799288,0.9271066753109103,0.9655245498941551,TNDS,124.0
0.9497748758799288,0.9271066753109103,0.9655245498941551,TNDS,132.0
0.9478365598067051,0.9248496294835729,0.9639291007386395,TNDS,133.0
0.943959927660256,0.9203556403048792,0.9607176158906073,TNDS,135.0
0.943959927660256,0.9203556403048792,0.9607176158906073,TNDS,136.0
0.9420176232823545,0.9181124541974255,0.9590994252609436,TNDS,151.0
0.9420176232823545,0.9181124541974255,0.9590994252609436,TNDS,154.0
0.9400713058788778,0.9158696278652674,0.9574723221774949,TNDS,159.0
0.9400713058788778,0.9158696278652674,0.9574723221774949,TNDS,161.0
0.9400713058788778,0.9158696278652674,0.9574723221774949,TNDS,162.0
0.9400713058788778,0.9158696278652674,0.9574723221774949,TNDS,173.0
0.9400713058788778,0.9158696278652674,0.9574723221774949,TNDS,177.0
0.9400713058788778,0.9158696278652674,0.9574723221774949,TNDS,178.0
0.9400713058788778,0.9158696278652674,0.9574723221774949,TNDS,179.0
0.9400713058788778,0.9158696278652674,0.9574723221774949,TNDS,180.0
0.9380668894484329,0.913551120549581,0.9557982832613127,TNDS,181.0
0.9380668894484329,0.913551120549581,0.9557982832613127,TNDS,182.0
0.9380668894484329,0.913551120549581,0.9557982832613127,TNDS,183.0
0.9380668894484329,0.913551120549581,0.9557982832613127,TNDS,184.0
0.9380668894484329,0.913551120549581,0.9557982832613127,TNDS,186.0
0.9380668894484329,0.913551120549581,0.9557982832613127,TNDS,187.0
0.9380668894484329,0.913551120549581,0.9557982832613127,TNDS,190.0
0.9359915202239893,0.9111391611614305,0.9540682357091682,TNDS,191.0
0.9339161509995457,0.9087347494927651,0.9523316917473718,TNDS,202.0
0.9318407817751024,0.9063375084474952,0.9505889312376421,TNDS,203.0
0.9297607800300692,0.9039406403542075,0.948836917357169,TNDS,206.0
0.9297607800300692,0.9039406403542075,0.948836917357169,TNDS,209.0
0.9297607800300692,0.9039406403542075,0.948836917357169,TNDS,211.0
0.9297607800300692,0.9039406403542075,0.948836917357169,TNDS,212.0
0.927661997230904,0.9015242932960866,0.9470657365564051,TNDS,220.0
0.9255632144317394,0.8991145361438626,0.9452888686052848,TNDS,222.0
0.9234644316325741,0.8967110746700242,0.9435065327999218,TNDS,223.0
0.9234644316325741,0.8967110746700242,0.9435065327999218,TNDS,225.0
0.9213608680069874,0.8943070935449844,0.9417154726455473,TNDS,237.0
0.9213608680069874,0.8943070935449844,0.9417154726455473,TNDS,240.0
0.9192524907346603,0.8919023915814925,0.9399158050469619,TNDS,241.0
0.9192524907346603,0.8919023915814925,0.9399158050469619,TNDS,244.0
0.9192524907346603,0.8919023915814925,0.9399158050469619,TNDS,249.0
0.9192524907346603,0.8919023915814925,0.9399158050469619,TNDS,251.0
0.9192524907346603,0.8919023915814925,0.9399158050469619,TNDS,268.0
0.9192524907346603,0.8919023915814925,0.9399158050469619,TNDS,272.0
0.9171196543292436,0.8894700997248555,0.9380933531817507,TNDS,273.0
0.914986817923827,0.8870435809416496,0.9362659315138557,TNDS,274.0
0.9128539815184099,0.8846226060489594,0.9344337099397586,TNDS,292.0
0.9107211451129935,0.8822069618546639,0.9325968481089659,TNDS,299.0
0.9085883087075769,0.8797964496296067,0.9307554962734478,TNDS,346.0
0.9085883087075769,0.8797964496296067,0.9307554962734478,TNDS,348.0
0.9085883087075769,0.8797964496296067,0.9307554962734478,TNDS,349.0
0.9085883087075769,0.8797964496296067,0.9307554962734478,TNDS,356.0
0.9085883087075769,0.8797964496296067,0.9307554962734478,TNDS,358.0
0.9085883087075769,0.8797964496296067,0.9307554962734478,TNDS,359.0
0.9085883087075769,0.8797964496296067,0.9307554962734478,TNDS,360.0
0.9064146524666497,0.877336303068253,0.9288795566079779,TNDS,361.0
0.9064146524666497,0.877336303068253,0.9288795566079779,TNDS,362.0
0.9064146524666497,0.877336303068253,0.9288795566079779,TNDS,363.0
0.9041930479262901,0.8748171520782742,0.9269637093290296,TNDS,364.0
0.9041930479262901,0.8748171520782742,0.9269637093290296,TNDS,365.0
0.9041930479262901,0.8748171520782742,0.9269637093290296,TNDS,366.0
0.9041930479262901,0.8748171520782742,0.9269637093290296,TNDS,370.0
0.9041930479262901,0.8748171520782742,0.9269637093290296,TNDS,371.0
0.9041930479262901,0.8748171520782742,0.9269637093290296,TNDS,372.0
0.9041930479262901,0.8748171520782742,0.9269637093290296,TNDS,373.0
0.9041930479262901,0.8748171520782742,0.9269637093290296,TNDS,374.0
0.9018626534728718,0.8721568983206723,0.9249634222918307,TNDS,376.0
0.9018626534728718,0.8721568983206723,0.9249634222918307,TNDS,382.0
0.9018626534728718,0.8721568983206723,0.9249634222918307,TNDS,384.0
0.8995201530742406,0.8694870519704884,0.9229490053463317,TNDS,385.0
0.8971715364865798,0.8668156294896451,0.9209249018640494,TNDS,387.0
0.8971715364865798,0.8668156294896451,0.9209249018640494,TNDS,388.0
0.8971715364865798,0.8668156294896451,0.9209249018640494,TNDS,389.0
0.8971715364865798,0.8668156294896451,0.9209249018640494,TNDS,391.0
0.8971715364865798,0.8668156294896451,0.9209249018640494,TNDS,395.0
0.8971715364865798,0.8668156294896451,0.9209249018640494,TNDS,396.0
0.8947790790559493,0.8640916190870999,0.918863574314103,TNDS,399.0
0.8947790790559493,0.8640916190870999,0.918863574314103,TNDS,400.0
0.8923737589509604,0.8613570804285562,0.9167875740228092,TNDS,401.0
0.8923737589509604,0.8613570804285562,0.9167875740228092,TNDS,405.0
0.8923737589509604,0.8613570804285562,0.9167875740228092,TNDS,410.0
0.8923737589509604,0.8613570804285562,0.9167875740228092,TNDS,414.0
0.8923737589509604,0.8613570804285562,0.9167875740228092,TNDS,416.0
0.8923737589509604,0.8613570804285562,0.9167875740228092,TNDS,421.0
0.889928899337396,0.8585760451429156,0.914677386806176,TNDS,428.0
0.889928899337396,0.8585760451429156,0.914677386806176,TNDS,432.0
0.889928899337396,0.8585760451429156,0.914677386806176,TNDS,434.0
0.8874705322121539,0.8557837841798812,0.9125519889757713,TNDS,435.0
0.8850121650869129,0.8529983445745476,0.91042137128479,TNDS,436.0
0.8850121650869129,0.8529983445745476,0.91042137128479,TNDS,438.0
0.8850121650869129,0.8529983445745476,0.91042137128479,TNDS,440.0
0.8850121650869129,0.8529983445745476,0.91042137128479,TNDS,442.0
0.882526175859141,0.850182569465637,0.908265285419537,TNDS,450.0
0.8800401866313683,0.8473734384315118,0.9061041010777203,TNDS,452.0
0.8800401866313683,0.8473734384315118,0.9061041010777203,TNDS,453.0
0.8800401866313683,0.8473734384315118,0.9061041010777203,TNDS,454.0
0.8775329496324186,0.844542469718812,0.9039221918027345,TNDS,471.0
0.875025712633469,0.8417179105024737,0.901735337511549,TNDS,497.0
0.8725184756345195,0.8388995319544384,0.899543680588847,TNDS,513.0
0.8700112386355697,0.8360871196677842,0.8973473557263201,TNDS,526.0
0.8675040016366202,0.8332804724348798,0.8951464905035472,TNDS,544.0
0.8649967646376704,0.8304794011538551,0.8929412059123926,TNDS,576.0
0.8624895276387201,0.827683727847494,0.8907316168316122,TNDS,586.0
0.8599822906397702,0.8248932847809018,0.8885178324574237,TNDS,600.0
0.8574750536408204,0.8221079136661968,0.8862999566950126,TNDS,601.0
0.8549678166418712,0.81932746494408,0.8840780885152987,TNDS,615.0
0.8524605796429215,0.816551797133488,0.8818523222807088,TNDS,623.0
0.8524605796429215,0.816551797133488,0.8818523222807088,TNDS,643.0
0.8524605796429215,0.816551797133488,0.8818523222807088,TNDS,653.0
0.8524605796429215,0.816551797133488,0.8818523222807088,TNDS,655.0
0.8524605796429215,0.816551797133488,0.8818523222807088,TNDS,666.0
0.8524605796429215,0.816551797133488,0.8818523222807088,TNDS,670.0
0.8499083024583616,0.8137228856461319,0.8795881473570967,TNDS,679.0
0.8473560252738016,0.8108988749393701,0.8773200143216939,TNDS,680.0
0.8473560252738016,0.8108988749393701,0.8773200143216939,TNDS,683.0
0.844788279742669,0.8080597981077148,0.8750361032229147,TNDS,685.0
0.844788279742669,0.8080597981077148,0.8750361032229147,TNDS,687.0
0.844788279742669,0.8080597981077148,0.8750361032229147,TNDS,694.0
0.844788279742669,0.8080597981077148,0.8750361032229147,TNDS,695.0
0.844788279742669,0.8080597981077148,0.8750361032229147,TNDS,697.0
0.8421889311896146,0.8051849846591771,0.8727239940491517,TNDS,699.0
0.8421889311896146,0.8051849846591771,0.8727239940491517,TNDS,701.0
0.8421889311896146,0.8051849846591771,0.8727239940491517,TNDS,703.0
0.8421889311896146,0.8051849846591771,0.8727239940491517,TNDS,708.0
0.8421889311896146,0.8051849846591771,0.8727239940491517,TNDS,712.0
0.839557090779647,0.8022734102185075,0.8703829447215164,TNDS,713.0
0.839557090779647,0.8022734102185075,0.8703829447215164,TNDS,716.0
0.839557090779647,0.8022734102185075,0.8703829447215164,TNDS,719.0
0.839557090779647,0.8022734102185075,0.8703829447215164,TNDS,720.0
0.839557090779647,0.8022734102185075,0.8703829447215164,TNDS,722.0
0.839557090779647,0.8022734102185075,0.8703829447215164,TNDS,723.0
0.8368223771288992,0.7992344445085823,0.867959110620567,TNDS,724.0
0.8368223771288992,0.7992344445085823,0.867959110620567,TNDS,725.0
0.8368223771288992,0.7992344445085823,0.867959110620567,TNDS,726.0
0.8368223771288992,0.7992344445085823,0.867959110620567,TNDS,727.0
0.8368223771288992,0.7992344445085823,0.867959110620567,TNDS,728.0
0.833976042512815,0.7960564892538136,0.8654461082640976,TNDS,729.0
0.833976042512815,0.7960564892538136,0.8654461082640976,TNDS,730.0
0.833976042512815,0.7960564892538136,0.8654461082640976,TNDS,731.0
0.833976042512815,0.7960564892538136,0.8654461082640976,TNDS,732.0
0.833976042512815,0.7960564892538136,0.8654461082640976,TNDS,733.0
0.833976042512815,0.7960564892538136,0.8654461082640976,TNDS,737.0
0.833976042512815,0.7960564892538136,0.8654461082640976,TNDS,740.0
0.833976042512815,0.7960564892538136,0.8654461082640976,TNDS,746.0
0.833976042512815,0.7960564892538136,0.8654461082640976,TNDS,754.0
0.833976042512815,0.7960564892538136,0.8654461082640976,TNDS,757.0
0.833976042512815,0.7960564892538136,0.8654461082640976,TNDS,762.0
0.8278438657296323,0.789145417144107,0.8600753652935148,TNDS,763.0
0.8278438657296323,0.789145417144107,0.8600753652935148,TNDS,774.0
0.8278438657296323,0.789145417144107,0.8600753652935148,TNDS,780.0
0.8278438657296323,0.789145417144107,0.8600753652935148,TNDS,784.0
0.8278438657296323,0.789145417144107,0.8600753652935148,TNDS,788.0
0.8278438657296323,0.789145417144107,0.8600753652935148,TNDS,791.0
0.8278438657296323,0.789145417144107,0.8600753652935148,TNDS,798.0
0.8278438657296323,0.789145417144107,0.8600753652935148,TNDS,804.0
0.8278438657296323,0.789145417144107,0.8600753652935148,TNDS,807.0
0.8278438657296323,0.789145417144107,0.8600753652935148,TNDS,809.0
0.8278438657296323,0.789145417144107,0.8600753652935148,TNDS,813.0
0.8246475573677421,0.7855303605217113,0.8572843929865337,TNDS,814.0
0.8246475573677421,0.7855303605217113,0.8572843929865337,TNDS,819.0
0.8214388120083341,0.7819086869907832,0.8544771667807449,TNDS,829.0
0.8182300666489265,0.7782967139231622,0.8516629475684127,TNDS,836.0
0.8150213212895192,0.7746940937884165,0.8488419426885984,TNDS,846.0
0.8118125759301118,0.7711005011564345,0.8460143470023512,TNDS,853.0
0.8086038305707042,0.7675156308359244,0.8431803439451869,TNDS,857.0
0.8053950852112962,0.7639391962072472,0.8403401064653923,TNDS,866.0
0.8021863398518887,0.7603709277255712,0.8374937978630761,TNDS,891.0
0.7989775944924813,0.7568105715737409,0.8346415725426215,TNDS,967.0
0.7957688491330741,0.7532578884471317,0.8317835766893339,TNDS,972.0
0.7925601037736665,0.7497126524551732,0.8289199488795069,TNDS,985.0
0.7925601037736665,0.7497126524551732,0.8289199488795069,TNDS,993.0
0.7893383147339368,0.7461579212843471,0.8260408525207475,TNDS,1000.0
0.7861165256942063,0.7426103444705512,0.8231563005999718,TNDS,1005.0
0.7828947366544756,0.7390697256037438,0.8202664149532187,TNDS,1016.0
0.7796729476147457,0.7355358785605557,0.817371311528289,TNDS,1020.0
0.7796729476147457,0.7355358785605557,0.817371311528289,TNDS,1023.0
0.7764377901557634,0.7319916672349496,0.8144607668607433,TNDS,1032.0
0.7732026326967814,0.7284539985152069,0.8115451442565669,TNDS,1033.0
0.7732026326967814,0.7284539985152069,0.8115451442565669,TNDS,1035.0
0.7699538821392319,0.7249055416174947,0.8086139907702214,TNDS,1043.0
0.7667051315816825,0.7213634207287459,0.8056778859251963,TNDS,1053.0
0.7634563810241326,0.7178274834781165,0.8027369262292101,TNDS,1054.0
0.7634563810241326,0.7178274834781165,0.8027369262292101,TNDS,1061.0
0.7634563810241326,0.7178274834781165,0.8027369262292101,TNDS,1075.0
0.7634563810241326,0.7178274834781165,0.8027369262292101,TNDS,1080.0
0.7634563810241326,0.7178274834781165,0.8027369262292101,TNDS,1084.0
0.7601225103646386,0.7141905190164043,0.7997248593071205,TNDS,1086.0
0.7601225103646386,0.7141905190164043,0.7997248593071205,TNDS,1088.0
0.756744188096351,0.7105040977479136,0.7966731245055811,TNDS,1089.0
0.756744188096351,0.7105040977479136,0.7966731245055811,TNDS,1090.0
0.756744188096351,0.7105040977479136,0.7966731245055811,TNDS,1091.0
0.756744188096351,0.7105040977479136,0.7966731245055811,TNDS,1093.0
0.756744188096351,0.7105040977479136,0.7966731245055811,TNDS,1094.0
0.756744188096351,0.7105040977479136,0.7966731245055811,TNDS,1095.0
0.7532407427810897,0.7066661078007822,0.7935194023180011,TNDS,1096.0
0.7532407427810897,0.7066661078007822,0.7935194023180011,TNDS,1097.0
0.7532407427810897,0.7066661078007822,0.7935194023180011,TNDS,1098.0
0.7532407427810897,0.7066661078007822,0.7935194023180011,TNDS,1099.0
0.7532407427810897,0.7066661078007822,0.7935194023180011,TNDS,1101.0
0.7532407427810897,0.7066661078007822,0.7935194023180011,TNDS,1102.0
0.7532407427810897,0.7066661078007822,0.7935194023180011,TNDS,1103.0
0.7532407427810897,0.7066661078007822,0.7935194023180011,TNDS,1106.0
0.7532407427810897,0.7066661078007822,0.7935194023180011,TNDS,1108.0
0.7532407427810897,0.7066661078007822,0.7935194023180011,TNDS,1109.0
0.7532407427810897,0.7066661078007822,0.7935194023180011,TNDS,1114.0
0.7532407427810897,0.7066661078007822,0.7935194023180011,TNDS,1116.0
0.7532407427810897,0.7066661078007822,0.7935194023180011,TNDS,1117.0
0.7532407427810897,0.7066661078007822,0.7935194023180011,TNDS,1121.0
0.7532407427810897,0.7066661078007822,0.7935194023180011,TNDS,1125.0
0.7492341430854458,0.7021854686474491,0.7899812326140119,TNDS,1126.0
0.7492341430854458,0.7021854686474491,0.7899812326140119,TNDS,1127.0
0.7492341430854458,0.7021854686474491,0.7899812326140119,TNDS,1129.0
0.7492341430854458,0.7021854686474491,0.7899812326140119,TNDS,1144.0
0.7492341430854458,0.7021854686474491,0.7899812326140119,TNDS,1145.0
0.7492341430854458,0.7021854686474491,0.7899812326140119,TNDS,1159.0
0.7492341430854458,0.7021854686474491,0.7899812326140119,TNDS,1169.0
0.7450947279302773,0.6975429651883502,0.7863361386432771,TNDS,1176.0
0.7450947279302773,0.6975429651883502,0.7863361386432771,TNDS,1180.0
0.7409088024924666,0.6928535754379763,0.7826465407878352,TNDS,1184.0
0.736722877054656,0.6881788535027021,0.7789462901134708,TNDS,1201.0
0.7325369516168461,0.6835182934644035,0.7752357070221941,TNDS,1226.0
0.7283510261790352,0.6788714223328569,0.7715150905191136,TNDS,1261.0
0.7241651007412249,0.6742377972335002,0.7677847201488871,TNDS,1276.0
0.7199791753034139,0.6696170028972074,0.764044857708705,TNDS,1305.0
0.7199791753034139,0.6696170028972074,0.764044857708705,TNDS,1327.0
0.7157687707694758,0.6649770506621815,0.7602773957216181,TNDS,1352.0
0.7073479617015992,0.6557338881394517,0.752715049141556,TNDS,1357.0
0.7073479617015992,0.6557338881394517,0.752715049141556,TNDS,1362.0
0.703112345164464,0.6510977433109122,0.7489015020149087,TNDS,1377.0
0.6988767286273281,0.6464732346272571,0.7450791819443591,TNDS,1384.0
0.6988767286273281,0.6464732346272571,0.7450791819443591,TNDS,1388.0
0.6946152851600881,0.6418272003544767,0.7412286083111854,TNDS,1395.0
0.6946152851600881,0.6418272003544767,0.7412286083111854,TNDS,1418.0
0.6946152851600881,0.6418272003544767,0.7412286083111854,TNDS,1419.0
0.6903009045069195,0.6371252016478403,0.7373290998921278,TNDS,1422.0
0.6903009045069195,0.6371252016478403,0.7373290998921278,TNDS,1425.0
0.6859593893842345,0.6324003457130537,0.7334000983264249,TNDS,1426.0
0.6859593893842345,0.6324003457130537,0.7334000983264249,TNDS,1429.0
0.6859593893842345,0.6324003457130537,0.7334000983264249,TNDS,1437.0
0.6815622138112587,0.6276164654212658,0.7294198185438792,TNDS,1441.0
0.6815622138112587,0.6276164654212658,0.7294198185438792,TNDS,1444.0
0.6815622138112587,0.6276164654212658,0.7294198185438792,TNDS,1447.0
0.6815622138112587,0.6276164654212658,0.7294198185438792,TNDS,1448.0
0.6815622138112587,0.6276164654212658,0.7294198185438792,TNDS,1450.0
0.6815622138112587,0.6276164654212658,0.7294198185438792,TNDS,1451.0
0.6815622138112587,0.6276164654212658,0.7294198185438792,TNDS,1452.0
0.6815622138112587,0.6276164654212658,0.7294198185438792,TNDS,1453.0
0.6815622138112587,0.6276164654212658,0.7294198185438792,TNDS,1455.0
0.6815622138112587,0.6276164654212658,0.7294198185438792,TNDS,1456.0
0.6815622138112587,0.6276164654212658,0.7294198185438792,TNDS,1458.0
0.6815622138112587,0.6276164654212658,0.7294198185438792,TNDS,1459.0
0.6815622138112587,0.6276164654212658,0.7294198185438792,TNDS,1460.0
0.6815622138112587,0.6276164654212658,0.7294198185438792,TNDS,1461.0
0.6815622138112587,0.6276164654212658,0.7294198185438792,TNDS,1462.0
0.6815622138112587,0.6276164654212658,0.7294198185438792,TNDS,1466.0
0.6815622138112587,0.6276164654212658,0.7294198185438792,TNDS,1468.0
0.6815622138112587,0.6276164654212658,0.7294198185438792,TNDS,1469.0
0.6815622138112587,0.6276164654212658,0.7294198185438792,TNDS,1471.0
0.6815622138112587,0.6276164654212658,0.7294198185438792,TNDS,1472.0
0.6815622138112587,0.6276164654212658,0.7294198185438792,TNDS,1473.0
0.6815622138112587,0.6276164654212658,0.7294198185438792,TNDS,1478.0
0.6815622138112587,0.6276164654212658,0.7294198185438792,TNDS,1480.0
0.6815622138112587,0.6276164654212658,0.7294198185438792,TNDS,1487.0
0.6815622138112587,0.6276164654212658,0.7294198185438792,TNDS,1489.0
0.6815622138112587,0.6276164654212658,0.7294198185438792,TNDS,1491.0
0.6815622138112587,0.6276164654212658,0.7294198185438792,TNDS,1492.0
0.6755306897952295,0.6206678668075655,0.724266112846429,TNDS,1500.0
0.6755306897952295,0.6206678668075655,0.724266112846429,TNDS,1507.0
0.6755306897952295,0.6206678668075655,0.724266112846429,TNDS,1508.0
0.6693895017061815,0.6136080606110287,0.7190096532726064,TNDS,1509.0
0.6632483136171343,0.6065902062792445,0.71372288285381,TNDS,1515.0
0.6632483136171343,0.6065902062792445,0.71372288285381,TNDS,1517.0
0.6570497312468808,0.5995333915936104,0.7083684442363377,TNDS,1524.0
0.6508511488766272,0.5925160179966565,0.7029854348543285,TNDS,1537.0
0.6446525665063737,0.5855362910157349,0.6975750956422465,TNDS,1560.0
0.6446525665063737,0.5855362910157349,0.6975750956422465,TNDS,1644.0
0.6383938037247581,0.5785114056633347,0.6920968432847434,TNDS,1670.0
0.6383938037247581,0.5785114056633347,0.6920968432847434,TNDS,1691.0
0.6383938037247581,0.5785114056633347,0.6920968432847434,TNDS,1768.0
0.6383938037247581,0.5785114056633347,0.6920968432847434,TNDS,1774.0
0.6383938037247581,0.5785114056633347,0.6920968432847434,TNDS,1786.0
0.6318795812377705,0.5711773510900354,0.6864160885660374,TNDS,1787.0
0.6318795812377705,0.5711773510900354,0.6864160885660374,TNDS,1795.0
0.6318795812377705,0.5711773510900354,0.6864160885660374,TNDS,1796.0
0.6252282172247413,0.5636978785656522,0.6806118781850302,TNDS,1798.0
0.6252282172247413,0.5636978785656522,0.6806118781850302,TNDS,1804.0
0.6252282172247413,0.5636978785656522,0.6806118781850302,TNDS,1815.0
0.6252282172247413,0.5636978785656522,0.6806118781850302,TNDS,1816.0
0.6252282172247413,0.5636978785656522,0.6806118781850302,TNDS,1820.0
0.6252282172247413,0.5636978785656522,0.6806118781850302,TNDS,1822.0
0.6252282172247413,0.5636978785656522,0.6806118781850302,TNDS,1823.0
0.6252282172247413,0.5636978785656522,0.6806118781850302,TNDS,1824.0
0.6252282172247413,0.5636978785656522,0.6806118781850302,TNDS,1825.0
1.0,1.0,1.0,SCOP,0.0
0.9932203389830508,0.9731661633100863,0.9983000998751181,SCOP,1.0
0.9898305084745759,0.9688041600823845,0.9967087741286674,SCOP,2.0
0.9864406779661016,0.9642786057681559,0.994889270584078,SCOP,3.0
0.9864406779661016,0.9642786057681559,0.994889270584078,SCOP,9.0
0.9830391583869085,0.9597340068325101,0.9929052710830114,SCOP,12.0
0.979637638807715,0.9552397206447568,0.9908003467562251,SCOP,14.0
0.9728345996493277,0.9464157137486681,0.986321550899654,SCOP,19.0
0.9694330800701347,0.9420794215606453,0.9839777577458622,SCOP,21.0
0.9660315604909412,0.937787678468577,0.9815780400029895,SCOP,22.0
0.9660315604909412,0.937787678468577,0.9815780400029895,SCOP,26.0
0.9626180214079345,0.9335149993982207,0.9791230352171912,SCOP,38.0
0.9591923344990095,0.9292590683961374,0.9766179550073858,SCOP,42.0
0.9557543691423823,0.9250176053783548,0.9740669916371694,SCOP,46.0
0.9523164037857552,0.9208090914283955,0.9714809355111724,SCOP,48.0
0.9488784384291274,0.916630619041571,0.9688631244536334,SCOP,49.0
0.945440473072501,0.9124796927810157,0.9662163776652127,SCOP,63.0
0.9420025077158736,0.9083541535954767,0.9635431024616639,SCOP,64.0
0.9385645423592461,0.9042521196244782,0.9608453742656686,SCOP,67.0
0.9351265770026193,0.9001719394654254,0.9581249976235922,SCOP,78.0
0.9316886116459916,0.8961121549294666,0.9553835534812928,SCOP,84.0
0.9282506462893645,0.8920714710851632,0.952622436326542,SCOP,100.0
0.9282506462893645,0.8920714710851632,0.952622436326542,SCOP,101.0
0.9247999003923779,0.8880297367258004,0.9498344060372609,SCOP,117.0
0.9213491544953917,0.8840053084929966,0.9470288650984486,SCOP,126.0
0.9178984085984051,0.8799972103000485,0.9442068178851544,SCOP,129.0
0.9144476627014184,0.8760045613587935,0.9413691691430175,SCOP,140.0
0.9144476627014184,0.8760045613587935,0.9413691691430175,SCOP,174.0
0.9109838457972467,0.8720077927720311,0.9385077656410569,SCOP,177.0
0.9109838457972467,0.8720077927720311,0.9385077656410569,SCOP,181.0
0.9109838457972467,0.8720077927720311,0.9385077656410569,SCOP,182.0
0.9109838457972467,0.8720077927720311,0.9385077656410569,SCOP,183.0
0.9109838457972467,0.8720077927720311,0.9385077656410569,SCOP,184.0
0.9109838457972467,0.8720077927720311,0.9385077656410569,SCOP,186.0
0.9073831191340165,0.8678286030961047,0.9355382662067951,SCOP,187.0
0.9073831191340165,0.8678286030961047,0.9355382662067951,SCOP,189.0
0.9037680469462315,0.8636457168957764,0.9325438070133953,SCOP,191.0
0.9001529747584467,0.8594791599293732,0.9295347883625471,SCOP,196.0
0.9001529747584467,0.8594791599293732,0.9295347883625471,SCOP,200.0
0.9001529747584467,0.8594791599293732,0.9295347883625471,SCOP,208.0
0.9001529747584467,0.8594791599293732,0.9295347883625471,SCOP,209.0
0.89649381632447,0.8552655278153976,0.9264812977949035,SCOP,210.0
0.8928346578904924,0.851067560266106,0.9234140651221074,SCOP,212.0
0.8928346578904924,0.851067560266106,0.9234140651221074,SCOP,226.0
0.8891604411913551,0.8468633413156686,0.9203231297801691,SCOP,244.0
0.8854862244922168,0.8426735776830027,0.9172194585532704,SCOP,249.0
0.8854862244922168,0.8426735776830027,0.9172194585532704,SCOP,250.0
0.8854862244922168,0.8426735776830027,0.9172194585532704,SCOP,262.0
0.8854862244922168,0.8426735776830027,0.9172194585532704,SCOP,270.0
0.8817656941372075,0.8384332864964265,0.9140707533257784,SCOP,277.0
0.8780451637821982,0.834207030551247,0.9109098606242122,SCOP,285.0
0.8780451637821982,0.834207030551247,0.9109098606242122,SCOP,292.0
0.8743088013831253,0.8299723967620941,0.9077259327562972,SCOP,300.0
0.8705724389840516,0.8257508573756245,0.9045305844462027,SCOP,330.0
0.8705724389840516,0.8257508573756245,0.9045305844462027,SCOP,345.0
0.8705724389840516,0.8257508573756245,0.9045305844462027,SCOP,348.0
0.8705724389840516,0.8257508573756245,0.9045305844462027,SCOP,350.0
0.8705724389840516,0.8257508573756245,0.9045305844462027,SCOP,351.0
0.8705724389840516,0.8257508573756245,0.9045305844462027,SCOP,357.0
0.8705724389840516,0.8257508573756245,0.9045305844462027,SCOP,358.0
0.8705724389840516,0.8257508573756245,0.9045305844462027,SCOP,360.0
0.8705724389840516,0.8257508573756245,0.9045305844462027,SCOP,362.0
0.8705724389840516,0.8257508573756245,0.9045305844462027,SCOP,363.0
0.8705724389840516,0.8257508573756245,0.9045305844462027,SCOP,364.0
0.8705724389840516,0.8257508573756245,0.9045305844462027,SCOP,365.0
0.8705724389840516,0.8257508573756245,0.9045305844462027,SCOP,366.0
0.8664852444348302,0.8210569993483267,0.9010749816431316,SCOP,367.0
0.8623980498856096,0.8163818261824987,0.8976052333841564,SCOP,368.0
0.8623980498856096,0.8163818261824987,0.8976052333841564,SCOP,370.0
0.8623980498856096,0.8163818261824987,0.8976052333841564,SCOP,374.0
0.8623980498856096,0.8163818261824987,0.8976052333841564,SCOP,375.0
0.8623980498856096,0.8163818261824987,0.8976052333841564,SCOP,376.0
0.8623980498856096,0.8163818261824987,0.8976052333841564,SCOP,377.0
0.8623980498856096,0.8163818261824987,0.8976052333841564,SCOP,378.0
0.8623980498856096,0.8163818261824987,0.8976052333841564,SCOP,379.0
0.8623980498856096,0.8163818261824987,0.8976052333841564,SCOP,380.0
0.8496532511188271,0.801795531470156,0.8867719195968484,SCOP,381.0
0.8496532511188271,0.801795531470156,0.8867719195968484,SCOP,387.0
0.8496532511188271,0.801795531470156,0.8867719195968484,SCOP,390.0
0.8496532511188271,0.801795531470156,0.8867719195968484,SCOP,393.0
0.8496532511188271,0.801795531470156,0.8867719195968484,SCOP,394.0
0.8453182855518946,0.7968514851881464,0.883071224552139,SCOP,398.0
0.8409833199849619,0.7919264814158038,0.8793563970713125,SCOP,399.0
0.8409833199849619,0.7919264814158038,0.8793563970713125,SCOP,400.0
0.8409833199849619,0.7919264814158038,0.8793563970713125,SCOP,402.0
0.8409833199849619,0.7919264814158038,0.8793563970713125,SCOP,406.0
0.8409833199849619,0.7919264814158038,0.8793563970713125,SCOP,410.0
0.8409833199849619,0.7919264814158038,0.8793563970713125,SCOP,413.0
0.8409833199849619,0.7919264814158038,0.8793563970713125,SCOP,415.0
0.8409833199849619,0.7919264814158038,0.8793563970713125,SCOP,420.0
0.8409833199849619,0.7919264814158038,0.8793563970713125,SCOP,445.0
0.8409833199849619,0.7919264814158038,0.8793563970713125,SCOP,451.0
0.8409833199849619,0.7919264814158038,0.8793563970713125,SCOP,452.0
0.8364127584633047,0.7866944473536915,0.8754613448416548,SCOP,482.0
0.8318421969416466,0.7814843993464649,0.8715505796659966,SCOP,511.0
0.8272716354199897,0.7762952418886682,0.867624699933917,SCOP,517.0
0.8227010738983321,0.771125976989374,0.8636842583809954,SCOP,526.0
0.8181305123766746,0.7659756927692164,0.8597297669226531,SCOP,530.0
0.8135599508550172,0.7608435536901019,0.855761700827861,SCOP,531.0
0.8089893893333596,0.7557287921447973,0.851780502341842,SCOP,540.0
0.8044188278117022,0.750630701185275,0.8477865838458998,SCOP,541.0
0.7998482662900454,0.7455486282095032,0.8437803306260708,SCOP,565.0
0.7952777047683877,0.7404819694588027,0.8397621033093499,SCOP,567.0
0.7907071432467305,0.7354301652038371,0.8357322400159369,SCOP,611.0
0.7861365817250726,0.7303926955181552,0.8316910582676805,SCOP,636.0
0.7815660202034158,0.725369076555127,0.8276388566862718,SCOP,644.0
0.7769954586817582,0.7203588572578181,0.8235759165092982,SCOP,646.0
0.7724248971601007,0.7153616164426342,0.8195025029479063,SCOP,651.0
0.7678543356384431,0.710376960206758,0.8154188664061459,SCOP,661.0
0.7678543356384431,0.710376960206758,0.8154188664061459,SCOP,681.0
0.7632564054849196,0.7053693494530089,0.8113044438845195,SCOP,699.0
0.7632564054849196,0.7053693494530089,0.8113044438845195,SCOP,713.0
0.7586306090880418,0.7003381986793537,0.8071588434974022,SCOP,715.0
0.7586306090880418,0.7003381986793537,0.8071588434974022,SCOP,718.0
0.7586306090880418,0.7003381986793537,0.8071588434974022,SCOP,720.0
0.7586306090880418,0.7003381986793537,0.8071588434974022,SCOP,723.0
0.7586306090880418,0.7003381986793537,0.8071588434974022,SCOP,725.0
0.7586306090880418,0.7003381986793537,0.8071588434974022,SCOP,726.0
0.7537985669919399,0.6950537466312057,0.8028470718434012,SCOP,727.0
0.7537985669919399,0.6950537466312057,0.8028470718434012,SCOP,729.0
0.7537985669919399,0.6950537466312057,0.8028470718434012,SCOP,731.0
0.7537985669919399,0.6950537466312057,0.8028470718434012,SCOP,732.0
0.7537985669919399,0.6950537466312057,0.8028470718434012,SCOP,733.0
0.7537985669919399,0.6950537466312057,0.8028470718434012,SCOP,738.0
0.7537985669919399,0.6950537466312057,0.8028470718434012,SCOP,741.0
0.7537985669919399,0.6950537466312057,0.8028470718434012,SCOP,746.0
0.7537985669919399,0.6950537466312057,0.8028470718434012,SCOP,749.0
0.7537985669919399,0.6950537466312057,0.8028470718434012,SCOP,751.0
0.7537985669919399,0.6950537466312057,0.8028470718434012,SCOP,754.0
0.7537985669919399,0.6950537466312057,0.8028470718434012,SCOP,755.0
0.748527248341647,0.6892091608845168,0.7981978817190051,SCOP,772.0
0.7432559296913537,0.6833850345633764,0.7935336522046823,SCOP,779.0
0.73798461104106,0.6775806274793554,0.7888548035041483,SCOP,784.0
0.7327132923907668,0.6717952530977056,0.784161727757346,SCOP,789.0
0.7274419737404739,0.6660282735515406,0.7794547915402101,SCOP,811.0
0.7274419737404739,0.6660282735515406,0.7794547915402101,SCOP,817.0
0.7221321783117115,0.6602292490202724,0.7747055658854318,SCOP,838.0
0.7168223828829489,0.6544480240769942,0.7699427978989366,SCOP,857.0
0.7115125874541859,0.648684055593651,0.7651668038178548,SCOP,869.0
0.7062027920254235,0.6429368363914346,0.7603778806199619,SCOP,901.0
0.6955832011678981,0.6314907792313904,0.7507623473527627,SCOP,914.0
0.6902734057391356,0.6257910812769659,0.745936247708357,SCOP,917.0
0.6849636103103731,0.6201064080492663,0.7410982420938265,SCOP,952.0
0.6796538148816105,0.614436392985131,0.73624855087829,SCOP,982.0
0.6743440194528479,0.6087806915384368,0.7313873821883914,SCOP,985.0
0.6690342240240854,0.6031389795900283,0.7265149327133087,SCOP,1000.0
0.6636819502318926,0.5974580925617304,0.721598312287842,SCOP,1023.0
0.6636819502318926,0.5974580925617304,0.721598312287842,SCOP,1025.0
0.6582861620186257,0.5917369864460604,0.7166365594817429,SCOP,1056.0
0.6582861620186257,0.5917369864460604,0.7166365594817429,SCOP,1061.0
0.6582861620186257,0.5917369864460604,0.7166365594817429,SCOP,1078.0
0.6582861620186257,0.5917369864460604,0.7166365594817429,SCOP,1079.0
0.6582861620186257,0.5917369864460604,0.7166365594817429,SCOP,1083.0
0.6527074657303321,0.5858019818189939,0.7115215169354321,SCOP,1089.0
0.6527074657303321,0.5858019818189939,0.7115215169354321,SCOP,1090.0
0.6527074657303321,0.5858019818189939,0.7115215169354321,SCOP,1092.0
0.6469819616449783,0.5796990080185978,0.7062807653267765,SCOP,1093.0
0.6469819616449783,0.5796990080185978,0.7062807653267765,SCOP,1095.0
0.6469819616449783,0.5796990080185978,0.7062807653267765,SCOP,1096.0
0.6469819616449783,0.5796990080185978,0.7062807653267765,SCOP,1100.0
0.6469819616449783,0.5796990080185978,0.7062807653267765,SCOP,1108.0
0.6407609812445461,0.5729849066344587,0.7006512799088681,SCOP,1109.0
0.6407609812445461,0.5729849066344587,0.7006512799088681,SCOP,1111.0
0.6407609812445461,0.5729849066344587,0.7006512799088681,SCOP,1117.0
0.634416813113412,0.5661370145953643,0.6949118162328192,SCOP,1121.0
0.634416813113412,0.5661370145953643,0.6949118162328192,SCOP,1124.0
0.634416813113412,0.5661370145953643,0.6949118162328192,SCOP,1133.0
0.6278764335967788,0.5590622935635531,0.6890077838714398,SCOP,1157.0
0.6213360540801457,0.5520156812815771,0.6830828302143199,SCOP,1170.0
0.6147956745635126,0.544996351809668,0.6771374362001928,SCOP,1183.0
0.6082552950468798,0.5380035394602279,0.6711720462649319,SCOP,1206.0
0.6017149155302466,0.5310365337119198,0.6651870714858127,SCOP,1314.0
0.5951745360136131,0.5240946746900662,0.6591828923491019,SCOP,1324.0
0.5951745360136131,0.5240946746900662,0.6591828923491019,SCOP,1345.0
0.5951745360136131,0.5240946746900662,0.6591828923491019,SCOP,1363.0
0.5884871816763819,0.5169922557931709,0.6530487137199018,SCOP,1374.0
0.5884871816763819,0.5169922557931709,0.6530487137199018,SCOP,1403.0
0.5884871816763819,0.5169922557931709,0.6530487137199018,SCOP,1410.0
0.5884871816763819,0.5169922557931709,0.6530487137199018,SCOP,1418.0
0.5884871816763819,0.5169922557931709,0.6530487137199018,SCOP,1426.0
0.5884871816763819,0.5169922557931709,0.6530487137199018,SCOP,1429.0
0.5884871816763819,0.5169922557931709,0.6530487137199018,SCOP,1434.0
0.5884871816763819,0.5169922557931709,0.6530487137199018,SCOP,1437.0
0.5884871816763819,0.5169922557931709,0.6530487137199018,SCOP,1446.0
0.5884871816763819,0.5169922557931709,0.6530487137199018,SCOP,1447.0
0.5884871816763819,0.5169922557931709,0.6530487137199018,SCOP,1449.0
0.5884871816763819,0.5169922557931709,0.6530487137199018,SCOP,1456.0
0.5884871816763819,0.5169922557931709,0.6530487137199018,SCOP,1460.0
0.5884871816763819,0.5169922557931709,0.6530487137199018,SCOP,1461.0
0.5884871816763819,0.5169922557931709,0.6530487137199018,SCOP,1464.0
0.5884871816763819,0.5169922557931709,0.6530487137199018,SCOP,1470.0
0.5884871816763819,0.5169922557931709,0.6530487137199018,SCOP,1491.0
0.5884871816763819,0.5169922557931709,0.6530487137199018,SCOP,1493.0
0.5798329584164348,0.5073316388567546,0.6454979256163644,SCOP,1497.0
0.571178735156488,0.49774391169250737,0.6378949262071417,SCOP,1502.0
0.571178735156488,0.49774391169250737,0.6378949262071417,SCOP,1525.0
0.571178735156488,0.49774391169250737,0.6378949262071417,SCOP,1531.0
0.562254067419668,0.48786019234410616,0.6300594587782479,SCOP,1612.0
0.553329399682848,0.4780517421746599,0.622169826483963,SCOP,1663.0
0.5444047319460278,0.4683153170714076,0.6142281109246541,SCOP,1677.0
0.5354800642092075,0.45864801280562006,0.6062361471234957,SCOP,1695.0
0.5354800642092075,0.45864801280562006,0.6062361471234957,SCOP,1719.0
0.5354800642092075,0.45864801280562006,0.6062361471234957,SCOP,1753.0
0.5354800642092075,0.45864801280562006,0.6062361471234957,SCOP,1769.0
0.5354800642092075,0.45864801280562006,0.6062361471234957,SCOP,1775.0
0.5354800642092075,0.45864801280562006,0.6062361471234957,SCOP,1781.0
0.5257440630417674,0.44796644566963595,0.5976428824355811,SCOP,1791.0
0.5257440630417674,0.44796644566963595,0.5976428824355811,SCOP,1802.0
0.5257440630417674,0.44796644566963595,0.5976428824355811,SCOP,1804.0
0.515633600290964,0.4368709347197345,0.5887350724375058,SCOP,1816.0
0.515633600290964,0.4368709347197345,0.5887350724375058,SCOP,1817.0
0.515633600290964,0.4368709347197345,0.5887350724375058,SCOP,1818.0
0.515633600290964,0.4368709347197345,0.5887350724375058,SCOP,1819.0
0.515633600290964,0.4368709347197345,0.5887350724375058,SCOP,1823.0
0.515633600290964,0.4368709347197345,0.5887350724375058,SCOP,1825.0
1.0,1.0,1.0,PRLL,0.0
0.9870129870129867,0.9113749048962453,0.9981603408625512,PRLL,24.0
0.9610389610389612,0.884063118454453,0.9872656244088882,PRLL,37.0
0.9480519480519476,0.867489397135463,0.9801796844068803,PRLL,42.0
0.9350649350649348,0.8510105279907306,0.9724460848836027,PRLL,46.0
0.9350649350649348,0.8510105279907306,0.9724460848836027,PRLL,48.0
0.9218950064020487,0.8343760453064599,0.9641341952463808,PRLL,60.0
0.9087250777391622,0.8180366115157635,0.9554134049939175,PRLL,107.0
0.8955551490762758,0.8019659978503546,0.9463533945818954,PRLL,118.0
0.8955551490762758,0.8019659978503546,0.9463533945818954,PRLL,167.0
0.8955551490762758,0.8019659978503546,0.9463533945818954,PRLL,182.0
0.8955551490762758,0.8019659978503546,0.9463533945818954,PRLL,188.0
0.8955551490762758,0.8019659978503546,0.9463533945818954,PRLL,251.0
0.8815620998719592,0.7846428363760619,0.9365774764326074,PRLL,266.0
0.8815620998719592,0.7846428363760619,0.9365774764326074,PRLL,336.0
0.8815620998719592,0.7846428363760619,0.9365774764326074,PRLL,354.0
0.8815620998719592,0.7846428363760619,0.9365774764326074,PRLL,356.0
0.8815620998719592,0.7846428363760619,0.9365774764326074,PRLL,364.0
0.8815620998719592,0.7846428363760619,0.9365774764326074,PRLL,365.0
0.8815620998719592,0.7846428363760619,0.9365774764326074,PRLL,366.0
0.8658199195171027,0.7644653564348761,0.925620937931879,PRLL,369.0
0.849786217303823,0.7443531186632585,0.9141706584528918,PRLL,370.0
0.849786217303823,0.7443531186632585,0.9141706584528918,PRLL,394.0
0.849786217303823,0.7443531186632585,0.9141706584528918,PRLL,403.0
0.8331237424547283,0.7236591822461806,0.9020735402829203,PRLL,411.0
0.8331237424547283,0.7236591822461806,0.9020735402829203,PRLL,418.0
0.8161212170985097,0.7029106889275933,0.889480049300404,PRLL,442.0
0.8161212170985097,0.7029106889275933,0.889480049300404,PRLL,448.0
0.7979851900518762,0.6807316434792121,0.8759780763704069,PRLL,498.0
0.7979851900518762,0.6807316434792121,0.8759780763704069,PRLL,646.0
0.7794273949343907,0.6584188834516166,0.8619210238764848,PRLL,695.0
0.7794273949343907,0.6584188834516166,0.8619210238764848,PRLL,698.0
0.7794273949343907,0.6584188834516166,0.8619210238764848,PRLL,728.0
0.759941710061031,0.63512230401599,0.8470387147884486,PRLL,743.0
0.7404560251876712,0.61240699713605,0.8318208650740709,PRLL,746.0
0.7404560251876712,0.61240699713605,0.8318208650740709,PRLL,759.0
0.7404560251876712,0.61240699713605,0.8318208650740709,PRLL,765.0
0.7404560251876712,0.61240699713605,0.8318208650740709,PRLL,775.0
0.7404560251876712,0.61240699713605,0.8318208650740709,PRLL,790.0
0.7404560251876712,0.61240699713605,0.8318208650740709,PRLL,812.0
0.7404560251876712,0.61240699713605,0.8318208650740709,PRLL,813.0
0.7404560251876712,0.61240699713605,0.8318208650740709,PRLL,815.0
0.7165703469558109,0.5829912750860512,0.8139527125095334,PRLL,824.0
0.7165703469558109,0.5829912750860512,0.8139527125095334,PRLL,1073.0
0.7165703469558109,0.5829912750860512,0.8139527125095334,PRLL,1098.0
0.7165703469558109,0.5829912750860512,0.8139527125095334,PRLL,1104.0
0.7165703469558109,0.5829912750860512,0.8139527125095334,PRLL,1116.0
0.7165703469558109,0.5829912750860512,0.8139527125095334,PRLL,1118.0
0.7165703469558109,0.5829912750860512,0.8139527125095334,PRLL,1147.0
0.7165703469558109,0.5829912750860512,0.8139527125095334,PRLL,1160.0
0.7165703469558109,0.5829912750860512,0.8139527125095334,PRLL,1184.0
0.6824479494817245,0.5362538912826602,0.7911583866619916,PRLL,1232.0
0.6483255520076383,0.4930271272634626,0.7667750998494641,PRLL,1302.0
0.6483255520076383,0.4930271272634626,0.7667750998494641,PRLL,1388.0
0.6123074657849918,0.44928924821170385,0.7402776191974149,PRLL,1406.0
0.6123074657849918,0.44928924821170385,0.7402776191974149,PRLL,1450.0
0.6123074657849918,0.44928924821170385,0.7402776191974149,PRLL,1454.0
0.6123074657849918,0.44928924821170385,0.7402776191974149,PRLL,1467.0
0.6123074657849918,0.44928924821170385,0.7402776191974149,PRLL,1488.0
0.6123074657849918,0.44928924821170385,0.7402776191974149,PRLL,1493.0
0.556643150713629,0.37358817760654217,0.7056998075202409,PRLL,1522.0
0.556643150713629,0.37358817760654217,0.7056998075202409,PRLL,1533.0
0.556643150713629,0.37358817760654217,0.7056998075202409,PRLL,1538.0
0.48706275687442546,0.2845549875243463,0.6624989051528313,PRLL,1660.0
0.4174823630352218,0.21163703549913643,0.6117935730358747,PRLL,1695.0
0.4174823630352218,0.21163703549913643,0.6117935730358747,PRLL,1825.0
0.9965635738831611,0.9758587066854771,0.9995152173837144,PATF,0.0
0.9931271477663229,0.9728011159611193,0.9982766731350831,PATF,1.0
0.9896907216494844,0.9683800047524144,0.9966633751046519,PATF,6.0
0.986254295532646,0.9637932289088323,0.9948187162724319,PATF,14.0
0.979381443298969,0.9546840508441851,0.9906838656717162,PATF,15.0
0.9759450171821304,0.9502068254361505,0.9884593148158795,PATF,16.0
0.9725085910652919,0.9457820722430473,0.9861561261871671,PATF,17.0
0.9690721649484535,0.9414059446321283,0.9837869971595231,PATF,18.0
0.9656357388316145,0.9370741755110028,0.9813614618709792,PATF,27.0
0.962199312714776,0.932782715534137,0.978886900032666,PATF,35.0
0.9587628865979376,0.9285279197830225,0.976369165433423,PATF,37.0
0.9553264604810991,0.9243065729610999,0.9738129961650719,PATF,48.0
0.9518900343642609,0.9201158584365812,0.9712222927618364,PATF,54.0
0.948453608247422,0.9159533110828182,0.968600312861341,PATF,60.0
0.9450171821305843,0.9118167690949587,0.9659498111515745,PATF,67.0
0.9415807560137457,0.9077043301732847,0.9632731423294737,PATF,73.0
0.938144329896907,0.9036143135383914,0.9605723383786655,PATF,85.0
0.938144329896907,0.9036143135383914,0.9605723383786655,PATF,86.0
0.934695269860521,0.8995258724972157,0.9578410365934182,PATF,89.0
0.9312462098241354,0.8954575191912394,0.9550887115782949,PATF,93.0
0.9277971497877494,0.8914080053325674,0.9523167497941396,PATF,103.0
0.9243480897513636,0.8873762130833196,0.9495263821085097,PATF,125.0
0.9208990297149782,0.8833611370165807,0.9467187073114641,PATF,136.0
0.9174499696785925,0.8793618691004985,0.9438947112365542,PATF,144.0
0.9140009096422066,0.87537758612473,0.9410552824525362,PATF,161.0
0.9140009096422066,0.87537758612473,0.9410552824525362,PATF,165.0
0.9140009096422066,0.87537758612473,0.9410552824525362,PATF,173.0
0.9140009096422066,0.87537758612473,0.9410552824525362,PATF,176.0
0.9140009096422066,0.87537758612473,0.9410552824525362,PATF,180.0
0.9104582704575472,0.8712728635871886,0.9381371443622147,PATF,181.0
0.9104582704575472,0.8712728635871886,0.9381371443622147,PATF,182.0
0.9068737890777931,0.8671238468982462,0.9351753306920774,PATF,188.0
0.903289307698039,0.8629909004213431,0.9321987484123675,PATF,198.0
0.903289307698039,0.8629909004213431,0.9321987484123675,PATF,207.0
0.899690545515975,0.8588528998874593,0.9291982007449151,PATF,211.0
0.8960917833339114,0.8547296751256801,0.926184082736101,PATF,216.0
0.8924930211518479,0.8506205007524344,0.9231569994846979,PATF,235.0
0.8924930211518479,0.8506205007524344,0.9231569994846979,PATF,244.0
0.8924930211518479,0.8506205007524344,0.9231569994846979,PATF,255.0
0.8924930211518479,0.8506205007524344,0.9231569994846979,PATF,269.0
0.8924930211518479,0.8506205007524344,0.9231569994846979,PATF,271.0
0.8888352628684383,0.846442374056401,0.9200758931703553,PATF,288.0
0.8851775045850295,0.8422782045685886,0.9169822923383486,PATF,308.0
0.8815197463016198,0.8381273484768788,0.9138767062400863,PATF,320.0
0.8815197463016198,0.8381273484768788,0.9138767062400863,PATF,326.0
0.8778467473586968,0.8339682651365486,0.9107486950659079,PATF,327.0
0.8741737484157733,0.8298216345340341,0.9076094648868126,PATF,329.0
0.8741737484157733,0.8298216345340341,0.9076094648868126,PATF,331.0
0.870485251587015,0.8256658437857377,0.9044482261352736,PATF,342.0
0.870485251587015,0.8256658437857377,0.9044482261352736,PATF,347.0
0.870485251587015,0.8256658437857377,0.9044482261352736,PATF,352.0
0.8667652291443347,0.8214789922581966,0.9012535717167623,PATF,353.0
0.8667652291443347,0.8214789922581966,0.9012535717167623,PATF,355.0
0.8667652291443347,0.8214789922581966,0.9012535717167623,PATF,356.0
0.8667652291443347,0.8214789922581966,0.9012535717167623,PATF,359.0
0.8667652291443347,0.8214789922581966,0.9012535717167623,PATF,360.0
0.8667652291443347,0.8214789922581966,0.9012535717167623,PATF,361.0
0.8667652291443347,0.8214789922581966,0.9012535717167623,PATF,362.0
0.8667652291443347,0.8214789922581966,0.9012535717167623,PATF,363.0
0.8667652291443347,0.8214789922581966,0.9012535717167623,PATF,364.0
0.8667652291443347,0.8214789922581966,0.9012535717167623,PATF,365.0
0.8667652291443347,0.8214789922581966,0.9012535717167623,PATF,366.0
0.8627149243352497,0.816850993135911,0.8978118926602644,PATF,377.0
0.8627149243352497,0.816850993135911,0.8978118926602644,PATF,378.0
0.8586455143148006,0.8122137634022116,0.8943434041822129,PATF,386.0
0.8545567261513969,0.8075665889745886,0.890848154730052,PATF,388.0
0.8545567261513969,0.8075665889745886,0.890848154730052,PATF,392.0
0.8545567261513969,0.8075665889745886,0.890848154730052,PATF,395.0
0.8545567261513969,0.8075665889745886,0.890848154730052,PATF,396.0
0.8503881567555359,0.802826106042818,0.8872833391482043,PATF,398.0
0.8462195873596756,0.798102673571402,0.8837054884817903,PATF,401.0
0.8420510179638155,0.7933955072090995,0.8801150699569494,PATF,417.0
0.8420510179638155,0.7933955072090995,0.8801150699569494,PATF,418.0
0.8420510179638155,0.7933955072090995,0.8801150699569494,PATF,421.0
0.8420510179638155,0.7933955072090995,0.8801150699569494,PATF,425.0
0.8378196058132437,0.7886185551315761,0.8764672023498037,PATF,433.0
0.8335881936626718,0.7838575670400939,0.8728070075010884,PATF,434.0
0.8251253693615279,0.7743808242893044,0.8654512456237053,PATF,467.0
0.820893957210956,0.7696638684346279,0.8617564180691811,PATF,474.0
0.816662545060384,0.764960463688705,0.8580507468588296,PATF,493.0
0.8124311329098121,0.7602701150882083,0.8543345464028409,PATF,556.0
0.8081997207592402,0.7555923626508045,0.8506081122870055,PATF,574.0
0.8039683086086682,0.7509267780853283,0.8468717228029561,PATF,575.0
0.7997368964580964,0.7462729618873545,0.843125640317978,PATF,585.0
0.7955054843075243,0.7416305407669604,0.8393701125047737,PATF,591.0
0.7912740721569526,0.7369991653638608,0.835605373448538,PATF,603.0
0.7870426600063808,0.7323785082120053,0.8318316446461659,PATF,614.0
0.7870426600063808,0.7323785082120053,0.8318316446461659,PATF,625.0
0.7827883753576982,0.7277388806596616,0.8280316990174682,PATF,640.0
0.7785340907090151,0.7231096331443636,0.8242230152981272,PATF,647.0
0.7742798060603315,0.7184904820268324,0.8204057878824004,PATF,656.0
0.7742798060603315,0.7184904820268324,0.8204057878824004,PATF,671.0
0.7700020170765726,0.7138512360868444,0.816562127053571,PATF,672.0
0.7657242280928138,0.7092218163653327,0.8127101286929721,PATF,675.0
0.7657242280928138,0.7092218163653327,0.8127101286929721,PATF,685.0
0.7657242280928138,0.7092218163653327,0.8127101286929721,PATF,699.0
0.7613981025103684,0.7045406959640689,0.8088126522822068,PATF,706.0
0.7613981025103684,0.7045406959640689,0.8088126522822068,PATF,715.0
0.7613981025103684,0.7045406959640689,0.8088126522822068,PATF,720.0
0.7613981025103684,0.7045406959640689,0.8088126522822068,PATF,723.0
0.7613981025103684,0.7045406959640689,0.8088126522822068,PATF,725.0
0.7613981025103684,0.7045406959640689,0.8088126522822068,PATF,726.0
0.7613981025103684,0.7045406959640689,0.8088126522822068,PATF,729.0
0.7613981025103684,0.7045406959640689,0.8088126522822068,PATF,730.0
0.7613981025103684,0.7045406959640689,0.8088126522822068,PATF,731.0
0.7613981025103684,0.7045406959640689,0.8088126522822068,PATF,733.0
0.7613981025103684,0.7045406959640689,0.8088126522822068,PATF,740.0
0.7613981025103684,0.7045406959640689,0.8088126522822068,PATF,744.0
0.7613981025103684,0.7045406959640689,0.8088126522822068,PATF,746.0
0.7613981025103684,0.7045406959640689,0.8088126522822068,PATF,754.0
0.7613981025103684,0.7045406959640689,0.8088126522822068,PATF,755.0
0.7564858566877211,0.6991132333172084,0.8044638564032527,PATF,757.0
0.7564858566877211,0.6991132333172084,0.8044638564032527,PATF,759.0
0.7564858566877211,0.6991132333172084,0.8044638564032527,PATF,760.0
0.7515089760516175,0.693617952356061,0.8000545142062008,PATF,764.0
0.746532095415514,0.688139976930099,0.795632229269206,PATF,805.0
0.746532095415514,0.688139976930099,0.795632229269206,PATF,810.0
0.746532095415514,0.688139976930099,0.795632229269206,PATF,811.0
0.7414879596356795,0.6825909930951336,0.7911473082074104,PATF,818.0
0.7364438238558451,0.6770591537435553,0.7866494956579708,PATF,842.0
0.7313996880760104,0.6715439025884714,0.7821391146779414,PATF,857.0
0.7263555522961761,0.6660447206279345,0.7776164684889121,PATF,923.0
0.7213114165163412,0.6605611229525067,0.7730818420834055,PATF,944.0
0.716267280736507,0.6550926558950027,0.7685355036591153,PATF,982.0
0.7112231449566725,0.6496388944792982,0.7639777059032361,PATF,1024.0
0.7112231449566725,0.6496388944792982,0.7639777059032361,PATF,1052.0
0.7061429796355535,0.6441536464020818,0.7593811694107625,PATF,1053.0
0.7061429796355535,0.6441536464020818,0.7593811694107625,PATF,1056.0
0.7010260015222523,0.638636058092453,0.7547452035749804,PATF,1062.0
0.7010260015222523,0.638636058092453,0.7547452035749804,PATF,1068.0
0.7010260015222523,0.638636058092453,0.7547452035749804,PATF,1076.0
0.6958332163257908,0.6330367754019376,0.7500399329395894,PATF,1081.0
0.6958332163257908,0.6330367754019376,0.7500399329395894,PATF,1083.0
0.6958332163257908,0.6330367754019376,0.7500399329395894,PATF,1085.0
0.6958332163257908,0.6330367754019376,0.7500399329395894,PATF,1090.0
0.6958332163257908,0.6330367754019376,0.7500399329395894,PATF,1092.0
0.6958332163257908,0.6330367754019376,0.7500399329395894,PATF,1093.0
0.6958332163257908,0.6330367754019376,0.7500399329395894,PATF,1094.0
0.6958332163257908,0.6330367754019376,0.7500399329395894,PATF,1095.0
0.6958332163257908,0.6330367754019376,0.7500399329395894,PATF,1096.0
0.6958332163257908,0.6330367754019376,0.7500399329395894,PATF,1102.0
0.6958332163257908,0.6330367754019376,0.7500399329395894,PATF,1113.0
0.6958332163257908,0.6330367754019376,0.7500399329395894,PATF,1114.0
0.6897824927055666,0.6263399515363807,0.7446858994797507,PATF,1115.0
0.6837317690853424,0.6196710097115405,0.7393117729085952,PATF,1121.0
0.6776810454651176,0.6130289353374491,0.7339181426661301,PATF,1129.0
0.6716303218448935,0.6064127909923223,0.7285055528935298,PATF,1133.0
0.6716303218448935,0.6064127909923223,0.7285055528935298,PATF,1153.0
0.6716303218448935,0.6064127909923223,0.7285055528935298,PATF,1161.0
0.6716303218448935,0.6064127909923223,0.7285055528935298,PATF,1162.0
0.6654115225685515,0.5996024938196051,0.7229512845687701,PATF,1255.0
0.65919272329221,0.5928193771653394,0.7173771078860406,PATF,1264.0
0.6529739240158683,0.5860625450863736,0.7117835438329653,PATF,1344.0
0.6467551247395268,0.57933116757225,0.7061710744387925,PATF,1374.0
0.6405363254631854,0.5726244746268561,0.700540146359817,PATF,1377.0
0.6343175261868435,0.5659417510305461,0.6948911740234857,PATF,1401.0
0.6280987269105023,0.5592823316908714,0.6892245423950683,PATF,1405.0
0.6218799276341608,0.5526455975044209,0.6835406094200628,PATF,1415.0
0.6218799276341608,0.5526455975044209,0.6835406094200628,PATF,1418.0
0.6218799276341608,0.5526455975044209,0.6835406094200628,PATF,1427.0
0.6218799276341608,0.5526455975044209,0.6835406094200628,PATF,1431.0
0.6154020117213049,0.5457024124936998,0.677644430683377,PATF,1433.0
0.6154020117213049,0.5457024124936998,0.677644430683377,PATF,1435.0
0.6154020117213049,0.5457024124936998,0.677644430683377,PATF,1443.0
0.6154020117213049,0.5457024124936998,0.677644430683377,PATF,1446.0
0.6154020117213049,0.5457024124936998,0.677644430683377,PATF,1449.0
0.6154020117213049,0.5457024124936998,0.677644430683377,PATF,1450.0
0.6154020117213049,0.5457024124936998,0.677644430683377,PATF,1451.0
0.6154020117213049,0.5457024124936998,0.677644430683377,PATF,1456.0
0.6154020117213049,0.5457024124936998,0.677644430683377,PATF,1457.0
0.6154020117213049,0.5457024124936998,0.677644430683377,PATF,1458.0
0.6079875296523736,0.5375691459311144,0.6710466924929152,PATF,1505.0
0.6005730475834422,0.5294792305230145,0.6644175145457942,PATF,1513.0
0.5931585655145104,0.5214311044129122,0.6577578422721463,PATF,1515.0
0.5857440834455793,0.5134233390814441,0.6510685333046937,PATF,1544.0
0.5857440834455793,0.5134233390814441,0.6510685333046937,PATF,1549.0
0.5782345439142258,0.5053315532095626,0.6442814277006893,PATF,1566.0
0.5707250043828721,0.4972796384522241,0.6374647948602987,PATF,1589.0
0.5707250043828721,0.4972796384522241,0.6374647948602987,PATF,1599.0
0.5631153376577676,0.48913778140323405,0.630546188677824,PATF,1606.0
0.5555056709326622,0.48103557948817577,0.6235979753855815,PATF,1640.0
0.5478960042075574,0.4729719199465558,0.6166208039363031,PATF,1645.0
0.5402863374824525,0.4649457822964304,0.6096152633860176,PATF,1679.0
0.5326766707573476,0.4569562304536113,0.6025818881866208,PATF,1718.0
0.5250670040322426,0.4490024058091401,0.5955211627736501,PATF,1726.0
0.5174573373071376,0.4410835211350896,0.5884335255515056,PATF,1744.0
0.5174573373071376,0.4410835211350896,0.5884335255515056,PATF,1758.0
0.5174573373071376,0.4410835211350896,0.5884335255515056,PATF,1761.0
0.5174573373071376,0.4410835211350896,0.5884335255515056,PATF,1772.0
0.5174573373071376,0.4410835211350896,0.5884335255515056,PATF,1785.0
0.5174573373071376,0.4410835211350896,0.5884335255515056,PATF,1786.0
0.5174573373071376,0.4410835211350896,0.5884335255515056,PATF,1792.0
0.5174573373071376,0.4410835211350896,0.5884335255515056,PATF,1801.0
0.5174573373071376,0.4410835211350896,0.5884335255515056,PATF,1817.0
0.5174573373071376,0.4410835211350896,0.5884335255515056,PATF,1819.0
0.5174573373071376,0.4410835211350896,0.5884335255515056,PATF,1821.0
0.5174573373071376,0.4410835211350896,0.5884335255515056,PATF,1823.0
0.5174573373071376,0.4410835211350896,0.5884335255515056,PATF,1824.0
0.5174573373071376,0.4410835211350896,0.5884335255515056,PATF,1825.0
1.0,1.0,1.0,PADV,0.0
0.9955489614243327,0.9862636449368384,0.9985622762276832,PADV,1.0
0.9925816023738877,0.9822696653308859,0.9969055505491426,PADV,2.0
0.9910979228486644,0.9802930467481633,0.9959908080598301,PADV,3.0
0.9881305637982198,0.9764064678487343,0.9940464316315247,PADV,4.0
0.9866468842729972,0.9744943616671554,0.9930298116675806,PADV,6.0
0.9851632047477743,0.9726007108863381,0.9919894819290006,PADV,9.0
0.9821958456973295,0.968862081741145,0.9898496983273467,PADV,13.0
0.9807121661721064,0.96701418984024,0.9887547824892899,PADV,15.0
0.9792262386476034,0.9651751651513114,0.9876441940575078,PADV,17.0
0.9777403111231003,0.9633478581497289,0.9865206120238251,PADV,19.0
0.9762543835985966,0.9615313272517146,0.985385219284086,PADV,23.0
0.9732825285495904,0.9579273873008098,0.9830829036274905,PADV,25.0
0.9717966010250876,0.9561386053521497,0.9819176093014633,PADV,26.0
0.9703083979607309,0.954354333233861,0.9807423334165893,PADV,28.0
0.9673319918320167,0.9508080239721248,0.9783684369661768,PADV,29.0
0.9658437887676602,0.9490450957938464,0.9771708048509385,PADV,36.0
0.9643555857033026,0.9472884632721573,0.9759666234911413,PADV,37.0
0.961379179574589,0.9437927331594556,0.9735400835197469,PADV,43.0
0.959890976510232,0.9420530335685302,0.9723183751320674,PADV,51.0
0.9584027734458754,0.9403184187037096,0.9710914264538458,PADV,54.0
0.9554263673171612,0.9368634954239187,0.9686228192601232,PADV,60.0
0.9539381642528041,0.9351427588312575,0.9673816154584877,PADV,62.0
0.9524499611884472,0.9334262468096369,0.966136085234918,PADV,65.0
0.9509617581240901,0.9317137828350193,0.9648864146052064,PADV,66.0
0.9494735550597333,0.9300052027855934,0.9636327760642488,PADV,69.0
0.9479853519953764,0.9283003537588261,0.9623753299291684,PADV,73.0
0.9479853519953764,0.9283003537588261,0.9623753299291684,PADV,77.0
0.9464948089890941,0.9265958869761831,0.9611125279420636,PADV,78.0
0.9435137229765297,0.923197283984465,0.9585764487587584,PADV,79.0
0.9405326369639656,0.9198116470195443,0.9560272359654272,PADV,89.0
0.939042093957684,0.9181234149360468,0.9547479884169056,PADV,102.0
0.9375515509514023,0.9164381061601151,0.9534657847591236,PADV,104.0
0.9360610079451197,0.9147556271013009,0.9521807210359261,PADV,107.0
0.934570464938838,0.9130758893409776,0.950892887896996,PADV,120.0
0.9330799219325556,0.911398809240264,0.9496023710146092,PADV,136.0
0.9315893789262734,0.90972430758535,0.9483092514597896,PADV,148.0
0.9315893789262734,0.90972430758535,0.9483092514597896,PADV,153.0
0.9315893789262734,0.90972430758535,0.9483092514597896,PADV,163.0
0.9315893789262734,0.90972430758535,0.9483092514597896,PADV,168.0
0.9285939146853533,0.9063639059934422,0.9457045995166143,PADV,169.0
0.9270937629653442,0.9046842142766965,0.9443967703264439,PADV,175.0
0.9270937629653442,0.9046842142766965,0.9443967703264439,PADV,176.0
0.9270937629653442,0.9046842142766965,0.9443967703264439,PADV,177.0
0.9255838382699613,0.9029941454489447,0.943079135227131,PADV,178.0
0.9255838382699613,0.9029941454489447,0.943079135227131,PADV,179.0
0.9255838382699613,0.9029941454489447,0.943079135227131,PADV,180.0
0.9255838382699613,0.9029941454489447,0.943079135227131,PADV,181.0
0.9255838382699613,0.9029941454489447,0.943079135227131,PADV,182.0
0.9240256163200119,0.9012432851787463,0.9417224701270753,PADV,185.0
0.9240256163200119,0.9012432851787463,0.9417224701270753,PADV,192.0
0.9240256163200119,0.9012432851787463,0.9417224701270753,PADV,194.0
0.9240256163200119,0.9012432851787463,0.9417224701270753,PADV,196.0
0.9224541441834136,0.899477786239403,0.9403532449399736,PADV,197.0
0.9224541441834136,0.899477786239403,0.9403532449399736,PADV,198.0
0.9224541441834136,0.899477786239403,0.9403532449399736,PADV,199.0
0.920874599415976,0.8977044859019172,0.9389753762813234,PADV,202.0
0.920874599415976,0.8977044859019172,0.9389753762813234,PADV,207.0
0.9192923406540923,0.8959303975801683,0.9375929511275483,PADV,208.0
0.9177100818922095,0.8941590095848236,0.9362080851914193,PADV,211.0
0.9161278231303267,0.8923902430378654,0.9348208426620186,PADV,216.0
0.9129633056065604,0.8888602789089846,0.9320394698489243,PADV,223.0
0.9129633056065604,0.8888602789089846,0.9320394698489243,PADV,240.0
0.9129633056065604,0.8888602789089846,0.9320394698489243,PADV,241.0
0.9113755433359404,0.8870918459958157,0.9306412146892975,PADV,243.0
0.9113755433359404,0.8870918459958157,0.9306412146892975,PADV,245.0
0.9097850101014967,0.8853222314121478,0.9292386488201219,PADV,247.0
0.9097850101014967,0.8853222314121478,0.9292386488201219,PADV,248.0
0.9081916913447516,0.883551381199378,0.9278317962572715,PADV,253.0
0.9081916913447516,0.883551381199378,0.9278317962572715,PADV,254.0
0.9081916913447516,0.883551381199378,0.9278317962572715,PADV,266.0
0.9081916913447516,0.883551381199378,0.9278317962572715,PADV,267.0
0.9081916913447516,0.883551381199378,0.9278317962572715,PADV,272.0
0.9065842724220174,0.8817647436447396,0.926411933463093,PADV,287.0
0.9049768534992833,0.8799804468528816,0.9249899645143738,PADV,288.0
0.9033694345765488,0.8781984307669123,0.9235659378055583,PADV,289.0
0.9017620156538146,0.876418638101805,0.9221398997302959,PADV,291.0
0.9001545967310807,0.8746410141674472,0.9207118947957755,PADV,293.0
0.8985471778083468,0.8728655067059983,0.9192819657287562,PADV,295.0
0.8969397588856126,0.8710920657421661,0.9178501535740189,PADV,296.0
0.8969397588856126,0.8710920657421661,0.9178501535740189,PADV,314.0
0.8953294541120296,0.8693169966636046,0.9164142299375369,PADV,320.0
0.8937191493384468,0.8675439176405292,0.9149764898324888,PADV,327.0
0.8937191493384468,0.8675439176405292,0.9149764898324888,PADV,344.0
0.8937191493384468,0.8675439176405292,0.9149764898324888,PADV,345.0
0.8937191493384468,0.8675439176405292,0.9149764898324888,PADV,346.0
0.8937191493384468,0.8675439176405292,0.9149764898324888,PADV,352.0
0.8937191493384468,0.8675439176405292,0.9149764898324888,PADV,354.0
0.8937191493384468,0.8675439176405292,0.9149764898324888,PADV,355.0
0.8937191493384468,0.8675439176405292,0.9149764898324888,PADV,356.0
0.8937191493384468,0.8675439176405292,0.9149764898324888,PADV,358.0
0.8920671730919808,0.8657201665298556,0.9135042033231461,PADV,359.0
0.8920671730919808,0.8657201665298556,0.9135042033231461,PADV,360.0
0.8920671730919808,0.8657201665298556,0.9135042033231461,PADV,361.0
0.8920671730919808,0.8657201665298556,0.9135042033231461,PADV,362.0
0.8903871972481163,0.8638631005404773,0.9120080771238501,PADV,363.0
0.8903871972481163,0.8638631005404773,0.9120080771238501,PADV,364.0
0.8903871972481163,0.8638631005404773,0.9120080771238501,PADV,365.0
0.8903871972481163,0.8638631005404773,0.9120080771238501,PADV,366.0
0.8886582900689939,0.8619461107838422,0.9104717920142152,PADV,367.0
0.8869293828898709,0.8600316568807237,0.9089333793741082,PADV,368.0
0.8869293828898709,0.8600316568807237,0.9089333793741082,PADV,372.0
0.8851937089507516,0.8581110786466051,0.9073876020080022,PADV,375.0
0.8834512016496676,0.8561842856007791,0.9058344173785932,PADV,379.0
0.8817052506582652,0.854255568589826,0.9042764863660664,PADV,382.0
0.8799592996668626,0.8523292526622012,0.9027165331886068,PADV,383.0
0.8782098775999301,0.8504009008877051,0.9011518707456847,PADV,384.0
0.876460455532998,0.8484748593063904,0.8995852530717423,PADV,387.0
0.8747110334660658,0.8465510748125432,0.8980167184810295,PADV,392.0
0.8747110334660658,0.8465510748125432,0.8980167184810295,PADV,393.0
0.8747110334660658,0.8465510748125432,0.8980167184810295,PADV,394.0
0.8747110334660658,0.8465510748125432,0.8980167184810295,PADV,395.0
0.8747110334660658,0.8465510748125432,0.8980167184810295,PADV,397.0
0.8747110334660658,0.8465510748125432,0.8980167184810295,PADV,398.0
0.8729403633578344,0.8446028080421926,0.8964295292865923,PADV,399.0
0.8711696932496036,0.8426568210251987,0.8948404169085777,PADV,400.0
0.8711696932496036,0.8426568210251987,0.8948404169085777,PADV,402.0
0.8711696932496036,0.8426568210251987,0.8948404169085777,PADV,406.0
0.8711696932496036,0.8426568210251987,0.8948404169085777,PADV,409.0
0.8676066270195434,0.8387443082531975,0.8916393462693243,PADV,411.0
0.864043560789484,0.8348405665457415,0.8884308507720169,PADV,415.0
0.8604804945594237,0.8309452266913103,0.8852151972845826,PADV,416.0
0.8604804945594237,0.8309452266913103,0.8852151972845826,PADV,419.0
0.8604804945594237,0.8309452266913103,0.8852151972845826,PADV,420.0
0.858691553822294,0.8289914081519169,0.883598845744992,PADV,424.0
0.858691553822294,0.8289914081519169,0.883598845744992,PADV,426.0
0.858691553822294,0.8289914081519169,0.883598845744992,PADV,430.0
0.8568913618855597,0.8270256487970628,0.8819717775291467,PADV,432.0
0.8550911699488251,0.8250619186357482,0.8803429788075434,PADV,435.0
0.8550911699488251,0.8250619186357482,0.8803429788075434,PADV,436.0
0.8550911699488251,0.8250619186357482,0.8803429788075434,PADV,441.0
0.8550911699488251,0.8250619186357482,0.8803429788075434,PADV,442.0
0.8550911699488251,0.8250619186357482,0.8803429788075434,PADV,443.0
0.8550911699488251,0.8250619186357482,0.8803429788075434,PADV,444.0
0.8532718270340401,0.8230764653258885,0.8786971470780909,PADV,446.0
0.8514524841192558,0.8210930578484391,0.8770495791512265,PADV,452.0
0.8514524841192558,0.8210930578484391,0.8770495791512265,PADV,453.0
0.8514524841192558,0.8210930578484391,0.8770495791512265,PADV,454.0
0.8496253328657809,0.8191020053567871,0.8753940424288058,PADV,456.0
0.8496253328657809,0.8191020053567871,0.8753940424288058,PADV,457.0
0.8459631547068766,0.815116172758268,0.8720715487690658,PADV,461.0
0.8441320656274246,0.8131261979522116,0.8704077949036075,PADV,462.0
0.8423009765479728,0.8111381353960905,0.8687424051495215,PADV,481.0
0.8404698874685205,0.8091519501487184,0.8670754050658668,PADV,483.0
0.8386387983890685,0.8071676084883245,0.8654068194213442,PADV,493.0
0.8368077093096165,0.8051850778545276,0.8637366722281329,PADV,497.0
0.8349766202301643,0.803204326793806,0.8620649867738576,PADV,498.0
0.8331455311507118,0.8012253249082025,0.8603917856518072,PADV,500.0
0.83131444207126,0.7992480428070409,0.8587170907895265,PADV,505.0
0.8294833529918079,0.7972724520614344,0.8570409234758791,PADV,508.0
0.8276522639123559,0.7952985251614048,0.8553633043866951,PADV,511.0
0.8258211748329036,0.7933262354754185,0.8536842536090796,PADV,513.0
0.8239900857534513,0.7913555572121882,0.8520037906644787,PADV,530.0
0.8221589966739994,0.7893864653845799,0.8503219345305727,PADV,534.0
0.8203279075945469,0.7874189357754889,0.8486387036620723,PADV,541.0
0.8184968185150953,0.785452944905561,0.8469541160104891,PADV,547.0
0.816665729435643,0.7834884700026244,0.8452681890429299,PADV,550.0
0.8148346403561907,0.7815254889727458,0.8435809397599914,PADV,561.0
0.8130035512767386,0.7795639803727838,0.8418923847127909,PADV,566.0
0.8111724621972866,0.7776039233843632,0.8402025400191935,PADV,569.0
0.8093413731178342,0.7756452977891735,0.8385114213792796,PADV,574.0
0.8075102840383823,0.7736880839455151,0.8368190440900979,PADV,576.0
0.8056791949589299,0.7717322627660118,0.8351254230597371,PADV,577.0
0.8038481058794782,0.7697778156964292,0.833430572820768,PADV,579.0
0.8020170168000261,0.7678247246955198,0.8317345075430728,PADV,582.0
0.8001859277205736,0.7658729722158494,0.8300372410461135,PADV,584.0
0.7983548386411217,0.7639225411855373,0.8283387868106578,PADV,587.0
0.7965237495616697,0.7619734149908589,0.8266391579899915,PADV,600.0
0.7946926604822178,0.7600255774596678,0.8249383674206536,PADV,603.0
0.7910304823233136,0.7561337058129105,0.8215333508595954,PADV,615.0
0.7891993932438609,0.7541896414222322,0.8198291490475402,PADV,625.0
0.7837061260055046,0.7483647603678021,0.814709908719244,PADV,650.0
0.7837061260055046,0.7483647603678021,0.814709908719244,PADV,653.0
0.7818707486612296,0.7464204695508511,0.8129977151362624,PADV,660.0
0.7818707486612296,0.7464204695508511,0.8129977151362624,PADV,664.0
0.7800310527820264,0.7444722764364262,0.8112808105130165,PADV,671.0
0.7781913569028233,0.742525268464967,0.8095628292507144,PADV,679.0
0.7763516610236209,0.7405794326644418,0.8078437817951162,PADV,681.0
0.7745119651444176,0.7386347563788421,0.8061236783595651,PADV,687.0
0.7726722692652148,0.7366912272579598,0.80440252893183,PADV,689.0
0.7708281827037229,0.734743682532253,0.8026766340221935,PADV,691.0
0.7689840961422307,0.7327972731807826,0.8009497036947593,PADV,692.0
0.7689840961422307,0.7327972731807826,0.8009497036947593,PADV,694.0
0.76713557668035,0.7308467944564804,0.7992179975296617,PADV,695.0
0.76713557668035,0.7308467944564804,0.7992179975296617,PADV,703.0
0.7652825921956153,0.7288922116127883,0.7974814873921728,PADV,705.0
0.7652825921956153,0.7288922116127883,0.7974814873921728,PADV,707.0
0.7652825921956153,0.7288922116127883,0.7974814873921728,PADV,708.0
0.7634160492878213,0.7269228767022878,0.7957324798160086,PADV,714.0
0.7634160492878213,0.7269228767022878,0.7957324798160086,PADV,716.0
0.7634160492878213,0.7269228767022878,0.7957324798160086,PADV,717.0
0.7634160492878213,0.7269228767022878,0.7957324798160086,PADV,719.0
0.7634160492878213,0.7269228767022878,0.7957324798160086,PADV,720.0
0.7634160492878213,0.7269228767022878,0.7957324798160086,PADV,724.0
0.7634160492878213,0.7269228767022878,0.7957324798160086,PADV,725.0
0.7634160492878213,0.7269228767022878,0.7957324798160086,PADV,726.0
0.7634160492878213,0.7269228767022878,0.7957324798160086,PADV,728.0
0.7614484821504814,0.7248357871339965,0.793897431228738,PADV,729.0
0.7614484821504814,0.7248357871339965,0.793897431228738,PADV,730.0
0.7614484821504814,0.7248357871339965,0.793897431228738,PADV,731.0
0.7614484821504814,0.7248357871339965,0.793897431228738,PADV,732.0
0.7614484821504814,0.7248357871339965,0.793897431228738,PADV,733.0
0.7594015776285717,0.7226559742271584,0.7919950017891432,PADV,735.0
0.7594015776285717,0.7226559742271584,0.7919950017891432,PADV,736.0
0.7594015776285717,0.7226559742271584,0.7919950017891432,PADV,737.0
0.7594015776285717,0.7226559742271584,0.7919950017891432,PADV,738.0
0.7594015776285717,0.7226559742271584,0.7919950017891432,PADV,740.0
0.7594015776285717,0.7226559742271584,0.7919950017891432,PADV,741.0
0.7594015776285717,0.7226559742271584,0.7919950017891432,PADV,742.0
0.7594015776285717,0.7226559742271584,0.7919950017891432,PADV,743.0
0.7594015776285717,0.7226559742271584,0.7919950017891432,PADV,746.0
0.7594015776285717,0.7226559742271584,0.7919950017891432,PADV,750.0
0.7572803441715084,0.7203890379316609,0.790029661502012,PADV,752.0
0.7572803441715084,0.7203890379316609,0.790029661502012,PADV,754.0
0.7551531521934987,0.7181168986111011,0.7880577966303374,PADV,759.0
0.7551531521934987,0.7181168986111011,0.7880577966303374,PADV,760.0
0.7551531521934987,0.7181168986111011,0.7880577966303374,PADV,767.0
0.7551531521934987,0.7181168986111011,0.7880577966303374,PADV,768.0
0.7508502852294333,0.7135203828258758,0.7840692333783847,PADV,769.0
0.7508502852294333,0.7135203828258758,0.7840692333783847,PADV,771.0
0.7508502852294333,0.7135203828258758,0.7840692333783847,PADV,774.0
0.7486801976998685,0.7112027524231584,0.7820571057292511,PADV,782.0
0.7486801976998685,0.7112027524231584,0.7820571057292511,PADV,786.0
0.7465038017763221,0.7088795829785037,0.7800381049242157,PADV,788.0
0.7443274058527761,0.7065584262656832,0.7780174323595143,PADV,790.0
0.7421510099292303,0.7042392545155872,0.7759951074440337,PADV,793.0
0.7399682128412027,0.7019143995520148,0.7739658553794779,PADV,800.0
0.7377854157531758,0.6995915006651925,0.77193497047879,PADV,802.0
0.7377854157531758,0.6995915006651925,0.77193497047879,PADV,804.0
0.7377854157531758,0.6995915006651925,0.77193497047879,PADV,805.0
0.7355896258253389,0.6972550466591225,0.769891709731702,PADV,806.0
0.7355896258253389,0.6972550466591225,0.769891709731702,PADV,809.0
0.7355896258253389,0.6972550466591225,0.769891709731702,PADV,811.0
0.7355896258253389,0.6972550466591225,0.769891709731702,PADV,812.0
0.7355896258253389,0.6972550466591225,0.769891709731702,PADV,817.0
0.7355896258253389,0.6972550466591225,0.769891709731702,PADV,818.0
0.7333537910963869,0.6948727572768372,0.7678137048753481,PADV,822.0
0.7311179563674342,0.6924925491814538,0.7657339729707338,PADV,830.0
0.7288821216384818,0.6901143943544505,0.7636525335779993,PADV,834.0
0.7266462869095291,0.6877382656006715,0.7615694057137568,PADV,842.0
0.7244104521805766,0.6853641365169763,0.7594846078710836,PADV,854.0
0.7221746174516245,0.6829919814624142,0.7573981580385365,PADV,878.0
0.7199387827226723,0.6806217755298392,0.7553100737182432,PADV,894.0
0.7177029479937197,0.67825349451888,0.7532203719431321,PADV,901.0
0.7154671132647672,0.6758871149101917,0.7511290692933452,PADV,921.0
0.7132312785358148,0.6735226138409095,0.7490361819118811,PADV,927.0
0.7109954438068626,0.6711599690812445,0.7469417255195144,PADV,929.0
0.7087596090779099,0.668799159012154,0.7448457154290306,PADV,935.0
0.7065237743489579,0.6664401626040313,0.742748166558818,PADV,946.0
0.7020521048910527,0.6617275294782341,0.7385485102580585,PADV,959.0
0.7020521048910527,0.6617275294782341,0.7385485102580585,PADV,979.0
0.6998019378881966,0.659357009685759,0.7364343965144403,PADV,993.0
0.6975517708853409,0.6569882726427928,0.7343187643120034,PADV,1011.0
0.6953016038824852,0.6546212991182554,0.7322016273476061,PADV,1021.0
0.6953016038824852,0.6546212991182554,0.7322016273476061,PADV,1035.0
0.693044131142607,0.652247503800563,0.7300768513893514,PADV,1038.0
0.690786658402729,0.6498754589640713,0.7279505791055686,PADV,1040.0
0.688529185662851,0.6475051464330072,0.7258228234724418,PADV,1049.0
0.6862717129229727,0.6451365485055552,0.7236935971447339,PADV,1053.0
0.6862717129229727,0.6451365485055552,0.7236935971447339,PADV,1055.0
0.6840067897780127,0.6427609424628651,0.7215566213726335,PADV,1056.0
0.6817418666330521,0.6403870406575863,0.7194181814499623,PADV,1059.0
0.6817418666330521,0.6403870406575863,0.7194181814499623,PADV,1065.0
0.6817418666330521,0.6403870406575863,0.7194181814499623,PADV,1067.0
0.6817418666330521,0.6403870406575863,0.7194181814499623,PADV,1069.0
0.6817418666330521,0.6403870406575863,0.7194181814499623,PADV,1070.0
0.6817418666330521,0.6403870406575863,0.7194181814499623,PADV,1075.0
0.6817418666330521,0.6403870406575863,0.7194181814499623,PADV,1084.0
0.6817418666330521,0.6403870406575863,0.7194181814499623,PADV,1085.0
0.6817418666330521,0.6403870406575863,0.7194181814499623,PADV,1086.0
0.6817418666330521,0.6403870406575863,0.7194181814499623,PADV,1087.0
0.6817418666330521,0.6403870406575863,0.7194181814499623,PADV,1088.0
0.6817418666330521,0.6403870406575863,0.7194181814499623,PADV,1090.0
0.6793497899080239,0.6378656656014622,0.7171714412630049,PADV,1091.0
0.6793497899080239,0.6378656656014622,0.7171714412630049,PADV,1092.0
0.6793497899080239,0.6378656656014622,0.7171714412630049,PADV,1093.0
0.6793497899080239,0.6378656656014622,0.7171714412630049,PADV,1094.0
0.6793497899080239,0.6378656656014622,0.7171714412630049,PADV,1095.0
0.6793497899080239,0.6378656656014622,0.7171714412630049,PADV,1096.0
0.6793497899080239,0.6378656656014622,0.7171714412630049,PADV,1097.0
0.6767958433294221,0.635154312176846,0.714788766490464,PADV,1103.0
0.6767958433294221,0.635154312176846,0.714788766490464,PADV,1106.0
0.6767958433294221,0.635154312176846,0.714788766490464,PADV,1109.0
0.6742126530877072,0.63241075136803,0.7123798142709495,PADV,1110.0
0.6716294628459916,0.6296700172063621,0.7099685469517437,PADV,1113.0
0.6716294628459916,0.6296700172063621,0.7099685469517437,PADV,1114.0
0.6716294628459916,0.6296700172063621,0.7099685469517437,PADV,1116.0
0.6716294628459916,0.6296700172063621,0.7099685469517437,PADV,1117.0
0.6690161186325827,0.6268960572022552,0.7075302074543472,PADV,1119.0
0.6690161186325827,0.6268960572022552,0.7075302074543472,PADV,1122.0
0.6690161186325827,0.6268960572022552,0.7075302074543472,PADV,1123.0
0.6690161186325827,0.6268960572022552,0.7075302074543472,PADV,1125.0
0.6690161186325827,0.6268960572022552,0.7075302074543472,PADV,1126.0
0.6690161186325827,0.6268960572022552,0.7075302074543472,PADV,1128.0
0.6690161186325827,0.6268960572022552,0.7075302074543472,PADV,1135.0
0.6663184729929351,0.6240239583176722,0.7050205160716214,PADV,1145.0
0.6636098613141026,0.6211419329449274,0.7024992398801577,PADV,1153.0
0.6636098613141026,0.6211419329449274,0.7024992398801577,PADV,1155.0
0.6636098613141026,0.6211419329449274,0.7024992398801577,PADV,1157.0
0.6636098613141026,0.6211419329449274,0.7024992398801577,PADV,1163.0
0.6636098613141026,0.6211419329449274,0.7024992398801577,PADV,1165.0
0.6636098613141026,0.6211419329449274,0.7024992398801577,PADV,1173.0
0.6636098613141026,0.6211419329449274,0.7024992398801577,PADV,1178.0
0.6608332510157172,0.6181813376544527,0.6999199789202143,PADV,1186.0
0.6580566407173318,0.6152242943876908,0.6973378413493521,PADV,1196.0
0.6552800304189466,0.6122707507357303,0.6947528640033918,PADV,1197.0
0.6524916047575895,0.6093064621132592,0.6921554547245182,PADV,1198.0
0.6497031790962319,0.6063456333119461,0.6895552301086443,PADV,1206.0
0.6469147534348748,0.6033882157044749,0.6869522242824155,PADV,1209.0
0.6441263277735175,0.6004341622995131,0.684346470199852,PADV,1210.0
0.6413379021121606,0.5974834276737919,0.6817379996923285,PADV,1216.0
0.6385494764508034,0.594535967907886,0.6791268435156793,PADV,1246.0
0.6385494764508034,0.594535967907886,0.6791268435156793,PADV,1268.0
0.635748820852335,0.5915771716723188,0.6765029769747056,PADV,1277.0
0.6301227250925794,0.5856398357368204,0.6712268293893557,PADV,1282.0
0.627309677212702,0.582676027512372,0.6685847524540387,PADV,1314.0
0.6244966293328243,0.5797154059138034,0.6659400439376227,PADV,1333.0
0.6216835814529466,0.5767579326467178,0.6632927305762257,PADV,1346.0
0.6188705335730695,0.5738035706443033,0.6606428382290169,PADV,1366.0
0.613244437813314,0.5679040380305033,0.6553354158267795,PADV,1371.0
0.613244437813314,0.5679040380305033,0.6553354158267795,PADV,1372.0
0.6104184265791514,0.5649435251294407,0.6526671558425344,PADV,1390.0
0.6104184265791514,0.5649435251294407,0.6526671558425344,PADV,1402.0
0.6104184265791514,0.5649435251294407,0.6526671558425344,PADV,1407.0
0.6075660040250436,0.5619549198457323,0.6499744201930019,PADV,1416.0
0.6075660040250436,0.5619549198457323,0.6499744201930019,PADV,1424.0
0.6047001266475671,0.5589535727858106,0.6472679131058793,PADV,1426.0
0.6047001266475671,0.5589535727858106,0.6472679131058793,PADV,1431.0
0.6047001266475671,0.5589535727858106,0.6472679131058793,PADV,1439.0
0.6047001266475671,0.5589535727858106,0.6472679131058793,PADV,1442.0
0.6047001266475671,0.5589535727858106,0.6472679131058793,PADV,1444.0
0.6047001266475671,0.5589535727858106,0.6472679131058793,PADV,1446.0
0.6017503699322128,0.5558562754703864,0.6444893341632538,PADV,1447.0
0.6017503699322128,0.5558562754703864,0.6444893341632538,PADV,1450.0
0.6017503699322128,0.5558562754703864,0.6444893341632538,PADV,1451.0
0.6017503699322128,0.5558562754703864,0.6444893341632538,PADV,1453.0
0.6017503699322128,0.5558562754703864,0.6444893341632538,PADV,1454.0
0.6017503699322128,0.5558562754703864,0.6444893341632538,PADV,1455.0
0.6017503699322128,0.5558562754703864,0.6444893341632538,PADV,1457.0
0.6017503699322128,0.5558562754703864,0.6444893341632538,PADV,1458.0
0.6017503699322128,0.5558562754703864,0.6444893341632538,PADV,1459.0
0.6017503699322128,0.5558562754703864,0.6444893341632538,PADV,1460.0
0.6017503699322128,0.5558562754703864,0.6444893341632538,PADV,1461.0
0.6017503699322128,0.5558562754703864,0.6444893341632538,PADV,1463.0
0.6017503699322128,0.5558562754703864,0.6444893341632538,PADV,1467.0
0.6017503699322128,0.5558562754703864,0.6444893341632538,PADV,1468.0
0.6017503699322128,0.5558562754703864,0.6444893341632538,PADV,1470.0
0.6017503699322128,0.5558562754703864,0.6444893341632538,PADV,1471.0
0.6017503699322128,0.5558562754703864,0.6444893341632538,PADV,1473.0
0.6017503699322128,0.5558562754703864,0.6444893341632538,PADV,1475.0
0.6017503699322128,0.5558562754703864,0.6444893341632538,PADV,1479.0
0.6017503699322128,0.5558562754703864,0.6444893341632538,PADV,1480.0
0.6017503699322128,0.5558562754703864,0.6444893341632538,PADV,1482.0
0.6017503699322128,0.5558562754703864,0.6444893341632538,PADV,1485.0
0.5982720440944539,0.5521244386724724,0.6412821479151539,PADV,1489.0
0.5982720440944539,0.5521244386724724,0.6412821479151539,PADV,1495.0
0.5947733771699248,0.548374364616354,0.6380535437458461,PADV,1499.0
0.5947733771699248,0.548374364616354,0.6380535437458461,PADV,1502.0
0.5912540080742447,0.5446056693117735,0.6348031914460013,PADV,1506.0
0.5912540080742447,0.5446056693117735,0.6348031914460013,PADV,1550.0
0.5877135649121236,0.5408179592076126,0.6315307496160916,PADV,1554.0
0.5841731217500019,0.5370371213973907,0.6282527770319867,PADV,1562.0
0.580632678587881,0.5332630361381377,0.6249693616275828,PADV,1573.0
0.5770922354257596,0.5294955889156795,0.6216805872067552,PADV,1589.0
0.5735517922636382,0.5257346701690473,0.6183865336738472,PADV,1615.0
0.5700113491015173,0.5219801750343999,0.6150872772468773,PADV,1621.0
0.5664709059393958,0.5182320031068175,0.6117828906549914,PADV,1626.0
0.5629304627772748,0.5144900582184909,0.608473443321532,PADV,1654.0
0.5593900196151536,0.5107542482319533,0.6051590015339319,PADV,1668.0
0.5558495764530321,0.5070244848471612,0.6018396286015544,PADV,1671.0
0.5522864381424357,0.5032734209804756,0.5984970927994624,PADV,1681.0
0.5487232998318395,0.499528392181876,0.5951496236868513,PADV,1692.0
0.5415970232106466,0.49205611728873727,0.588440114806478,PADV,1726.0
0.5380338849000502,0.48832871820796875,0.58507818330475,PADV,1728.0
0.5380338849000502,0.48832871820796875,0.58507818330475,PADV,1750.0
0.53444699233405,0.4845787516874392,0.5816922211067364,PADV,1762.0
0.53444699233405,0.4845787516874392,0.5816922211067364,PADV,1775.0
0.53444699233405,0.4845787516874392,0.5816922211067364,PADV,1789.0
0.53444699233405,0.4845787516874392,0.5816922211067364,PADV,1791.0
0.53444699233405,0.4845787516874392,0.5816922211067364,PADV,1799.0
0.5307355548872856,0.48068579005713574,0.5782006591973381,PADV,1804.0
0.5307355548872856,0.48068579005713574,0.5782006591973381,PADV,1808.0
0.5307355548872856,0.48068579005713574,0.5782006591973381,PADV,1812.0
0.5307355548872856,0.48068579005713574,0.5782006591973381,PADV,1813.0
0.5307355548872856,0.48068579005713574,0.5782006591973381,PADV,1814.0
0.5307355548872856,0.48068579005713574,0.5782006591973381,PADV,1815.0
0.5307355548872856,0.48068579005713574,0.5782006591973381,PADV,1817.0
0.5307355548872856,0.48068579005713574,0.5782006591973381,PADV,1818.0
0.5307355548872856,0.48068579005713574,0.5782006591973381,PADV,1819.0
0.5307355548872856,0.48068579005713574,0.5782006591973381,PADV,1820.0
0.5307355548872856,0.48068579005713574,0.5782006591973381,PADV,1822.0
0.5307355548872856,0.48068579005713574,0.5782006591973381,PADV,1823.0
0.5307355548872856,0.48068579005713574,0.5782006591973381,PADV,1825.0
1.0,1.0,1.0,ORUO,0.0
0.9958506224066391,0.9709133500322331,0.9994144604841684,ORUO,1.0
0.9875518672199175,0.9619057330123897,0.9959681924637418,ORUO,5.0
0.9875518672199175,0.9619057330123897,0.9959681924637418,ORUO,13.0
0.9833849817042218,0.9563398286111449,0.9937315535530121,ORUO,26.0
0.9792180961885255,0.9507951466580498,0.9912971762147892,ORUO,28.0
0.97505121067283,0.9453128325739659,0.9887138545027381,ORUO,29.0
0.9708843251571334,0.9398994074952055,0.9860127946158881,ORUO,31.0
0.9667174396414379,0.9345520495495923,0.9832154167328979,ORUO,32.0
0.9625505541257419,0.9292655135086347,0.9803371945043654,ORUO,33.0
0.9583836686100464,0.9240342707142168,0.9773897471725327,ORUO,42.0
0.9542167830943507,0.9188531798882269,0.9743820689477384,ORUO,46.0
0.9500498975786549,0.9137176624858653,0.9713212948397669,ORUO,59.0
0.945883012062959,0.9086237058965896,0.9682132004717795,ORUO,67.0
0.945883012062959,0.9086237058965896,0.9682132004717795,ORUO,81.0
0.9416976890007331,0.9035374517745012,0.9650515335086751,ORUO,84.0
0.9375123659385074,0.8984873805160927,0.961850838318287,ORUO,88.0
0.9333270428762822,0.8934706291452177,0.958614522488829,ORUO,89.0
0.9333270428762822,0.8934706291452177,0.958614522488829,ORUO,92.0
0.9291228670074699,0.8884551305206043,0.9553336849094102,ORUO,95.0
0.9249186911386587,0.8834691596549387,0.9520222886757146,ORUO,96.0
0.9207145152698463,0.878510666363969,0.9486825534252433,ORUO,155.0
0.9207145152698463,0.878510666363969,0.9486825534252433,ORUO,158.0
0.9207145152698463,0.878510666363969,0.9486825534252433,ORUO,168.0
0.9207145152698463,0.878510666363969,0.9486825534252433,ORUO,169.0
0.9207145152698463,0.878510666363969,0.9486825534252433,ORUO,175.0
0.9207145152698463,0.878510666363969,0.9486825534252433,ORUO,178.0
0.9207145152698463,0.878510666363969,0.9486825534252433,ORUO,179.0
0.9207145152698463,0.878510666363969,0.9486825534252433,ORUO,180.0
0.9207145152698463,0.878510666363969,0.9486825534252433,ORUO,181.0
0.9207145152698463,0.878510666363969,0.9486825534252433,ORUO,182.0
0.9207145152698463,0.878510666363969,0.9486825534252433,ORUO,183.0
0.9207145152698463,0.878510666363969,0.9486825534252433,ORUO,184.0
0.9207145152698463,0.878510666363969,0.9486825534252433,ORUO,186.0
0.9207145152698463,0.878510666363969,0.9486825534252433,ORUO,189.0
0.9207145152698463,0.878510666363969,0.9486825534252433,ORUO,191.0
0.9207145152698463,0.878510666363969,0.9486825534252433,ORUO,217.0
0.9207145152698463,0.878510666363969,0.9486825534252433,ORUO,220.0
0.9207145152698463,0.878510666363969,0.9486825534252433,ORUO,232.0
0.9207145152698463,0.878510666363969,0.9486825534252433,ORUO,241.0
0.9160169922327556,0.8728147732537902,0.9450035510666726,ORUO,245.0
0.9160169922327556,0.8728147732537902,0.9450035510666726,ORUO,250.0
0.9160169922327556,0.8728147732537902,0.9450035510666726,ORUO,264.0
0.9160169922327556,0.8728147732537902,0.9450035510666726,ORUO,271.0
0.9160169922327556,0.8728147732537902,0.9450035510666726,ORUO,280.0
0.9112210917498615,0.8670104888484372,0.9412293637556666,ORUO,300.0
0.9112210917498615,0.8670104888484372,0.9412293637556666,ORUO,315.0
0.9063998161321373,0.8612131127846225,0.9374057722349551,ORUO,324.0
0.9063998161321373,0.8612131127846225,0.9374057722349551,ORUO,326.0
0.9063998161321373,0.8612131127846225,0.9374057722349551,ORUO,327.0
0.9063998161321373,0.8612131127846225,0.9374057722349551,ORUO,328.0
0.9063998161321373,0.8612131127846225,0.9374057722349551,ORUO,330.0
0.9063998161321373,0.8612131127846225,0.9374057722349551,ORUO,337.0
0.9063998161321373,0.8612131127846225,0.9374057722349551,ORUO,340.0
0.9063998161321373,0.8612131127846225,0.9374057722349551,ORUO,343.0
0.9063998161321373,0.8612131127846225,0.9374057722349551,ORUO,355.0
0.9063998161321373,0.8612131127846225,0.9374057722349551,ORUO,358.0
0.901307682333642,0.8550388646508438,0.9333802078197281,ORUO,359.0
0.901307682333642,0.8550388646508438,0.9333802078197281,ORUO,360.0
0.901307682333642,0.8550388646508438,0.9333802078197281,ORUO,362.0
0.901307682333642,0.8550388646508438,0.9333802078197281,ORUO,364.0
0.901307682333642,0.8550388646508438,0.9333802078197281,ORUO,365.0
0.901307682333642,0.8550388646508438,0.9333802078197281,ORUO,366.0
0.901307682333642,0.8550388646508438,0.9333802078197281,ORUO,367.0
0.901307682333642,0.8550388646508438,0.9333802078197281,ORUO,369.0
0.895674509319057,0.848061393082002,0.928988043961838,ORUO,371.0
0.895674509319057,0.848061393082002,0.928988043961838,ORUO,375.0
0.895674509319057,0.848061393082002,0.928988043961838,ORUO,377.0
0.8899695761386812,0.8410454526854755,0.9245074151907905,ORUO,380.0
0.8842646429583051,0.8341012737924365,0.9199834378676991,ORUO,382.0
0.8842646429583051,0.8341012737924365,0.9199834378676991,ORUO,383.0
0.8842646429583051,0.8341012737924365,0.9199834378676991,ORUO,393.0
0.8784851354879896,0.8271060439060892,0.9153727730865675,ORUO,394.0
0.8784851354879896,0.8271060439060892,0.9153727730865675,ORUO,395.0
0.8784851354879896,0.8271060439060892,0.9153727730865675,ORUO,397.0
0.8784851354879896,0.8271060439060892,0.9153727730865675,ORUO,403.0
0.8784851354879896,0.8271060439060892,0.9153727730865675,ORUO,404.0
0.8784851354879896,0.8271060439060892,0.9153727730865675,ORUO,405.0
0.8784851354879896,0.8271060439060892,0.9153727730865675,ORUO,407.0
0.8784851354879896,0.8271060439060892,0.9153727730865675,ORUO,417.0
0.8784851354879896,0.8271060439060892,0.9153727730865675,ORUO,420.0
0.8784851354879896,0.8271060439060892,0.9153727730865675,ORUO,430.0
0.8784851354879896,0.8271060439060892,0.9153727730865675,ORUO,431.0
0.8784851354879896,0.8271060439060892,0.9153727730865675,ORUO,433.0
0.8784851354879896,0.8271060439060892,0.9153727730865675,ORUO,444.0
0.8784851354879896,0.8271060439060892,0.9153727730865675,ORUO,447.0
0.8720728352289534,0.8191813883598343,0.910335263866739,ORUO,452.0
0.8656605349699168,0.8113461828098992,0.9052460595635182,ORUO,454.0
0.85924823471088,0.8035913256002422,0.9001090435542293,ORUO,468.0
0.8528359344518437,0.7959091897203396,0.8949275460412994,ORUO,484.0
0.8464236341928071,0.7882933194478999,0.8897044533532283,ORUO,491.0
0.8400113339337706,0.780738201068844,0.8844422900881055,ORUO,543.0
0.8335990336747343,0.7732390870380922,0.8791432820487902,ORUO,575.0
0.8271867334156979,0.7657918593425105,0.8738094052863984,ORUO,576.0
0.8271867334156979,0.7657918593425105,0.8738094052863984,ORUO,680.0
0.820724337060888,0.758320676078567,0.8684089104699722,ORUO,687.0
0.8142619407060779,0.7508962460075341,0.8629760699164194,ORUO,694.0
0.8142619407060779,0.7508962460075341,0.8629760699164194,ORUO,696.0
0.8142619407060779,0.7508962460075341,0.8629760699164194,ORUO,704.0
0.8142619407060779,0.7508962460075341,0.8629760699164194,ORUO,708.0
0.8142619407060779,0.7508962460075341,0.8629760699164194,ORUO,711.0
0.8142619407060779,0.7508962460075341,0.8629760699164194,ORUO,716.0
0.8142619407060779,0.7508962460075341,0.8629760699164194,ORUO,719.0
0.8142619407060779,0.7508962460075341,0.8629760699164194,ORUO,723.0
0.8142619407060779,0.7508962460075341,0.8629760699164194,ORUO,725.0
0.8073614157848398,0.7428870308673194,0.8572185069776076,ORUO,726.0
0.8004608908636016,0.7349330645497862,0.8514241361647663,ORUO,728.0
0.8004608908636016,0.7349330645497862,0.8514241361647663,ORUO,729.0
0.7933771661656931,0.7267687019149814,0.8454718784434727,ORUO,730.0
0.7933771661656931,0.7267687019149814,0.8454718784434727,ORUO,731.0
0.7933771661656931,0.7267687019149814,0.8454718784434727,ORUO,732.0
0.7933771661656931,0.7267687019149814,0.8454718784434727,ORUO,740.0
0.7933771661656931,0.7267687019149814,0.8454718784434727,ORUO,742.0
0.7933771661656931,0.7267687019149814,0.8454718784434727,ORUO,753.0
0.7933771661656931,0.7267687019149814,0.8454718784434727,ORUO,757.0
0.7933771661656931,0.7267687019149814,0.8454718784434727,ORUO,758.0
0.7933771661656931,0.7267687019149814,0.8454718784434727,ORUO,762.0
0.7933771661656931,0.7267687019149814,0.8454718784434727,ORUO,766.0
0.7933771661656931,0.7267687019149814,0.8454718784434727,ORUO,768.0
0.7933771661656931,0.7267687019149814,0.8454718784434727,ORUO,776.0
0.7933771661656931,0.7267687019149814,0.8454718784434727,ORUO,777.0
0.7933771661656931,0.7267687019149814,0.8454718784434727,ORUO,785.0
0.7933771661656931,0.7267687019149814,0.8454718784434727,ORUO,788.0
0.7933771661656931,0.7267687019149814,0.8454718784434727,ORUO,790.0
0.7933771661656931,0.7267687019149814,0.8454718784434727,ORUO,801.0
0.7846587357682681,0.7162332390418242,0.8384434900061387,ORUO,835.0
0.7759403053708428,0.7058195228226009,0.8313424448847153,ORUO,947.0
0.7672218749734181,0.6955168806337415,0.8241739013772341,ORUO,1023.0
0.7672218749734181,0.6955168806337415,0.8241739013772341,ORUO,1060.0
0.7672218749734181,0.6955168806337415,0.8241739013772341,ORUO,1073.0
0.7672218749734181,0.6955168806337415,0.8241739013772341,ORUO,1081.0
0.7581957352678481,0.6848587689195266,0.8167491792546737,ORUO,1084.0
0.7581957352678481,0.6848587689195266,0.8167491792546737,ORUO,1087.0
0.7581957352678481,0.6848587689195266,0.8167491792546737,ORUO,1090.0
0.7581957352678481,0.6848587689195266,0.8167491792546737,ORUO,1093.0
0.7581957352678481,0.6848587689195266,0.8167491792546737,ORUO,1096.0
0.7581957352678481,0.6848587689195266,0.8167491792546737,ORUO,1098.0
0.7581957352678481,0.6848587689195266,0.8167491792546737,ORUO,1100.0
0.7484752771233887,0.6732690105295156,0.8088284904138124,ORUO,1114.0
0.7484752771233887,0.6732690105295156,0.8088284904138124,ORUO,1134.0
0.7386269182138702,0.6616227324669545,0.800746875777097,ORUO,1141.0
0.7386269182138702,0.6616227324669545,0.800746875777097,ORUO,1143.0
0.7386269182138702,0.6616227324669545,0.800746875777097,ORUO,1148.0
0.7386269182138702,0.6616227324669545,0.800746875777097,ORUO,1150.0
0.7386269182138702,0.6616227324669545,0.800746875777097,ORUO,1151.0
0.7386269182138702,0.6616227324669545,0.800746875777097,ORUO,1152.0
0.7386269182138702,0.6616227324669545,0.800746875777097,ORUO,1164.0
0.7386269182138702,0.6616227324669545,0.800746875777097,ORUO,1165.0
0.7386269182138702,0.6616227324669545,0.800746875777097,ORUO,1177.0
0.7386269182138702,0.6616227324669545,0.800746875777097,ORUO,1182.0
0.7386269182138702,0.6616227324669545,0.800746875777097,ORUO,1183.0
0.7386269182138702,0.6616227324669545,0.800746875777097,ORUO,1342.0
0.7386269182138702,0.6616227324669545,0.800746875777097,ORUO,1418.0
0.7386269182138702,0.6616227324669545,0.800746875777097,ORUO,1445.0
0.7386269182138702,0.6616227324669545,0.800746875777097,ORUO,1452.0
0.7263164695769727,0.6462813865802827,0.7911683059731325,ORUO,1457.0
0.7263164695769727,0.6462813865802827,0.7911683059731325,ORUO,1458.0
0.7263164695769727,0.6462813865802827,0.7911683059731325,ORUO,1461.0
0.7263164695769727,0.6462813865802827,0.7911683059731325,ORUO,1465.0
0.7263164695769727,0.6462813865802827,0.7911683059731325,ORUO,1483.0
0.7263164695769727,0.6462813865802827,0.7911683059731325,ORUO,1484.0
0.7263164695769727,0.6462813865802827,0.7911683059731325,ORUO,1492.0
0.7263164695769727,0.6462813865802827,0.7911683059731325,ORUO,1493.0
0.7263164695769727,0.6462813865802827,0.7911683059731325,ORUO,1497.0
0.7263164695769727,0.6462813865802827,0.7911683059731325,ORUO,1499.0
0.7263164695769727,0.6462813865802827,0.7911683059731325,ORUO,1500.0
0.7263164695769727,0.6462813865802827,0.7911683059731325,ORUO,1504.0
0.7263164695769727,0.6462813865802827,0.7911683059731325,ORUO,1509.0
0.7263164695769727,0.6462813865802827,0.7911683059731325,ORUO,1513.0
0.7263164695769727,0.6462813865802827,0.7911683059731325,ORUO,1516.0
0.7263164695769727,0.6462813865802827,0.7911683059731325,ORUO,1518.0
0.7263164695769727,0.6462813865802827,0.7911683059731325,ORUO,1522.0
0.7263164695769727,0.6462813865802827,0.7911683059731325,ORUO,1529.0
0.7263164695769727,0.6462813865802827,0.7911683059731325,ORUO,1531.0
0.7263164695769727,0.6462813865802827,0.7911683059731325,ORUO,1536.0
0.7263164695769727,0.6462813865802827,0.7911683059731325,ORUO,1537.0
0.7263164695769727,0.6462813865802827,0.7911683059731325,ORUO,1539.0
0.7055645704462024,0.6160494174764305,0.7779581567741489,ORUO,1593.0
0.6848126713154316,0.5875165425346067,0.763744501412798,ORUO,1677.0
0.6640607721846609,0.5603052873096735,0.7487752788011267,ORUO,1680.0
0.6433088730538903,0.5341683621876602,0.7331987376850093,ORUO,1691.0
0.6225569739231197,0.5089329747029866,0.7171107910669035,ORUO,1717.0
0.6225569739231197,0.5089329747029866,0.7171107910669035,ORUO,1802.0
0.6225569739231197,0.5089329747029866,0.7171107910669035,ORUO,1824.0
0.6225569739231197,0.5089329747029866,0.7171107910669035,ORUO,1825.0
1.0,1.0,1.0,OKOP,0.0
0.9964664310954066,0.9751836095931483,0.9995014924482793,OKOP,1.0
0.9929328621908123,0.9720403931311606,0.998227827650565,OKOP,10.0
0.9893992932862187,0.9674961273432297,0.996568713052281,OKOP,19.0
0.9858657243816251,0.9627818023314697,0.994671597602652,OKOP,29.0
0.9823321554770316,0.9580766574951027,0.9926079555813548,OKOP,41.0
0.9787985865724381,0.953419803275903,0.9904189575647616,OKOP,56.0
0.9717314487632511,0.944271296735264,0.9857619736870772,OKOP,60.0
0.9681978798586574,0.9397741591155402,0.9833251245845985,OKOP,61.0
0.9681978798586574,0.9397741591155402,0.9833251245845985,OKOP,62.0
0.9646513674782231,0.9352991346497679,0.980823194577759,OKOP,67.0
0.9611048550977882,0.9308670568599421,0.9782703423372481,OKOP,76.0
0.9575583427173537,0.9264738570716096,0.9756726540360768,OKOP,79.0
0.9540118303369187,0.9221160031167097,0.973035054058012,OKOP,88.0
0.950465317956484,0.9177904341608898,0.9703615950018327,OKOP,104.0
0.950465317956484,0.9177904341608898,0.9703615950018327,OKOP,136.0
0.943345727559806,0.9091834626068617,0.9649037050086066,OKOP,142.0
0.939785932361467,0.9049199253259791,0.9621323835916283,OKOP,152.0
0.939785932361467,0.9049199253259791,0.9621323835916283,OKOP,155.0
0.939785932361467,0.9049199253259791,0.9621323835916283,OKOP,160.0
0.939785932361467,0.9049199253259791,0.9621323835916283,OKOP,165.0
0.939785932361467,0.9049199253259791,0.9621323835916283,OKOP,167.0
0.939785932361467,0.9049199253259791,0.9621323835916283,OKOP,170.0
0.939785932361467,0.9049199253259791,0.9621323835916283,OKOP,175.0
0.939785932361467,0.9049199253259791,0.9621323835916283,OKOP,176.0
0.939785932361467,0.9049199253259791,0.9621323835916283,OKOP,177.0
0.939785932361467,0.9049199253259791,0.9621323835916283,OKOP,179.0
0.936041765300266,0.9003909115399116,0.9592201230906664,OKOP,180.0
0.936041765300266,0.9003909115399116,0.9592201230906664,OKOP,181.0
0.936041765300266,0.9003909115399116,0.9592201230906664,OKOP,182.0
0.936041765300266,0.9003909115399116,0.9592201230906664,OKOP,183.0
0.936041765300266,0.9003909115399116,0.9592201230906664,OKOP,185.0
0.9321738241213388,0.8956977045172241,0.9562037277442877,OKOP,188.0
0.9321738241213388,0.8956977045172241,0.9562037277442877,OKOP,189.0
0.9282897665208336,0.8910134024795366,0.9531498966398816,OKOP,197.0
0.9243729320629399,0.8863102026874935,0.95004958768372,OKOP,200.0
0.9204394302243745,0.8816120292421487,0.946914075068115,OKOP,202.0
0.9204394302243745,0.8816120292421487,0.946914075068115,OKOP,211.0
0.9204394302243745,0.8816120292421487,0.946914075068115,OKOP,212.0
0.9204394302243745,0.8816120292421487,0.946914075068115,OKOP,220.0
0.9164375196581817,0.876838610429498,0.943711159627199,OKOP,224.0
0.9124356090919887,0.8720943309228583,0.9404853474468499,OKOP,228.0
0.9084336985257957,0.8673769728217446,0.9372380234595434,OKOP,237.0
0.9084336985257957,0.8673769728217446,0.9372380234595434,OKOP,242.0
0.9044140803907255,0.862658448177751,0.9339586533393702,OKOP,247.0
0.9044140803907255,0.862658448177751,0.9339586533393702,OKOP,248.0
0.9044140803907255,0.862658448177751,0.9339586533393702,OKOP,249.0
0.9044140803907255,0.862658448177751,0.9339586533393702,OKOP,257.0
0.900340143091668,0.8578840352380392,0.9306235370341666,OKOP,259.0
0.8962662057926114,0.8531335520042317,0.9272692697528007,OKOP,300.0
0.8962662057926114,0.8531335520042317,0.9272692697528007,OKOP,329.0
0.8962662057926114,0.8531335520042317,0.9272692697528007,OKOP,336.0
0.8962662057926114,0.8531335520042317,0.9272692697528007,OKOP,341.0
0.8962662057926114,0.8531335520042317,0.9272692697528007,OKOP,346.0
0.8962662057926114,0.8531335520042317,0.9272692697528007,OKOP,347.0
0.8962662057926114,0.8531335520042317,0.9272692697528007,OKOP,349.0
0.8962662057926114,0.8531335520042317,0.9272692697528007,OKOP,352.0
0.8962662057926114,0.8531335520042317,0.9272692697528007,OKOP,357.0
0.8962662057926114,0.8531335520042317,0.9272692697528007,OKOP,358.0
0.8962662057926114,0.8531335520042317,0.9272692697528007,OKOP,359.0
0.8919982714793133,0.8481226290249114,0.92376634611969,OKOP,360.0
0.8919982714793133,0.8481226290249114,0.92376634611969,OKOP,362.0
0.8919982714793133,0.8481226290249114,0.92376634611969,OKOP,363.0
0.8919982714793133,0.8481226290249114,0.92376634611969,OKOP,364.0
0.8919982714793133,0.8481226290249114,0.92376634611969,OKOP,365.0
0.8919982714793133,0.8481226290249114,0.92376634611969,OKOP,366.0
0.8919982714793133,0.8481226290249114,0.92376634611969,OKOP,367.0
0.8919982714793133,0.8481226290249114,0.92376634611969,OKOP,368.0
0.8919982714793133,0.8481226290249114,0.92376634611969,OKOP,370.0
0.8874003422448838,0.842650498219758,0.9200253424070783,OKOP,374.0
0.8874003422448838,0.842650498219758,0.9200253424070783,OKOP,375.0
0.8874003422448838,0.842650498219758,0.9200253424070783,OKOP,380.0
0.8780592860107272,0.8315965752002774,0.9123763225812316,OKOP,384.0
0.8780592860107272,0.8315965752002774,0.9123763225812316,OKOP,389.0
0.8780592860107272,0.8315965752002774,0.9123763225812316,OKOP,390.0
0.8780592860107272,0.8315965752002774,0.9123763225812316,OKOP,391.0
0.8732611478358047,0.8259325568672229,0.9084326941539691,OKOP,398.0
0.8732611478358047,0.8259325568672229,0.9084326941539691,OKOP,401.0
0.8732611478358047,0.8259325568672229,0.9084326941539691,OKOP,402.0
0.8732611478358047,0.8259325568672229,0.9084326941539691,OKOP,406.0
0.8732611478358047,0.8259325568672229,0.9084326941539691,OKOP,407.0
0.8732611478358047,0.8259325568672229,0.9084326941539691,OKOP,411.0
0.8732611478358047,0.8259325568672229,0.9084326941539691,OKOP,413.0
0.8732611478358047,0.8259325568672229,0.9084326941539691,OKOP,419.0
0.8732611478358047,0.8259325568672229,0.9084326941539691,OKOP,421.0
0.8732611478358047,0.8259325568672229,0.9084326941539691,OKOP,426.0
0.8732611478358047,0.8259325568672229,0.9084326941539691,OKOP,434.0
0.8732611478358047,0.8259325568672229,0.9084326941539691,OKOP,438.0
0.8732611478358047,0.8259325568672229,0.9084326941539691,OKOP,448.0
0.8679686560307397,0.8195662781602109,0.9041443568889975,OKOP,451.0
0.8679686560307397,0.8195662781602109,0.9041443568889975,OKOP,453.0
0.8679686560307397,0.8195662781602109,0.9041443568889975,OKOP,455.0
0.8625438519305478,0.813050250184848,0.8997405762675827,OKOP,462.0
0.8571190478303559,0.8065851358192201,0.8953051740064744,OKOP,466.0
0.8516942437301633,0.8001669195771992,0.8908400334865901,OKOP,470.0
0.8516942437301633,0.8001669195771992,0.8908400334865901,OKOP,473.0
0.8462346652447137,0.7937411240725882,0.8863239123895299,OKOP,509.0
0.840775086759264,0.7873568137123874,0.8817806184938841,OKOP,544.0
0.840775086759264,0.7873568137123874,0.8817806184938841,OKOP,553.0
0.8352798247543017,0.7809597557781643,0.877187582118888,OKOP,558.0
0.8297845627493391,0.774599942402143,0.8725694428789385,OKOP,568.0
0.8242893007443765,0.7682750681158745,0.8679273656424132,OKOP,572.0
0.8187940387394143,0.7619830760874435,0.86326240673087,OKOP,573.0
0.8132987767344514,0.7557221232884289,0.8585755279610136,OKOP,574.0
0.8078035147294889,0.7494905515833477,0.8538676083538732,OKOP,600.0
0.8023082527245265,0.7432868635741036,0.8491394539771209,OKOP,606.0
0.7968129907195639,0.7371097022915993,0.8443918062790376,OKOP,609.0
0.7968129907195639,0.7371097022915993,0.8443918062790376,OKOP,621.0
0.7968129907195639,0.7371097022915993,0.8443918062790376,OKOP,632.0
0.7912408719033436,0.7308532887090317,0.8395705229683702,OKOP,642.0
0.7856687530871229,0.7246226054829061,0.8347301824401232,OKOP,647.0
0.7800966342709017,0.7184165185354386,0.8298714186076988,OKOP,653.0
0.7800966342709017,0.7184165185354386,0.8298714186076988,OKOP,671.0
0.7800966342709017,0.7184165185354386,0.8298714186076988,OKOP,676.0
0.7800966342709017,0.7184165185354386,0.8298714186076988,OKOP,703.0
0.7800966342709017,0.7184165185354386,0.8298714186076988,OKOP,709.0
0.7800966342709017,0.7184165185354386,0.8298714186076988,OKOP,711.0
0.7800966342709017,0.7184165185354386,0.8298714186076988,OKOP,712.0
0.7800966342709017,0.7184165185354386,0.8298714186076988,OKOP,713.0
0.7800966342709017,0.7184165185354386,0.8298714186076988,OKOP,718.0
0.7741868112840008,0.7117774126859072,0.8247529686906265,OKOP,724.0
0.7741868112840008,0.7117774126859072,0.8247529686906265,OKOP,725.0
0.7741868112840008,0.7117774126859072,0.8247529686906265,OKOP,726.0
0.7741868112840008,0.7117774126859072,0.8247529686906265,OKOP,727.0
0.7741868112840008,0.7117774126859072,0.8247529686906265,OKOP,728.0
0.7741868112840008,0.7117774126859072,0.8247529686906265,OKOP,729.0
0.7741868112840008,0.7117774126859072,0.8247529686906265,OKOP,730.0
0.7741868112840008,0.7117774126859072,0.8247529686906265,OKOP,731.0
0.7741868112840008,0.7117774126859072,0.8247529686906265,OKOP,732.0
0.7741868112840008,0.7117774126859072,0.8247529686906265,OKOP,733.0
0.7741868112840008,0.7117774126859072,0.8247529686906265,OKOP,736.0
0.7741868112840008,0.7117774126859072,0.8247529686906265,OKOP,740.0
0.7741868112840008,0.7117774126859072,0.8247529686906265,OKOP,752.0
0.7741868112840008,0.7117774126859072,0.8247529686906265,OKOP,755.0
0.7741868112840008,0.7117774126859072,0.8247529686906265,OKOP,760.0
0.7741868112840008,0.7117774126859072,0.8247529686906265,OKOP,761.0
0.7741868112840008,0.7117774126859072,0.8247529686906265,OKOP,763.0
0.7741868112840008,0.7117774126859072,0.8247529686906265,OKOP,766.0
0.7741868112840008,0.7117774126859072,0.8247529686906265,OKOP,767.0
0.7669514205243374,0.703302072501071,0.8187139697836074,OKOP,778.0
0.7669514205243374,0.703302072501071,0.8187139697836074,OKOP,783.0
0.7669514205243374,0.703302072501071,0.8187139697836074,OKOP,787.0
0.7669514205243374,0.703302072501071,0.8187139697836074,OKOP,789.0
0.7594322889505699,0.6944804085762413,0.8124492255338178,OKOP,806.0
0.7518379660610638,0.6856217009876366,0.8060898187599591,OKOP,864.0
0.7442436431715584,0.6768328757967268,0.7996853520579156,OKOP,867.0
0.7366493202820524,0.6681094306876576,0.7932381989104921,OKOP,897.0
0.7290549973925466,0.6594473827891182,0.7867504548225782,OKOP,968.0
0.721460674503041,0.6508431920471379,0.7802239809184238,OKOP,1017.0
0.7138663516135353,0.6422936984632547,0.773660438939725,OKOP,1029.0
0.7138663516135353,0.6422936984632547,0.773660438939725,OKOP,1074.0
0.7138663516135353,0.6422936984632547,0.773660438939725,OKOP,1076.0
0.7061069347481705,0.6335689029543671,0.7669477359522406,OKOP,1077.0
0.7061069347481705,0.6335689029543671,0.7669477359522406,OKOP,1083.0
0.7061069347481705,0.6335689029543671,0.7669477359522406,OKOP,1088.0
0.7061069347481705,0.6335689029543671,0.7669477359522406,OKOP,1091.0
0.7061069347481705,0.6335689029543671,0.7669477359522406,OKOP,1092.0
0.6979907630843981,0.6244055009987778,0.7599543382618185,OKOP,1095.0
0.6979907630843981,0.6244055009987778,0.7599543382618185,OKOP,1096.0
0.6979907630843981,0.6244055009987778,0.7599543382618185,OKOP,1106.0
0.6979907630843981,0.6244055009987778,0.7599543382618185,OKOP,1108.0
0.6979907630843981,0.6244055009987778,0.7599543382618185,OKOP,1109.0
0.6979907630843981,0.6244055009987778,0.7599543382618185,OKOP,1130.0
0.6979907630843981,0.6244055009987778,0.7599543382618185,OKOP,1134.0
0.6979907630843981,0.6244055009987778,0.7599543382618185,OKOP,1135.0
0.6979907630843981,0.6244055009987778,0.7599543382618185,OKOP,1142.0
0.6888066740964454,0.6137967966206906,0.752214876321799,OKOP,1146.0
0.6888066740964454,0.6137967966206906,0.752214876321799,OKOP,1148.0
0.6888066740964454,0.6137967966206906,0.752214876321799,OKOP,1162.0
0.6699352583677758,0.592152925457502,0.7362199072301949,OKOP,1196.0
0.6604995505034411,0.5814763136578317,0.7281262845298655,OKOP,1285.0
0.6510638426391062,0.5708889083183352,0.7199727861979295,OKOP,1295.0
0.6416281347747713,0.5603857961034562,0.7117620792322347,OKOP,1319.0
0.6321924269104361,0.5499626209337294,0.7034965091028602,OKOP,1334.0
0.6227567190461012,0.5396155067143349,0.6951781475132763,OKOP,1350.0
0.6133210111817663,0.5293409935682207,0.6868088309959278,OKOP,1356.0
0.6038853033174314,0.519135984818448,0.6783901923756209,OKOP,1370.0
0.6038853033174314,0.519135984818448,0.6783901923756209,OKOP,1383.0
0.6038853033174314,0.519135984818448,0.6783901923756209,OKOP,1418.0
0.5941452177800535,0.5085946630868514,0.6697099833715676,OKOP,1422.0
0.5941452177800535,0.5085946630868514,0.6697099833715676,OKOP,1447.0
0.5941452177800535,0.5085946630868514,0.6697099833715676,OKOP,1454.0
0.5941452177800535,0.5085946630868514,0.6697099833715676,OKOP,1455.0
0.5941452177800535,0.5085946630868514,0.6697099833715676,OKOP,1460.0
0.5837216174681229,0.4972131558294323,0.6605059364517534,OKOP,1461.0
0.5837216174681229,0.4972131558294323,0.6605059364517534,OKOP,1462.0
0.5837216174681229,0.4972131558294323,0.6605059364517534,OKOP,1467.0
0.5729119578853799,0.485404315553375,0.6509750727369169,OKOP,1479.0
0.5729119578853799,0.485404315553375,0.6509750727369169,OKOP,1489.0
0.5729119578853799,0.485404315553375,0.6509750727369169,OKOP,1490.0
0.5616783900837058,0.47312556201712735,0.6410876091476629,OKOP,1494.0
0.5616783900837058,0.47312556201712735,0.6410876091476629,OKOP,1501.0
0.5616783900837058,0.47312556201712735,0.6410876091476629,OKOP,1536.0
0.5616783900837058,0.47312556201712735,0.6410876091476629,OKOP,1556.0
0.5616783900837058,0.47312556201712735,0.6410876091476629,OKOP,1706.0
0.5616783900837058,0.47312556201712735,0.6410876091476629,OKOP,1728.0
0.5616783900837058,0.47312556201712735,0.6410876091476629,OKOP,1740.0
0.5616783900837058,0.47312556201712735,0.6410876091476629,OKOP,1741.0
0.5616783900837058,0.47312556201712735,0.6410876091476629,OKOP,1783.0
0.5616783900837058,0.47312556201712735,0.6410876091476629,OKOP,1803.0
0.5479789171548347,0.45750940838832654,0.629571353265047,OKOP,1811.0
0.5479789171548347,0.45750940838832654,0.629571353265047,OKOP,1815.0
0.5479789171548347,0.45750940838832654,0.629571353265047,OKOP,1816.0
0.5479789171548347,0.45750940838832654,0.629571353265047,OKOP,1820.0
0.5479789171548347,0.45750940838832654,0.629571353265047,OKOP,1821.0
0.5479789171548347,0.45750940838832654,0.629571353265047,OKOP,1825.0
1.0,1.0,1.0,OHOV,0.0
0.9797979797979799,0.9216354040797815,0.994908915591813,OHOV,14.0
0.9696969696969697,0.9089966052703199,0.9901250052538587,OHOV,23.0
0.9595959595959597,0.8959275647349165,0.9846410270982883,OHOV,27.0
0.9494949494949496,0.8829174960556868,0.9786620269656487,OHOV,30.0
0.9393939393939399,0.8700706233007898,0.972306418568002,OHOV,91.0
0.9292929292929296,0.857404339863912,0.9656501219647332,OHOV,115.0
0.919191919191919,0.8449123971165883,0.9587453643989622,OHOV,133.0
0.9090909090909092,0.8325822750303591,0.9516299468031523,OHOV,134.0
0.8989898989898989,0.820400595672829,0.9443323006047505,OHOV,165.0
0.8989898989898989,0.820400595672829,0.9443323006047505,OHOV,187.0
0.8989898989898989,0.820400595672829,0.9443323006047505,OHOV,190.0
0.8886566817601297,0.8079587866622832,0.9367441723436415,OHOV,255.0
0.8886566817601297,0.8079587866622832,0.9367441723436415,OHOV,284.0
0.8886566817601297,0.8079587866622832,0.9367441723436415,OHOV,328.0
0.8780774355487001,0.7952528082420396,0.928865142963654,OHOV,334.0
0.8780774355487001,0.7952528082420396,0.928865142963654,OHOV,359.0
0.8673691741395697,0.782491919028692,0.920767525125663,OHOV,360.0
0.8673691741395697,0.782491919028692,0.920767525125663,OHOV,364.0
0.8673691741395697,0.782491919028692,0.920767525125663,OHOV,365.0
0.8673691741395697,0.782491919028692,0.920767525125663,OHOV,369.0
0.8561046394104841,0.768974280167644,0.9122115223773571,OHOV,373.0
0.8561046394104841,0.768974280167644,0.9122115223773571,OHOV,382.0
0.8561046394104841,0.768974280167644,0.9122115223773571,OHOV,383.0
0.8561046394104841,0.768974280167644,0.9122115223773571,OHOV,386.0
0.8561046394104841,0.768974280167644,0.9122115223773571,OHOV,402.0
0.8440468275878015,0.7543395740210932,0.9030577476493501,OHOV,415.0
0.8440468275878015,0.7543395740210932,0.9030577476493501,OHOV,422.0
0.8318142648691377,0.7396570902423587,0.8936467726789816,OHOV,439.0
0.8318142648691377,0.7396570902423587,0.8936467726789816,OHOV,447.0
0.8193991265875087,0.724905403750348,0.8839794417791825,OHOV,449.0
0.8069839883058798,0.7103664078460664,0.8741685437938586,OHOV,550.0
0.7945688500242509,0.6960168894725438,0.8642246714374421,OHOV,558.0
0.7821537117426222,0.6818382105200651,0.8541568097219708,OHOV,592.0
0.7821537117426222,0.6818382105200651,0.8541568097219708,OHOV,639.0
0.7821537117426222,0.6818382105200651,0.8541568097219708,OHOV,688.0
0.7821537117426222,0.6818382105200651,0.8541568097219708,OHOV,696.0
0.7821537117426222,0.6818382105200651,0.8541568097219708,OHOV,716.0
0.7821537117426222,0.6818382105200651,0.8541568097219708,OHOV,719.0
0.7821537117426222,0.6818382105200651,0.8541568097219708,OHOV,728.0
0.7821537117426222,0.6818382105200651,0.8541568097219708,OHOV,731.0
0.7821537117426222,0.6818382105200651,0.8541568097219708,OHOV,740.0
0.7821537117426222,0.6818382105200651,0.8541568097219708,OHOV,741.0
0.7676693837473885,0.6646340309453155,0.842721287762473,OHOV,742.0
0.7676693837473885,0.6646340309453155,0.842721287762473,OHOV,746.0
0.7529065109830154,0.6472921653812856,0.830945002746133,OHOV,747.0
0.7529065109830154,0.6472921653812856,0.830945002746133,OHOV,756.0
0.7529065109830154,0.6472921653812856,0.830945002746133,OHOV,761.0
0.7529065109830154,0.6472921653812856,0.830945002746133,OHOV,762.0
0.737220958670869,0.6288059948665117,0.8184523790459034,OHOV,763.0
0.721535406358723,0.6106564912763085,0.805761100353186,OHOV,771.0
0.7058498540465767,0.592807948067046,0.7928849275563635,OHOV,783.0
0.7058498540465767,0.592807948067046,0.7928849275563635,OHOV,786.0
0.7058498540465767,0.592807948067046,0.7928849275563635,OHOV,802.0
0.6894347411617727,0.5741480096506099,0.7793903349233148,OHOV,832.0
0.6730196282769686,0.5557920421038569,0.7657051749835359,OHOV,843.0
0.6566045153921644,0.5377137605555874,0.7518398923059885,OHOV,911.0
0.6566045153921644,0.5377137605555874,0.7518398923059885,OHOV,1088.0
0.6566045153921644,0.5377137605555874,0.7518398923059885,OHOV,1092.0
0.6566045153921644,0.5377137605555874,0.7518398923059885,OHOV,1093.0
0.6566045153921644,0.5377137605555874,0.7518398923059885,OHOV,1096.0
0.6566045153921644,0.5377137605555874,0.7518398923059885,OHOV,1155.0
0.63729261788063,0.5156463231742521,0.7360534361488182,OHOV,1239.0
0.6179807203690958,0.49405541658372604,0.7199825672676562,OHOV,1291.0
0.5986688228575615,0.47289653663897113,0.7036449220645283,OHOV,1303.0
0.5986688228575615,0.47289653663897113,0.7036449220645283,OHOV,1356.0
0.5787131954289761,0.4512203056547171,0.6866612048626313,OHOV,1394.0
0.5787131954289761,0.4512203056547171,0.6866612048626313,OHOV,1442.0
0.5787131954289761,0.4512203056547171,0.6866612048626313,OHOV,1455.0
0.5787131954289761,0.4512203056547171,0.6866612048626313,OHOV,1456.0
0.5787131954289761,0.4512203056547171,0.6866612048626313,OHOV,1460.0
0.5787131954289761,0.4512203056547171,0.6866612048626313,OHOV,1461.0
0.5787131954289761,0.4512203056547171,0.6866612048626313,OHOV,1464.0
0.5787131954289761,0.4512203056547171,0.6866612048626313,OHOV,1470.0
0.5787131954289761,0.4512203056547171,0.6866612048626313,OHOV,1479.0
0.5787131954289761,0.4512203056547171,0.6866612048626313,OHOV,1549.0
0.5787131954289761,0.4512203056547171,0.6866612048626313,OHOV,1577.0
0.5482546061958722,0.41375147156023245,0.6641025164489657,OHOV,1595.0
0.5482546061958722,0.41375147156023245,0.6641025164489657,OHOV,1802.0
0.5482546061958722,0.41375147156023245,0.6641025164489657,OHOV,1805.0
0.5482546061958722,0.41375147156023245,0.6641025164489657,OHOV,1809.0
0.5482546061958722,0.41375147156023245,0.6641025164489657,OHOV,1815.0
0.5482546061958722,0.41375147156023245,0.6641025164489657,OHOV,1820.0
0.5482546061958722,0.41375147156023245,0.6641025164489657,OHOV,1825.0
0.9939393939393946,0.9577622431083255,0.9991440534446389,OHLP,0.0
0.9878787878787882,0.9524073337953325,0.9969546634855878,OHLP,2.0
0.9818181818181817,0.9446945050032645,0.9940995799900036,OHLP,5.0
0.9757575757575762,0.9367028825826383,0.9908317967283355,OHLP,22.0
0.9696969696969697,0.9287344704420699,0.9872740907203904,OHLP,46.0
0.963636363636364,0.9208545652704587,0.9834972608603336,OHLP,55.0
0.957575757575758,0.9130748445373323,0.9795466396004233,OHLP,57.0
0.9515151515151514,0.9053922375724278,0.9754533764662654,OHLP,61.0
0.9454545454545458,0.8977996536218212,0.9712399950368737,OHLP,62.0
0.9393939393939399,0.8902893504411653,0.9669234230701204,OHLP,88.0
0.933333333333334,0.8828540232864922,0.9625167742771806,OHLP,92.0
0.9272727272727274,0.875487115329382,0.9580304589776597,OHLP,121.0
0.9212121212121216,0.8681828514834518,0.9534729094011299,OHLP,153.0
0.9212121212121216,0.8681828514834518,0.9534729094011299,OHLP,174.0
0.9212121212121216,0.8681828514834518,0.9534729094011299,OHLP,179.0
0.9212121212121216,0.8681828514834518,0.9534729094011299,OHLP,180.0
0.9212121212121216,0.8681828514834518,0.9534729094011299,OHLP,181.0
0.9212121212121216,0.8681828514834518,0.9534729094011299,OHLP,182.0
0.9212121212121216,0.8681828514834518,0.9534729094011299,OHLP,209.0
0.9212121212121216,0.8681828514834518,0.9534729094011299,OHLP,215.0
0.9146320346320351,0.860075333434416,0.9485458976946058,OHLP,249.0
0.9080519480519491,0.8520594602343325,0.9435463666327534,OHLP,268.0
0.9014718614718623,0.8441247299824441,0.9384808581997135,OHLP,276.0
0.894891774891776,0.8362626834081567,0.9333549029240865,OHLP,289.0
0.894891774891776,0.8362626834081567,0.9333549029240865,OHLP,347.0
0.894891774891776,0.8362626834081567,0.9333549029240865,OHLP,348.0
0.894891774891776,0.8362626834081567,0.9333549029240865,OHLP,358.0
0.894891774891776,0.8362626834081567,0.9333549029240865,OHLP,360.0
0.894891774891776,0.8362626834081567,0.9333549029240865,OHLP,361.0
0.8880605399689381,0.8280707634022304,0.9280184842816911,OHLP,363.0
0.8880605399689381,0.8280707634022304,0.9280184842816911,OHLP,364.0
0.8880605399689381,0.8280707634022304,0.9280184842816911,OHLP,365.0
0.8806600354691972,0.8190474626533992,0.9222788323508297,OHLP,385.0
0.8806600354691972,0.8190474626533992,0.9222788323508297,OHLP,391.0
0.8806600354691972,0.8190474626533992,0.9222788323508297,OHLP,393.0
0.8731330266190329,0.8099244690815709,0.9163954197781238,OHLP,396.0
0.865606017768869,0.8009005779464179,0.9104464048130685,OHLP,397.0
0.858079008918705,0.7919656357762208,0.9044365247487275,OHLP,405.0
0.858079008918705,0.7919656357762208,0.9044365247487275,OHLP,448.0
0.858079008918705,0.7919656357762208,0.9044365247487275,OHLP,451.0
0.858079008918705,0.7919656357762208,0.9044365247487275,OHLP,452.0
0.8503485673969154,0.7827997547267895,0.8982420007694146,OHLP,464.0
0.8426181258751247,0.7737176905522226,0.8919897538026013,OHLP,485.0
0.834887684353335,0.7647121718198389,0.8856833589910104,OHLP,508.0
0.8271572428315443,0.7557770318991628,0.8793259626150575,OHLP,515.0
0.8194268013097544,0.7469069921941027,0.8729203516556,OHLP,518.0
0.8116963597879642,0.7380974964595605,0.8664690090760185,OHLP,591.0
0.8039659182661741,0.7293445824148403,0.8599741583230156,OHLP,606.0
0.7962354767443842,0.7206447810100176,0.853437799557618,OHLP,625.0
0.7962354767443842,0.7206447810100176,0.853437799557618,OHLP,628.0
0.7884292465802241,0.7118887877749661,0.8468096999721418,OHLP,630.0
0.7806230164160637,0.7031824766532733,0.8401423507968139,OHLP,653.0
0.7728167862519025,0.6945232384737485,0.8334373148820929,OHLP,667.0
0.7728167862519025,0.6945232384737485,0.8334373148820929,OHLP,676.0
0.7728167862519025,0.6945232384737485,0.8334373148820929,OHLP,706.0
0.7728167862519025,0.6945232384737485,0.8334373148820929,OHLP,710.0
0.7728167862519025,0.6945232384737485,0.8334373148820929,OHLP,722.0
0.7728167862519025,0.6945232384737485,0.8334373148820929,OHLP,725.0
0.7728167862519025,0.6945232384737485,0.8334373148820929,OHLP,727.0
0.7728167862519025,0.6945232384737485,0.8334373148820929,OHLP,729.0
0.7728167862519025,0.6945232384737485,0.8334373148820929,OHLP,730.0
0.7728167862519025,0.6945232384737485,0.8334373148820929,OHLP,731.0
0.7728167862519025,0.6945232384737485,0.8334373148820929,OHLP,736.0
0.7728167862519025,0.6945232384737485,0.8334373148820929,OHLP,755.0
0.7728167862519025,0.6945232384737485,0.8334373148820929,OHLP,767.0
0.7635057406344097,0.6837769603763555,0.8256825217599256,OHLP,773.0
0.7635057406344097,0.6837769603763555,0.8256825217599256,OHLP,781.0
0.7635057406344097,0.6837769603763555,0.8256825217599256,OHLP,785.0
0.7635057406344097,0.6837769603763555,0.8256825217599256,OHLP,788.0
0.7635057406344097,0.6837769603763555,0.8256825217599256,OHLP,800.0
0.7635057406344097,0.6837769603763555,0.8256825217599256,OHLP,802.0
0.7635057406344097,0.6837769603763555,0.8256825217599256,OHLP,805.0
0.7635057406344097,0.6837769603763555,0.8256825217599256,OHLP,821.0
0.7533256640926181,0.6718468939029926,0.8173117192277266,OHLP,860.0
0.7431455875508255,0.6600473065789957,0.808860051690622,OHLP,892.0
0.7329655110090335,0.6483678550753224,0.8003322278240009,OHLP,904.0
0.7227854344672414,0.636799677324637,0.7917323170191428,OHLP,917.0
0.7126053579254495,0.6253351272785326,0.7830638643519655,OHLP,982.0
0.7024252813836573,0.6139675670310761,0.7743299792025912,OHLP,999.0
0.6922452048418651,0.6026912020419142,0.7655334045962848,OHLP,1037.0
0.6820651283000726,0.5915009491804539,0.7566765721899008,OHLP,1045.0
0.6820651283000726,0.5915009491804539,0.7566765721899008,OHLP,1056.0
0.671730808174314,0.5801820932166062,0.7476554147757324,OHLP,1068.0
0.6613964880485553,0.5689462030171568,0.7385751150301477,OHLP,1074.0
0.6613964880485553,0.5689462030171568,0.7385751150301477,OHLP,1079.0
0.6613964880485553,0.5689462030171568,0.7385751150301477,OHLP,1084.0
0.6613964880485553,0.5689462030171568,0.7385751150301477,OHLP,1087.0
0.6613964880485553,0.5689462030171568,0.7385751150301477,OHLP,1090.0
0.6613964880485553,0.5689462030171568,0.7385751150301477,OHLP,1091.0
0.6613964880485553,0.5689462030171568,0.7385751150301477,OHLP,1094.0
0.6613964880485553,0.5689462030171568,0.7385751150301477,OHLP,1096.0
0.6613964880485553,0.5689462030171568,0.7385751150301477,OHLP,1102.0
0.6613964880485553,0.5689462030171568,0.7385751150301477,OHLP,1122.0
0.6613964880485553,0.5689462030171568,0.7385751150301477,OHLP,1151.0
0.6478986005373605,0.553311410412979,0.7273926100271054,OHLP,1199.0
0.6344007130261653,0.5379063101512181,0.7160663543819595,OHLP,1223.0
0.6209028255149704,0.5227129649534489,0.7046053451223725,OHLP,1230.0
0.6074049380037753,0.5077162384012119,0.693017041861864,OHLP,1280.0
0.5939070504925803,0.492903271123455,0.6813076802052178,OHLP,1326.0
0.5804091629813853,0.4782630793050821,0.6694825036778413,OHLP,1366.0
0.5669112754701904,0.46378624262189766,0.6575459381897181,OHLP,1378.0
0.5669112754701904,0.46378624262189766,0.6575459381897181,OHLP,1406.0
0.5669112754701904,0.46378624262189766,0.6575459381897181,OHLP,1409.0
0.5669112754701904,0.46378624262189766,0.6575459381897181,OHLP,1419.0
0.5669112754701904,0.46378624262189766,0.6575459381897181,OHLP,1437.0
0.5669112754701904,0.46378624262189766,0.6575459381897181,OHLP,1442.0
0.5669112754701904,0.46378624262189766,0.6575459381897181,OHLP,1443.0
0.5669112754701904,0.46378624262189766,0.6575459381897181,OHLP,1450.0
0.5669112754701904,0.46378624262189766,0.6575459381897181,OHLP,1451.0
0.5669112754701904,0.46378624262189766,0.6575459381897181,OHLP,1452.0
0.5669112754701904,0.46378624262189766,0.6575459381897181,OHLP,1455.0
0.5669112754701904,0.46378624262189766,0.6575459381897181,OHLP,1456.0
0.5669112754701904,0.46378624262189766,0.6575459381897181,OHLP,1470.0
0.546664444203398,0.4396051107960463,0.6416172599651644,OHLP,1475.0
0.546664444203398,0.4396051107960463,0.6416172599651644,OHLP,1479.0
0.546664444203398,0.4396051107960463,0.6416172599651644,OHLP,1482.0
0.546664444203398,0.4396051107960463,0.6416172599651644,OHLP,1513.0
0.546664444203398,0.4396051107960463,0.6416172599651644,OHLP,1546.0
0.546664444203398,0.4396051107960463,0.6416172599651644,OHLP,1726.0
0.5218160603759707,0.4088135174222666,0.623147020688274,OHLP,1741.0
0.5218160603759707,0.4088135174222666,0.623147020688274,OHLP,1775.0
0.5218160603759707,0.4088135174222666,0.623147020688274,OHLP,1793.0
0.5218160603759707,0.4088135174222666,0.623147020688274,OHLP,1794.0
0.5218160603759707,0.4088135174222666,0.623147020688274,OHLP,1804.0
0.5218160603759707,0.4088135174222666,0.623147020688274,OHLP,1807.0
0.5218160603759707,0.4088135174222666,0.623147020688274,OHLP,1825.0
1.0,1.0,1.0,OHLC,0.0
0.9929078014184392,0.9507276684511421,0.9989979151913754,OHLC,1.0
0.985815602836879,0.9444786566758643,0.9964335327316014,OHLC,5.0
0.9787234042553193,0.9354917674564771,0.9930879384166167,OHLC,6.0
0.9716312056737588,0.9261847926395788,0.9892572261865176,OHLC,7.0
0.9645390070921988,0.9169085827542237,0.9850851531227958,OHLC,25.0
0.9574468085106383,0.9077387109626455,0.9806546501185818,OHLC,48.0
0.9503546099290776,0.8986884623731829,0.9760188377983654,OHLC,105.0
0.9432624113475175,0.8897540330460966,0.9712142298364305,OHLC,139.0
0.9432624113475175,0.8897540330460966,0.9712142298364305,OHLC,163.0
0.9432624113475175,0.8897540330460966,0.9712142298364305,OHLC,181.0
0.9432624113475175,0.8897540330460966,0.9712142298364305,OHLC,182.0
0.9432624113475175,0.8897540330460966,0.9712142298364305,OHLC,189.0
0.9432624113475175,0.8897540330460966,0.9712142298364305,OHLC,194.0
0.9432624113475175,0.8897540330460966,0.9712142298364305,OHLC,197.0
0.9357762017336487,0.880189054526019,0.9660631900078878,OHLC,199.0
0.9282899921197794,0.8707794014680824,0.9607731342891281,OHLC,204.0
0.9208037825059096,0.8615019505629735,0.9553621032403176,OHLC,210.0
0.9208037825059096,0.8615019505629735,0.9553621032403176,OHLC,214.0
0.9132562105181563,0.8522337530450174,0.9498097747572996,OHLC,224.0
0.9057086385304025,0.8430727598526017,0.9441601450079421,OHLC,263.0
0.8981610665426496,0.83400703167477,0.938422851595854,OHLC,265.0
0.8905495320804235,0.8249239324274189,0.9325674597039468,OHLC,313.0
0.8905495320804235,0.8249239324274189,0.9325674597039468,OHLC,358.0
0.8905495320804235,0.8249239324274189,0.9325674597039468,OHLC,359.0
0.8905495320804235,0.8249239324274189,0.9325674597039468,OHLC,361.0
0.8905495320804235,0.8249239324274189,0.9325674597039468,OHLC,363.0
0.8905495320804235,0.8249239324274189,0.9325674597039468,OHLC,364.0
0.8905495320804235,0.8249239324274189,0.9325674597039468,OHLC,366.0
0.8905495320804235,0.8249239324274189,0.9325674597039468,OHLC,367.0
0.8905495320804235,0.8249239324274189,0.9325674597039468,OHLC,371.0
0.8905495320804235,0.8249239324274189,0.9325674597039468,OHLC,386.0
0.8905495320804235,0.8249239324274189,0.9325674597039468,OHLC,391.0
0.8905495320804235,0.8249239324274189,0.9325674597039468,OHLC,392.0
0.8817322099806176,0.813943748580536,0.9259305872961301,OHLC,395.0
0.8817322099806176,0.813943748580536,0.9259305872961301,OHLC,396.0
0.8728258240212179,0.802983629939745,0.9191384936956345,OHLC,411.0
0.8639194380618174,0.7921769433583807,0.9122488009740206,OHLC,412.0
0.8550130521024171,0.7815050844882062,0.9052696136284741,OHLC,416.0
0.846106666143017,0.7709531904667377,0.8982077907623349,OHLC,424.0
0.846106666143017,0.7709531904667377,0.8982077907623349,OHLC,455.0
0.837008745001694,0.7602137029699017,0.8909504243526907,OHLC,511.0
0.8279108238603708,0.7495831960138359,0.8836166223001767,OHLC,599.0
0.8188129027190484,0.7390518605562811,0.8762112616086841,OHLC,622.0
0.8097149815777255,0.7286114719824173,0.8687386022436013,OHLC,638.0
0.8006170604364031,0.7182550608859242,0.8612023912897225,OHLC,692.0
0.8006170604364031,0.7182550608859242,0.8612023912897225,OHLC,701.0
0.8006170604364031,0.7182550608859242,0.8612023912897225,OHLC,715.0
0.8006170604364031,0.7182550608859242,0.8612023912897225,OHLC,716.0
0.8006170604364031,0.7182550608859242,0.8612023912897225,OHLC,719.0
0.8006170604364031,0.7182550608859242,0.8612023912897225,OHLC,720.0
0.8006170604364031,0.7182550608859242,0.8612023912897225,OHLC,724.0
0.790732899196447,0.7068230382447199,0.8530954468569644,OHLC,725.0
0.790732899196447,0.7068230382447199,0.8530954468569644,OHLC,728.0
0.790732899196447,0.7068230382447199,0.8530954468569644,OHLC,729.0
0.790732899196447,0.7068230382447199,0.8530954468569644,OHLC,730.0
0.790732899196447,0.7068230382447199,0.8530954468569644,OHLC,731.0
0.790732899196447,0.7068230382447199,0.8530954468569644,OHLC,738.0
0.790732899196447,0.7068230382447199,0.8530954468569644,OHLC,742.0
0.7797504978187185,0.693847189279144,0.8442269933834515,OHLC,767.0
0.7687680964409904,0.6810327545867936,0.8352593453421949,OHLC,770.0
0.7687680964409904,0.6810327545867936,0.8352593453421949,OHLC,821.0
0.7576265298259035,0.6681277023143206,0.826098856217136,OHLC,892.0
0.7464849632108163,0.6553658729443036,0.8168464806238729,OHLC,910.0
0.7353433965957294,0.6427358045410916,0.8075072567739666,OHLC,991.0
0.7242018299806426,0.6302277572086321,0.7980855618539128,OHLC,1003.0
0.7242018299806426,0.6302277572086321,0.7980855618539128,OHLC,1064.0
0.7242018299806426,0.6302277572086321,0.7980855618539128,OHLC,1079.0
0.7242018299806426,0.6302277572086321,0.7980855618539128,OHLC,1087.0
0.7242018299806426,0.6302277572086321,0.7980855618539128,OHLC,1092.0
0.7242018299806426,0.6302277572086321,0.7980855618539128,OHLC,1093.0
0.7242018299806426,0.6302277572086321,0.7980855618539128,OHLC,1095.0
0.7242018299806426,0.6302277572086321,0.7980855618539128,OHLC,1096.0
0.7242018299806426,0.6302277572086321,0.7980855618539128,OHLC,1137.0
0.7242018299806426,0.6302277572086321,0.7980855618539128,OHLC,1142.0
0.7242018299806426,0.6302277572086321,0.7980855618539128,OHLC,1163.0
0.7242018299806426,0.6302277572086321,0.7980855618539128,OHLC,1172.0
0.7100017940986693,0.6132796857771535,0.7867023946320035,OHLC,1216.0
0.7100017940986693,0.6132796857771535,0.7867023946320035,OHLC,1324.0
0.6955119615660436,0.5961843224356783,0.774977377862317,OHLC,1359.0
0.6955119615660436,0.5961843224356783,0.774977377862317,OHLC,1418.0
0.6955119615660436,0.5961843224356783,0.774977377862317,OHLC,1429.0
0.6955119615660436,0.5961843224356783,0.774977377862317,OHLC,1437.0
0.6955119615660436,0.5961843224356783,0.774977377862317,OHLC,1438.0
0.6955119615660436,0.5961843224356783,0.774977377862317,OHLC,1445.0
0.6955119615660436,0.5961843224356783,0.774977377862317,OHLC,1449.0
0.6955119615660436,0.5961843224356783,0.774977377862317,OHLC,1456.0
0.6955119615660436,0.5961843224356783,0.774977377862317,OHLC,1457.0
0.6955119615660436,0.5961843224356783,0.774977377862317,OHLC,1458.0
0.6955119615660436,0.5961843224356783,0.774977377862317,OHLC,1459.0
0.6955119615660436,0.5961843224356783,0.774977377862317,OHLC,1460.0
0.6955119615660436,0.5961843224356783,0.774977377862317,OHLC,1461.0
0.6955119615660436,0.5961843224356783,0.774977377862317,OHLC,1477.0
0.6955119615660436,0.5961843224356783,0.774977377862317,OHLC,1487.0
0.6955119615660436,0.5961843224356783,0.774977377862317,OHLC,1501.0
0.6955119615660436,0.5961843224356783,0.774977377862317,OHLC,1547.0
0.6723282295138422,0.5646910487862746,0.7589612255012812,OHLC,1582.0
0.6491444974616406,0.5347548710823059,0.7420900380854913,OHLC,1596.0
0.6259607654094392,0.5060833940792218,0.7245252437794895,OHLC,1747.0
0.6259607654094392,0.5060833940792218,0.7245252437794895,OHLC,1771.0
0.6259607654094392,0.5060833940792218,0.7245252437794895,OHLC,1802.0
0.6259607654094392,0.5060833940792218,0.7245252437794895,OHLC,1803.0
0.6259607654094392,0.5060833940792218,0.7245252437794895,OHLC,1812.0
0.6259607654094392,0.5060833940792218,0.7245252437794895,OHLC,1819.0
0.6259607654094392,0.5060833940792218,0.7245252437794895,OHLC,1820.0
0.6259607654094392,0.5060833940792218,0.7245252437794895,OHLC,1821.0
0.6259607654094392,0.5060833940792218,0.7245252437794895,OHLC,1825.0
0.9966216216216223,0.9762623029740255,0.9995234181806211,OHLB,0.0
0.9932432432432433,0.9732558992741085,0.9983058573780839,OHLB,14.0
0.9898648648648655,0.968908426957075,0.9967199315036908,OHLB,15.0
0.9864864864864867,0.9643979235744549,0.9949066099449707,OHLB,18.0
0.9831081081081087,0.9598959436539466,0.992934221066851,OHLB,28.0
0.9797297297297299,0.9554399417567904,0.9908421205620258,OHLB,32.0
0.9763513513513518,0.9510369107934512,0.9886554800802619,OHLB,42.0
0.9763513513513518,0.9510369107934512,0.9886554800802619,OHLB,65.0
0.972961242492493,0.9466623735254452,0.9863856864819094,OHLB,67.0
0.9695711336336337,0.9423374559969017,0.9840506142321309,OHLB,70.0
0.9661810247747753,0.9380574530943547,0.9816597233976294,OHLB,78.0
0.9627909159159164,0.9338180549686574,0.9792203333395103,OHLB,81.0
0.9594008070570574,0.9296154554090498,0.9767382478966877,OHLB,85.0
0.9560106981981987,0.9254463362796094,0.9742181632546648,OHLB,109.0
0.9526205893393392,0.9213078140219382,0.9716639443728798,OHLB,116.0
0.9492304804804804,0.9171973794041606,0.9690788183756416,OHLB,120.0
0.9458403716216216,0.9131128414207594,0.9664655135393826,OHLB,124.0
0.9424502627627629,0.9090522785241287,0.9638263615140873,OHLB,129.0
0.9390601539039042,0.9050139974530768,0.961163374026441,OHLB,146.0
0.9356700450450449,0.900996498906888,0.9584783014549473,OHLB,150.0
0.9322799361861868,0.8969984490501983,0.9557726782612671,OHLB,156.0
0.9322799361861868,0.8969984490501983,0.9557726782612671,OHLB,176.0
0.9322799361861868,0.8969984490501983,0.9557726782612671,OHLB,177.0
0.9322799361861868,0.8969984490501983,0.9557726782612671,OHLB,180.0
0.9322799361861868,0.8969984490501983,0.9557726782612671,OHLB,181.0
0.9322799361861868,0.8969984490501983,0.9557726782612671,OHLB,182.0
0.9288142115163496,0.8929048821383672,0.9529983083527845,OHLB,185.0
0.9253484868465127,0.888831068845373,0.9502048134696475,OHLB,192.0
0.9253484868465127,0.888831068845373,0.9502048134696475,OHLB,199.0
0.9253484868465127,0.888831068845373,0.9502048134696475,OHLB,212.0
0.921856605764073,0.8847369889524708,0.947375965971298,OHLB,226.0
0.9183647246816337,0.8806611026169423,0.9445298376397104,OHLB,230.0
0.9148728435991936,0.8766023307390374,0.9416673947958629,OHLB,258.0
0.9113809625167545,0.8725597063782061,0.9387895100600664,OHLB,263.0
0.9113809625167545,0.8725597063782061,0.9387895100600664,OHLB,266.0
0.907875651122459,0.8685131027439494,0.9358877441932455,OHLB,313.0
0.907875651122459,0.8685131027439494,0.9358877441932455,OHLB,336.0
0.907875651122459,0.8685131027439494,0.9358877441932455,OHLB,352.0
0.907875651122459,0.8685131027439494,0.9358877441932455,OHLB,355.0
0.907875651122459,0.8685131027439494,0.9358877441932455,OHLB,356.0
0.907875651122459,0.8685131027439494,0.9358877441932455,OHLB,357.0
0.907875651122459,0.8685131027439494,0.9358877441932455,OHLB,358.0
0.907875651122459,0.8685131027439494,0.9358877441932455,OHLB,361.0
0.907875651122459,0.8685131027439494,0.9358877441932455,OHLB,362.0
0.907875651122459,0.8685131027439494,0.9358877441932455,OHLB,363.0
0.907875651122459,0.8685131027439494,0.9358877441932455,OHLB,364.0
0.907875651122459,0.8685131027439494,0.9358877441932455,OHLB,365.0
0.907875651122459,0.8685131027439494,0.9358877441932455,OHLB,366.0
0.907875651122459,0.8685131027439494,0.9358877441932455,OHLB,370.0
0.9039283656827962,0.8638374184926233,0.9326735472311509,OHLB,371.0
0.9039283656827962,0.8638374184926233,0.9326735472311509,OHLB,373.0
0.8999637675876963,0.8591624691187759,0.9294286096141761,OHLB,376.0
0.8999637675876963,0.8591624691187759,0.9294286096141761,OHLB,377.0
0.8959639286206396,0.85446084806209,0.9261416355824492,OHLB,378.0
0.8879283776913061,0.8450772845993304,0.9194901811452142,OHLB,384.0
0.8839106022266402,0.8404189107568669,0.9161392771787075,OHLB,385.0
0.8839106022266402,0.8404189107568669,0.9161392771787075,OHLB,386.0
0.8839106022266402,0.8404189107568669,0.9161392771787075,OHLB,392.0
0.8839106022266402,0.8404189107568669,0.9161392771787075,OHLB,393.0
0.8839106022266402,0.8404189107568669,0.9161392771787075,OHLB,396.0
0.8797993901232605,0.8356477104668878,0.9127084335897906,OHLB,398.0
0.8715769659165012,0.8261688744708976,0.905798896855726,OHLB,436.0
0.8715769659165012,0.8261688744708976,0.905798896855726,OHLB,437.0
0.8715769659165012,0.8261688744708976,0.905798896855726,OHLB,441.0
0.8674067411991974,0.8213760151793711,0.9022804007993026,OHLB,442.0
0.8674067411991974,0.8213760151793711,0.9022804007993026,OHLB,443.0
0.8632163704687669,0.8165744972365951,0.8987329239951902,OHLB,466.0
0.859025999738336,0.811791918991876,0.8951709490025975,OHLB,474.0
0.8548356290079047,0.8070273261862888,0.8915950451528498,OHLB,490.0
0.8506452582774738,0.8022798509904403,0.8880057391738955,OHLB,509.0
0.8464548875470433,0.7975487015758115,0.8844035195698066,OHLB,548.0
0.8422645168166122,0.7928331532347055,0.8807888404257112,OHLB,557.0
0.8380741460861809,0.7881325407797941,0.8771621247291602,OHLB,569.0
0.8338837753557502,0.7834462520072479,0.8735237672821272,OHLB,591.0
0.8296934046253194,0.7787737220488489,0.8698741372645684,OHLB,601.0
0.8255030338948885,0.7741144284710718,0.8662135804998954,OHLB,643.0
0.8213126631644573,0.7694678870049303,0.8625424214642086,OHLB,655.0
0.8171222924340268,0.7648336478109912,0.8588609650742978,OHLB,684.0
0.8129319217035959,0.7602112922004737,0.8551694982838149,OHLB,685.0
0.8129319217035959,0.7602112922004737,0.8551694982838149,OHLB,691.0
0.8087198392077223,0.7555720491491543,0.8514520114886063,OHLB,702.0
0.8087198392077223,0.7555720491491543,0.8514520114886063,OHLB,703.0
0.8044857039239122,0.7509154592286708,0.8477083026590251,OHLB,704.0
0.8044857039239122,0.7509154592286708,0.8477083026590251,OHLB,710.0
0.8044857039239122,0.7509154592286708,0.8477083026590251,OHLB,713.0
0.8044857039239122,0.7509154592286708,0.8477083026590251,OHLB,714.0
0.8044857039239122,0.7509154592286708,0.8477083026590251,OHLB,715.0
0.8044857039239122,0.7509154592286708,0.8477083026590251,OHLB,718.0
0.8000896071811581,0.7460584895763401,0.8438337256080595,OHLB,719.0
0.8000896071811581,0.7460584895763401,0.8438337256080595,OHLB,723.0
0.8000896071811581,0.7460584895763401,0.8438337256080595,OHLB,724.0
0.8000896071811581,0.7460584895763401,0.8438337256080595,OHLB,725.0
0.8000896071811581,0.7460584895763401,0.8438337256080595,OHLB,726.0
0.7955436435039931,0.7410174161236356,0.8398372605891549,OHLB,727.0
0.7955436435039931,0.7410174161236356,0.8398372605891549,OHLB,728.0
0.7955436435039931,0.7410174161236356,0.8398372605891549,OHLB,729.0
0.7955436435039931,0.7410174161236356,0.8398372605891549,OHLB,730.0
0.7955436435039931,0.7410174161236356,0.8398372605891549,OHLB,731.0
0.7955436435039931,0.7410174161236356,0.8398372605891549,OHLB,734.0
0.7955436435039931,0.7410174161236356,0.8398372605891549,OHLB,739.0
0.7955436435039931,0.7410174161236356,0.8398372605891549,OHLB,743.0
0.7955436435039931,0.7410174161236356,0.8398372605891549,OHLB,755.0
0.7906023786375083,0.7354636429816361,0.835540727367272,OHLB,760.0
0.7856611137710241,0.729930508777659,0.831229208881417,OHLB,767.0
0.7856611137710241,0.729930508777659,0.831229208881417,OHLB,771.0
0.7856611137710241,0.729930508777659,0.831229208881417,OHLB,775.0
0.7806569028552854,0.7243328227440874,0.8268575566154303,OHLB,777.0
0.7806569028552854,0.7243328227440874,0.8268575566154303,OHLB,779.0
0.7806569028552854,0.7243328227440874,0.8268575566154303,OHLB,785.0
0.7806569028552854,0.7243328227440874,0.8268575566154303,OHLB,786.0
0.775554570156885,0.7186237838033007,0.8224001243003979,OHLB,797.0
0.7704522374584845,0.7129357211540001,0.8179274247264663,OHLB,805.0
0.7653499047600837,0.7072677998113092,0.8134399259987848,OHLB,807.0
0.7653499047600837,0.7072677998113092,0.8134399259987848,OHLB,811.0
0.7653499047600837,0.7072677998113092,0.8134399259987848,OHLB,818.0
0.760178621619813,0.7015278848531419,0.8088875912696248,OHLB,860.0
0.7550073384795423,0.6958077476314471,0.8043206206274822,OHLB,871.0
0.7498360553392713,0.6901066637637863,0.7997394260467522,OHLB,900.0
0.7446647721990007,0.6844239616429194,0.7951443923797122,OHLB,911.0
0.7394934890587296,0.678759017483342,0.7905358797501437,OHLB,948.0
0.7343222059184591,0.6731112509457248,0.7859142256695592,OHLB,951.0
0.7291509227781883,0.6674801212601227,0.7812797469148497,OHLB,956.0
0.723979639637917,0.6618651237812307,0.7766327411998624,OHLB,1000.0
0.7188083564976463,0.6562657869191575,0.771973488668227,OHLB,1032.0
0.7188083564976463,0.6562657869191575,0.771973488668227,OHLB,1035.0
0.7135996002911414,0.6506338403220455,0.7672737530973868,OHLB,1044.0
0.7135996002911414,0.6506338403220455,0.7672737530973868,OHLB,1055.0
0.7135996002911414,0.6506338403220455,0.7672737530973868,OHLB,1064.0
0.7135996002911414,0.6506338403220455,0.7672737530973868,OHLB,1069.0
0.7081522750980793,0.6447114778505038,0.7623815666131672,OHLB,1071.0
0.7081522750980793,0.6447114778505038,0.7623815666131672,OHLB,1080.0
0.7081522750980793,0.6447114778505038,0.7623815666131672,OHLB,1081.0
0.7081522750980793,0.6447114778505038,0.7623815666131672,OHLB,1083.0
0.7081522750980793,0.6447114778505038,0.7623815666131672,OHLB,1086.0
0.7081522750980793,0.6447114778505038,0.7623815666131672,OHLB,1089.0
0.7081522750980793,0.6447114778505038,0.7623815666131672,OHLB,1090.0
0.7081522750980793,0.6447114778505038,0.7623815666131672,OHLB,1091.0
0.7022997769567726,0.6382809063485846,0.7571746650983965,OHLB,1092.0
0.7022997769567726,0.6382809063485846,0.7571746650983965,OHLB,1093.0
0.7022997769567726,0.6382809063485846,0.7571746650983965,OHLB,1094.0
0.7022997769567726,0.6382809063485846,0.7571746650983965,OHLB,1095.0
0.6961392525975028,0.6314683875055754,0.751725971394523,OHLB,1096.0
0.6961392525975028,0.6314683875055754,0.751725971394523,OHLB,1103.0
0.6961392525975028,0.6314683875055754,0.751725971394523,OHLB,1109.0
0.6961392525975028,0.6314683875055754,0.751725971394523,OHLB,1126.0
0.6961392525975028,0.6314683875055754,0.751725971394523,OHLB,1128.0
0.6961392525975028,0.6314683875055754,0.751725971394523,OHLB,1169.0
0.6893143579641943,0.6237919969872976,0.7457864425883995,OHLB,1181.0
0.6893143579641943,0.6237919969872976,0.7457864425883995,OHLB,1185.0
0.6824212143845519,0.6160648018961211,0.7397702374370165,OHLB,1214.0
0.6755280708049104,0.608379283100939,0.7337248376181856,OHLB,1232.0
0.6686349272252682,0.6007336331052806,0.7276512933352021,OHLB,1240.0
0.6617417836456262,0.5931262036688597,0.7215505583182783,OHLB,1323.0
0.6548486400659842,0.5855554881869612,0.715423501170102,OHLB,1392.0
0.6548486400659842,0.5855554881869612,0.715423501170102,OHLB,1404.0
0.6548486400659842,0.5855554881869612,0.715423501170102,OHLB,1405.0
0.6478072568394682,0.577824431374319,0.7091644757607153,OHLB,1412.0
0.6407658736129519,0.5701305610780834,0.7028786098096884,OHLB,1414.0
0.6337244903864361,0.5624725367860391,0.6965666734441051,OHLB,1415.0
0.6337244903864361,0.5624725367860391,0.6965666734441051,OHLB,1417.0
0.6337244903864361,0.5624725367860391,0.6965666734441051,OHLB,1424.0
0.6337244903864361,0.5624725367860391,0.6965666734441051,OHLB,1427.0
0.6337244903864361,0.5624725367860391,0.6965666734441051,OHLB,1430.0
0.6337244903864361,0.5624725367860391,0.6965666734441051,OHLB,1431.0
0.6337244903864361,0.5624725367860391,0.6965666734441051,OHLB,1441.0
0.6337244903864361,0.5624725367860391,0.6965666734441051,OHLB,1442.0
0.6337244903864361,0.5624725367860391,0.6965666734441051,OHLB,1444.0
0.6337244903864361,0.5624725367860391,0.6965666734441051,OHLB,1449.0
0.6337244903864361,0.5624725367860391,0.6965666734441051,OHLB,1451.0
0.6258029342566059,0.5536815313331569,0.689605458664385,OHLB,1452.0
0.6258029342566059,0.5536815313331569,0.689605458664385,OHLB,1454.0
0.6258029342566059,0.5536815313331569,0.689605458664385,OHLB,1455.0
0.6258029342566059,0.5536815313331569,0.689605458664385,OHLB,1456.0
0.6258029342566059,0.5536815313331569,0.689605458664385,OHLB,1458.0
0.6258029342566059,0.5536815313331569,0.689605458664385,OHLB,1460.0
0.6258029342566059,0.5536815313331569,0.689605458664385,OHLB,1461.0
0.6168628923386543,0.5435482148515293,0.6819215036016012,OHLB,1475.0
0.6079228504207028,0.5334989280533752,0.6741790720195843,OHLB,1482.0
0.6079228504207028,0.5334989280533752,0.6741790720195843,OHLB,1484.0
0.5988493750412893,0.5233457601168803,0.6662922981232138,OHLB,1487.0
0.5988493750412893,0.5233457601168803,0.6662922981232138,OHLB,1497.0
0.5988493750412893,0.5233457601168803,0.6662922981232138,OHLB,1499.0
0.5988493750412893,0.5233457601168803,0.6662922981232138,OHLB,1503.0
0.5988493750412893,0.5233457601168803,0.6662922981232138,OHLB,1508.0
0.5988493750412893,0.5233457601168803,0.6662922981232138,OHLB,1530.0
0.5890321721717598,0.5122427925842301,0.6578628301858231,OHLB,1616.0
0.5792149693022308,0.5012441973709657,0.6493605659107271,OHLB,1640.0
0.5693977664327011,0.4903443530659784,0.640789067240502,OHLB,1653.0
0.559580563563172,0.4795383054972806,0.6321514187946592,OHLB,1673.0
0.5497633606936428,0.46882167210602066,0.6234503029414522,OHLB,1729.0
0.5497633606936428,0.46882167210602066,0.6234503029414522,OHLB,1742.0
0.5397676632264856,0.45795206000998295,0.6145666601469316,OHLB,1749.0
0.5397676632264856,0.45795206000998295,0.6145666601469316,OHLB,1803.0
0.5295833676939105,0.44691946664466026,0.605491402171494,OHLB,1806.0
0.5193990721613352,0.43597819824276063,0.5963505062329691,OHLB,1808.0
0.5193990721613352,0.43597819824276063,0.5963505062329691,OHLB,1814.0
0.5193990721613352,0.43597819824276063,0.5963505062329691,OHLB,1815.0
0.5193990721613352,0.43597819824276063,0.5963505062329691,OHLB,1818.0
0.5193990721613352,0.43597819824276063,0.5963505062329691,OHLB,1819.0
0.5193990721613352,0.43597819824276063,0.5963505062329691,OHLB,1821.0
0.5193990721613352,0.43597819824276063,0.5963505062329691,OHLB,1822.0
0.5193990721613352,0.43597819824276063,0.5963505062329691,OHLB,1823.0
0.5193990721613352,0.43597819824276063,0.5963505062329691,OHLB,1824.0
0.5193990721613352,0.43597819824276063,0.5963505062329691,OHLB,1825.0
1.0,1.0,1.0,NYWN,0.0
1.0,1.0,1.0,NYWN,15.0
1.0,1.0,1.0,NYWN,174.0
1.0,1.0,1.0,NYWN,179.0
1.0,1.0,1.0,NYWN,224.0
1.0,1.0,1.0,NYWN,239.0
0.9736842105263158,0.8275127319406069,0.9962506820229015,NYWN,300.0
0.9736842105263158,0.8275127319406069,0.9962506820229015,NYWN,385.0
0.9466374269005847,0.8030048718127831,0.9863861123981804,NYWN,390.0
0.9466374269005847,0.8030048718127831,0.9863861123981804,NYWN,391.0
0.9179514442672336,0.7664525070549065,0.9728209669505964,NYWN,412.0
0.9179514442672336,0.7664525070549065,0.9728209669505964,NYWN,414.0
0.8883401073553875,0.7287258070807011,0.9566680464063426,NYWN,434.0
0.8587287704435412,0.6926698605788688,0.9387843517586121,NYWN,583.0
0.8291174335316949,0.6579061667922167,0.9195496115310526,NYWN,595.0
0.8291174335316949,0.6579061667922167,0.9195496115310526,NYWN,600.0
0.8291174335316949,0.6579061667922167,0.9195496115310526,NYWN,637.0
0.8291174335316949,0.6579061667922167,0.9195496115310526,NYWN,724.0
0.8291174335316949,0.6579061667922167,0.9195496115310526,NYWN,729.0
0.8291174335316949,0.6579061667922167,0.9195496115310526,NYWN,730.0
0.8291174335316949,0.6579061667922167,0.9195496115310526,NYWN,731.0
0.8291174335316949,0.6579061667922167,0.9195496115310526,NYWN,752.0
0.8291174335316949,0.6579061667922167,0.9195496115310526,NYWN,806.0
0.7854796738721319,0.5958434939487964,0.8935053144010573,NYWN,919.0
0.7418419142125693,0.5407990822589025,0.8649648897249921,NYWN,1066.0
0.7418419142125693,0.5407990822589025,0.8649648897249921,NYWN,1070.0
0.7418419142125693,0.5407990822589025,0.8649648897249921,NYWN,1117.0
0.6923857865983978,0.4796866476885114,0.8319719476786811,NYWN,1190.0
0.6923857865983978,0.4796866476885114,0.8319719476786811,NYWN,1398.0
0.6923857865983978,0.4796866476885114,0.8319719476786811,NYWN,1455.0
0.6923857865983978,0.4796866476885114,0.8319719476786811,NYWN,1489.0
0.6294416241803618,0.40025620894349556,0.7913317985865043,NYWN,1582.0
0.6294416241803618,0.40025620894349556,0.7913317985865043,NYWN,1770.0
0.5595036659380991,0.3201282776757843,0.7437452366883046,NYWN,1797.0
0.5595036659380991,0.3201282776757843,0.7437452366883046,NYWN,1825.0
1.0,1.0,1.0,NYRT,0.0
0.9976247030878862,0.9832592417671767,0.9996650656264168,NYRT,1.0
0.9928741092636583,0.9780705561739945,0.9976961833916131,NYRT,3.0
0.9928741092636583,0.9780705561739945,0.9976961833916131,NYRT,4.0
0.9904931161958797,0.9748696043397641,0.9964212694926984,NYRT,6.0
0.9857311300603223,0.9685163616745776,0.9935642520213062,NYRT,10.0
0.9833501369925444,0.9653936601871727,0.9920276749753761,NYRT,11.0
0.9785881508569865,0.959253994735541,0.9888014608594671,NYRT,20.0
0.9762071577892086,0.9562312249681838,0.9871272128134054,NYRT,24.0
0.9738261647214301,0.9532359808395409,0.9854195071881799,NYRT,27.0
0.971445171653651,0.9502657160110781,0.9836823904602956,NYRT,29.0
0.9690641785858722,0.9473181911515836,0.9819191362734023,NYRT,33.0
0.966683185518094,0.9443914488238744,0.9801324383351332,NYRT,35.0
0.9643021924503151,0.9414837786646859,0.97832454537609,NYRT,38.0
0.9619211993825374,0.9385936826966466,0.9764973581453521,NYRT,40.0
0.9619211993825374,0.9385936826966466,0.9764973581453521,NYRT,46.0
0.9595342981433752,0.9357104827822398,0.9746488076415711,NYRT,54.0
0.9571473969042127,0.9328426435833352,0.9727838816096563,NYRT,55.0
0.9547604956650496,0.9299890983369647,0.9709038092113198,NYRT,63.0
0.9523735944258875,0.927148899749285,0.9690096675360887,NYRT,75.0
0.9499866931867246,0.9243212025680275,0.9671024068210288,NYRT,82.0
0.9475997919475623,0.9215052491693756,0.965182870523259,NYRT,86.0
0.9452128907083994,0.9187003575804379,0.9632518114753844,NYRT,99.0
0.9428259894692369,0.91590591147405,0.9613099050206754,NYRT,105.0
0.9404390882300742,0.913121351766638,0.9593577597915782,NYRT,110.0
0.9380521869909114,0.9103461695249379,0.9573959266293001,NYRT,111.0
0.9308914832734237,0.9020724301577623,0.951457089188337,NYRT,114.0
0.9285045820342607,0.899330478342777,0.94946109375621,NYRT,121.0
0.9261176807950986,0.8965959289192126,0.9474575208077683,NYRT,126.0
0.9237307795559359,0.8938684737148871,0.9454466959146895,NYRT,130.0
0.9237307795559359,0.8938684737148871,0.9454466959146895,NYRT,153.0
0.9237307795559359,0.8938684737148871,0.9454466959146895,NYRT,159.0
0.9237307795559359,0.8938684737148871,0.9454466959146895,NYRT,161.0
0.9237307795559359,0.8938684737148871,0.9454466959146895,NYRT,163.0
0.9237307795559359,0.8938684737148871,0.9454466959146895,NYRT,167.0
0.9188944927519781,0.8883478082014997,0.9413594773591665,NYRT,168.0
0.9164763493499991,0.8855977608461951,0.9393057420204471,NYRT,169.0
0.9164763493499991,0.8855977608461951,0.9393057420204471,NYRT,172.0
0.9164763493499991,0.8855977608461951,0.9393057420204471,NYRT,174.0
0.9116144058521208,0.8800820701909888,0.9351605959779171,NYRT,177.0
0.9116144058521208,0.8800820701909888,0.9351605959779171,NYRT,180.0
0.9116144058521208,0.8800820701909888,0.9351605959779171,NYRT,181.0
0.9116144058521208,0.8800820701909888,0.9351605959779171,NYRT,184.0
0.9116144058521208,0.8800820701909888,0.9351605959779171,NYRT,185.0
0.9091371927927401,0.8772708592714326,0.9330451428441149,NYRT,186.0
0.9091371927927401,0.8772708592714326,0.9330451428441149,NYRT,187.0
0.9091371927927401,0.8772708592714326,0.9330451428441149,NYRT,191.0
0.9091371927927401,0.8772708592714326,0.9330451428441149,NYRT,196.0
0.9091371927927401,0.8772708592714326,0.9330451428441149,NYRT,197.0
0.9091371927927401,0.8772708592714326,0.9330451428441149,NYRT,207.0
0.9066118117016488,0.8744007718269328,0.9308884653901466,NYRT,209.0
0.9040864306105582,0.8715377264939452,0.9287254658077828,NYRT,210.0
0.9040864306105582,0.8715377264939452,0.9287254658077828,NYRT,211.0
0.9015539756228538,0.8686718868744431,0.9265511871598869,NYRT,212.0
0.8990215206351493,0.8658126516458837,0.9243709618940197,NYRT,220.0
0.8964890656474442,0.8629597760074383,0.9221849867205287,NYRT,228.0
0.8939566106597396,0.8601130315461107,0.9199934466286447,NYRT,239.0
0.8939566106597396,0.8601130315461107,0.9199934466286447,NYRT,244.0
0.891416961197638,0.8572626382772089,0.9177911640356956,NYRT,250.0
0.8888773117355365,0.8544180461234594,0.9155836079324658,NYRT,253.0
0.8863376622734351,0.8515790628786776,0.9133709355409104,NYRT,261.0
0.8863376622734351,0.8515790628786776,0.9133709355409104,NYRT,266.0
0.8863376622734351,0.8515790628786776,0.9133709355409104,NYRT,268.0
0.8837759927292923,0.848716511534357,0.9111367573736058,NYRT,279.0
0.8812143231851488,0.8458594531243628,0.9088976173336638,NYRT,286.0
0.8786526536410058,0.8430077156227201,0.9066536542457845,NYRT,291.0
0.8760909840968629,0.8401611369835336,0.9044049997395368,NYRT,303.0
0.8735293145527205,0.83731956434421,0.9021517787608268,NYRT,304.0
0.8735293145527205,0.83731956434421,0.9021517787608268,NYRT,309.0
0.8709601106863883,0.8344730843791763,0.899888364030947,NYRT,315.0
0.8683909068200573,0.8316313991069486,0.897620573166398,NYRT,331.0
0.8658217029537255,0.8287943759805765,0.8953485152064301,NYRT,341.0
0.863252499087394,0.8259618893889937,0.8930722940461541,NYRT,343.0
0.8606832952210623,0.8231338201575866,0.8907920087690148,NYRT,344.0
0.8606832952210623,0.8231338201575866,0.8907920087690148,NYRT,345.0
0.8606832952210623,0.8231338201575866,0.8907920087690148,NYRT,349.0
0.8606832952210623,0.8231338201575866,0.8907920087690148,NYRT,355.0
0.8606832952210623,0.8231338201575866,0.8907920087690148,NYRT,356.0
0.8606832952210623,0.8231338201575866,0.8907920087690148,NYRT,357.0
0.8606832952210623,0.8231338201575866,0.8907920087690148,NYRT,359.0
0.8606832952210623,0.8231338201575866,0.8907920087690148,NYRT,362.0
0.8606832952210623,0.8231338201575866,0.8907920087690148,NYRT,363.0
0.8606832952210623,0.8231338201575866,0.8907920087690148,NYRT,364.0
0.8606832952210623,0.8231338201575866,0.8907920087690148,NYRT,365.0
0.8606832952210623,0.8231338201575866,0.8907920087690148,NYRT,366.0
0.8606832952210623,0.8231338201575866,0.8907920087690148,NYRT,367.0
0.8606832952210623,0.8231338201575866,0.8907920087690148,NYRT,370.0
0.8606832952210623,0.8231338201575866,0.8907920087690148,NYRT,371.0
0.8606832952210623,0.8231338201575866,0.8907920087690148,NYRT,372.0
0.8606832952210623,0.8231338201575866,0.8907920087690148,NYRT,373.0
0.8606832952210623,0.8231338201575866,0.8907920087690148,NYRT,374.0
0.8606832952210623,0.8231338201575866,0.8907920087690148,NYRT,375.0
0.8606832952210623,0.8231338201575866,0.8907920087690148,NYRT,376.0
0.8606832952210623,0.8231338201575866,0.8907920087690148,NYRT,377.0
0.8606832952210623,0.8231338201575866,0.8907920087690148,NYRT,378.0
0.8606832952210623,0.8231338201575866,0.8907920087690148,NYRT,379.0
0.8606832952210623,0.8231338201575866,0.8907920087690148,NYRT,380.0
0.8606832952210623,0.8231338201575866,0.8907920087690148,NYRT,381.0
0.8606832952210623,0.8231338201575866,0.8907920087690148,NYRT,383.0
0.8576527202378895,0.8197059744042107,0.8881601577968108,NYRT,386.0
0.8576527202378895,0.8197059744042107,0.8881601577968108,NYRT,388.0
0.8576527202378895,0.8197059744042107,0.8881601577968108,NYRT,389.0
0.8576527202378895,0.8197059744042107,0.8881601577968108,NYRT,391.0
0.8545676385104153,0.8162142450587259,0.8854815099388446,NYRT,392.0
0.8545676385104153,0.8162142450587259,0.8854815099388446,NYRT,394.0
0.8545676385104153,0.8162142450587259,0.8854815099388446,NYRT,395.0
0.8545676385104153,0.8162142450587259,0.8854815099388446,NYRT,396.0
0.8545676385104153,0.8162142450587259,0.8854815099388446,NYRT,398.0
0.8545676385104153,0.8162142450587259,0.8854815099388446,NYRT,400.0
0.8514025731825987,0.8126246764361155,0.8827373257956076,NYRT,401.0
0.8514025731825987,0.8126246764361155,0.8827373257956076,NYRT,409.0
0.8514025731825987,0.8126246764361155,0.8827373257956076,NYRT,410.0
0.8482137995002668,0.8090134472671466,0.8799683887470553,NYRT,412.0
0.8482137995002668,0.8090134472671466,0.8799683887470553,NYRT,414.0
0.8482137995002668,0.8090134472671466,0.8799683887470553,NYRT,415.0
0.8482137995002668,0.8090134472671466,0.8799683887470553,NYRT,432.0
0.8482137995002668,0.8090134472671466,0.8799683887470553,NYRT,438.0
0.8482137995002668,0.8090134472671466,0.8799683887470553,NYRT,444.0
0.8482137995002668,0.8090134472671466,0.8799683887470553,NYRT,445.0
0.8449514387329579,0.8053135489171914,0.8771383088768294,NYRT,448.0
0.8449514387329579,0.8053135489171914,0.8771383088768294,NYRT,452.0
0.8449514387329579,0.8053135489171914,0.8771383088768294,NYRT,453.0
0.8449514387329579,0.8053135489171914,0.8771383088768294,NYRT,454.0
0.8416508471754071,0.8015730129347246,0.8742725805291259,NYRT,462.0
0.8383502556178568,0.7978432786933987,0.8713990240922305,NYRT,470.0
0.8350496640603062,0.79412392341499,0.8685178842874675,NYRT,481.0
0.8317490725027555,0.7904145535841082,0.8656293906558927,NYRT,486.0
0.8284484809452045,0.7867148022650515,0.8627337588799351,NYRT,502.0
0.8251478893876539,0.7830243267220524,0.8598311919564134,NYRT,507.0
0.8218472978301035,0.7793428063025367,0.8569218812411783,NYRT,535.0
0.8185467062725533,0.775669940549182,0.8540060073824258,NYRT,536.0
0.8185467062725533,0.775669940549182,0.8540060073824258,NYRT,552.0
0.8152327519961458,0.7719880479846847,0.8510736698507948,NYRT,555.0
0.8119187977197392,0.7683144079239547,0.8481350117006492,NYRT,560.0
0.808604843443332,0.764648764183978,0.8451901897904649,NYRT,576.0
0.808604843443332,0.764648764183978,0.8451901897904649,NYRT,581.0
0.805277251495006,0.7609732824784942,0.8422289753230391,NYRT,586.0
0.8019496595466791,0.7573054652763019,0.8392618009979197,NYRT,590.0
0.8019496595466791,0.7573054652763019,0.8392618009979197,NYRT,603.0
0.7986082026319016,0.753627301855223,0.8362781960058044,NYRT,626.0
0.7952667457171237,0.7499565067750958,0.8332888149526695,NYRT,631.0
0.7919252888023459,0.7462928769554675,0.8302937854356438,NYRT,636.0
0.7885838318875682,0.7426362201947972,0.8272932289927311,NYRT,641.0
0.7885838318875682,0.7426362201947972,0.8272932289927311,NYRT,648.0
0.7885838318875682,0.7426362201947972,0.8272932289927311,NYRT,656.0
0.7885838318875682,0.7426362201947972,0.8272932289927311,NYRT,664.0
0.7851993519223858,0.7389316963773396,0.8242540157211857,NYRT,670.0
0.7851993519223858,0.7389316963773396,0.8242540157211857,NYRT,689.0
0.7851993519223858,0.7389316963773396,0.8242540157211857,NYRT,699.0
0.7817854416966363,0.7351967859927219,0.8211865222253566,NYRT,705.0
0.7817854416966363,0.7351967859927219,0.8211865222253566,NYRT,709.0
0.7817854416966363,0.7351967859927219,0.8211865222253566,NYRT,720.0
0.7817854416966363,0.7351967859927219,0.8211865222253566,NYRT,721.0
0.7817854416966363,0.7351967859927219,0.8211865222253566,NYRT,724.0
0.7817854416966363,0.7351967859927219,0.8211865222253566,NYRT,725.0
0.7817854416966363,0.7351967859927219,0.8211865222253566,NYRT,726.0
0.7817854416966363,0.7351967859927219,0.8211865222253566,NYRT,728.0
0.7817854416966363,0.7351967859927219,0.8211865222253566,NYRT,729.0
0.7817854416966363,0.7351967859927219,0.8211865222253566,NYRT,730.0
0.7817854416966363,0.7351967859927219,0.8211865222253566,NYRT,731.0
0.7779342818853232,0.7309048281552374,0.8177820407592488,NYRT,732.0
0.7779342818853232,0.7309048281552374,0.8177820407592488,NYRT,733.0
0.7779342818853232,0.7309048281552374,0.8177820407592488,NYRT,735.0
0.7779342818853232,0.7309048281552374,0.8177820407592488,NYRT,737.0
0.7779342818853232,0.7309048281552374,0.8177820407592488,NYRT,738.0
0.7779342818853232,0.7309048281552374,0.8177820407592488,NYRT,739.0
0.7739243113601412,0.7264156486132983,0.814251583085319,NYRT,743.0
0.7739243113601412,0.7264156486132983,0.814251583085319,NYRT,751.0
0.7698723516148,0.7218843396080711,0.8106806137154995,NYRT,754.0
0.7698723516148,0.7218843396080711,0.8106806137154995,NYRT,755.0
0.7698723516148,0.7218843396080711,0.8106806137154995,NYRT,756.0
0.7698723516148,0.7218843396080711,0.8106806137154995,NYRT,758.0
0.7698723516148,0.7218843396080711,0.8106806137154995,NYRT,760.0
0.7657108794439098,0.7172217885595331,0.8070195055232151,NYRT,761.0
0.7657108794439098,0.7172217885595331,0.8070195055232151,NYRT,763.0
0.7657108794439098,0.7172217885595331,0.8070195055232151,NYRT,767.0
0.7614569301136658,0.7124511997364802,0.8032803647416893,NYRT,770.0
0.7571549135593512,0.7076321585147574,0.7994951639476008,NYRT,773.0
0.7528528970050373,0.7028284716112544,0.7956988949178682,NYRT,777.0
0.7528528970050373,0.7028284716112544,0.7956988949178682,NYRT,785.0
0.7528528970050373,0.7028284716112544,0.7956988949178682,NYRT,795.0
0.7485011461552967,0.6979741052832786,0.7918553316104431,NYRT,797.0
0.7485011461552967,0.6979741052832786,0.7918553316104431,NYRT,803.0
0.7441239464701779,0.6931012862776871,0.7879821430687282,NYRT,805.0
0.7441239464701779,0.6931012862776871,0.7879821430687282,NYRT,810.0
0.7396946372649986,0.6881749395886394,0.7840597157896486,NYRT,818.0
0.7396946372649986,0.6881749395886394,0.7840597157896486,NYRT,820.0
0.7396946372649986,0.6881749395886394,0.7840597157896486,NYRT,829.0
0.7352116394633931,0.6831932758973909,0.780086698138469,NYRT,841.0
0.7352116394633931,0.6831932758973909,0.780086698138469,NYRT,847.0
0.7307011386077891,0.6781909205688281,0.7760821905022272,NYRT,905.0
0.7261906377521858,0.6732037326597541,0.7720665691407373,NYRT,915.0
0.721680136896582,0.6682312200319278,0.768040133237616,NYRT,946.0
0.7171696360409785,0.6632729219758425,0.7640031629921934,NYRT,948.0
0.7126591351853749,0.6583284066161542,0.7599559212355339,NYRT,961.0
0.7036381334741676,0.6484791269379259,0.75183159614432,NYRT,982.0
0.699127632618564,0.6435736232604822,0.7477549638184606,NYRT,986.0
0.6946171317629606,0.6386804199802811,0.7436689641778664,NYRT,995.0
0.6855961300517531,0.6289296594257773,0.7354696312334589,NYRT,1004.0
0.6855961300517531,0.6289296594257773,0.7354696312334589,NYRT,1032.0
0.6855961300517531,0.6289296594257773,0.7354696312334589,NYRT,1041.0
0.6810254891847416,0.6239958240150588,0.7313103073744259,NYRT,1042.0
0.6764548483177296,0.6190737554831717,0.7271419000288406,NYRT,1049.0
0.6764548483177296,0.6190737554831717,0.7271419000288406,NYRT,1050.0
0.6764548483177296,0.6190737554831717,0.7271419000288406,NYRT,1062.0
0.6764548483177296,0.6190737554831717,0.7271419000288406,NYRT,1065.0
0.6764548483177296,0.6190737554831717,0.7271419000288406,NYRT,1070.0
0.6764548483177296,0.6190737554831717,0.7271419000288406,NYRT,1072.0
0.6764548483177296,0.6190737554831717,0.7271419000288406,NYRT,1078.0
0.6764548483177296,0.6190737554831717,0.7271419000288406,NYRT,1080.0
0.6764548483177296,0.6190737554831717,0.7271419000288406,NYRT,1086.0
0.6764548483177296,0.6190737554831717,0.7271419000288406,NYRT,1087.0
0.6764548483177296,0.6190737554831717,0.7271419000288406,NYRT,1090.0
0.6764548483177296,0.6190737554831717,0.7271419000288406,NYRT,1094.0
0.6764548483177296,0.6190737554831717,0.7271419000288406,NYRT,1095.0
0.6710432095311877,0.613082801372304,0.7223345158417515,NYRT,1096.0
0.6710432095311877,0.613082801372304,0.7223345158417515,NYRT,1102.0
0.6710432095311877,0.613082801372304,0.7223345158417515,NYRT,1103.0
0.6710432095311877,0.613082801372304,0.7223345158417515,NYRT,1104.0
0.6710432095311877,0.613082801372304,0.7223345158417515,NYRT,1105.0
0.6710432095311877,0.613082801372304,0.7223345158417515,NYRT,1107.0
0.6653077974839123,0.606686442198126,0.7172777587259661,NYRT,1108.0
0.6653077974839123,0.606686442198126,0.7172777587259661,NYRT,1109.0
0.6653077974839123,0.606686442198126,0.7172777587259661,NYRT,1111.0
0.6653077974839123,0.606686442198126,0.7172777587259661,NYRT,1113.0
0.6653077974839123,0.606686442198126,0.7172777587259661,NYRT,1114.0
0.6653077974839123,0.606686442198126,0.7172777587259661,NYRT,1117.0
0.6653077974839123,0.606686442198126,0.7172777587259661,NYRT,1119.0
0.6653077974839123,0.606686442198126,0.7172777587259661,NYRT,1120.0
0.6653077974839123,0.606686442198126,0.7172777587259661,NYRT,1124.0
0.6653077974839123,0.606686442198126,0.7172777587259661,NYRT,1125.0
0.6653077974839123,0.606686442198126,0.7172777587259661,NYRT,1126.0
0.6589106071234903,0.5994242824620319,0.71174037554859,NYRT,1129.0
0.6589106071234903,0.5994242824620319,0.71174037554859,NYRT,1137.0
0.6589106071234903,0.5994242824620319,0.71174037554859,NYRT,1140.0
0.6589106071234903,0.5994242824620319,0.71174037554859,NYRT,1152.0
0.6589106071234903,0.5994242824620319,0.71174037554859,NYRT,1154.0
0.6589106071234903,0.5994242824620319,0.71174037554859,NYRT,1168.0
0.6589106071234903,0.5994242824620319,0.71174037554859,NYRT,1169.0
0.6589106071234903,0.5994242824620319,0.71174037554859,NYRT,1174.0
0.652046954965954,0.5915593783050705,0.7058605593040759,NYRT,1178.0
0.652046954965954,0.5915593783050705,0.7058605593040759,NYRT,1183.0
0.6451102852322739,0.5836446882949613,0.6998954012874152,NYRT,1226.0
0.6381736154985934,0.5757809475228797,0.6938937355617852,NYRT,1229.0
0.6312369457649127,0.5679656763835247,0.6878572505778637,NYRT,1241.0
0.6243002760312325,0.5601966358299612,0.6817874536875616,NYRT,1289.0
0.617363606297552,0.5524717972638927,0.6756856958786095,NYRT,1322.0
0.617363606297552,0.5524717972638927,0.6756856958786095,NYRT,1349.0
0.617363606297552,0.5524717972638927,0.6756856958786095,NYRT,1359.0
0.617363606297552,0.5524717972638927,0.6756856958786095,NYRT,1376.0
0.617363606297552,0.5524717972638927,0.6756856958786095,NYRT,1422.0
0.617363606297552,0.5524717972638927,0.6756856958786095,NYRT,1427.0
0.617363606297552,0.5524717972638927,0.6756856958786095,NYRT,1429.0
0.617363606297552,0.5524717972638927,0.6756856958786095,NYRT,1432.0
0.617363606297552,0.5524717972638927,0.6756856958786095,NYRT,1441.0
0.617363606297552,0.5524717972638927,0.6756856958786095,NYRT,1446.0
0.617363606297552,0.5524717972638927,0.6756856958786095,NYRT,1447.0
0.6094486882680965,0.543452182651774,0.6688946288225157,NYRT,1448.0
0.6094486882680965,0.543452182651774,0.6688946288225157,NYRT,1449.0
0.6094486882680965,0.543452182651774,0.6688946288225157,NYRT,1452.0
0.6094486882680965,0.543452182651774,0.6688946288225157,NYRT,1453.0
0.6094486882680965,0.543452182651774,0.6688946288225157,NYRT,1457.0
0.6094486882680965,0.543452182651774,0.6688946288225157,NYRT,1460.0
0.6094486882680965,0.543452182651774,0.6688946288225157,NYRT,1461.0
0.6094486882680965,0.543452182651774,0.6688946288225157,NYRT,1468.0
0.6006160985830515,0.5332055270701102,0.6614718779689737,NYRT,1470.0
0.6006160985830515,0.5332055270701102,0.6614718779689737,NYRT,1485.0
0.591651679201215,0.522870336469896,0.6538959978397012,NYRT,1493.0
0.591651679201215,0.522870336469896,0.6538959978397012,NYRT,1503.0
0.591651679201215,0.522870336469896,0.6538959978397012,NYRT,1509.0
0.5824071217136961,0.5122361202179372,0.6460747310317044,NYRT,1515.0
0.5824071217136961,0.5122361202179372,0.6460747310317044,NYRT,1524.0
0.5824071217136961,0.5122361202179372,0.6460747310317044,NYRT,1546.0
0.5727003363518015,0.5010487409134731,0.6378927994004514,NYRT,1616.0
0.5727003363518015,0.5010487409134731,0.6378927994004514,NYRT,1675.0
0.5628261926215983,0.48974247113257624,0.6295224934042072,NYRT,1694.0
0.5529520488913949,0.47855561575090144,0.6210667222080991,NYRT,1705.0
0.5430779051611914,0.46748115916367544,0.6125304098883807,NYRT,1781.0
0.5430779051611914,0.46748115916367544,0.6125304098883807,NYRT,1786.0
0.5430779051611914,0.46748115916367544,0.6125304098883807,NYRT,1787.0
0.5430779051611914,0.46748115916367544,0.6125304098883807,NYRT,1796.0
0.5430779051611914,0.46748115916367544,0.6125304098883807,NYRT,1802.0
0.5430779051611914,0.46748115916367544,0.6125304098883807,NYRT,1804.0
0.5430779051611914,0.46748115916367544,0.6125304098883807,NYRT,1805.0
0.5430779051611914,0.46748115916367544,0.6125304098883807,NYRT,1808.0
0.5430779051611914,0.46748115916367544,0.6125304098883807,NYRT,1810.0
0.5430779051611914,0.46748115916367544,0.6125304098883807,NYRT,1811.0
0.5430779051611914,0.46748115916367544,0.6125304098883807,NYRT,1817.0
0.5430779051611914,0.46748115916367544,0.6125304098883807,NYRT,1821.0
0.5430779051611914,0.46748115916367544,0.6125304098883807,NYRT,1824.0
0.5430779051611914,0.46748115916367544,0.6125304098883807,NYRT,1825.0
1.0,1.0,1.0,NYFL,0.0
0.9827586206896555,0.8838496828472895,0.9975531971818061,NYFL,4.0
0.9655172413793109,0.8690796942581288,0.9912627607922903,NYFL,6.0
0.948275862068966,0.8481543908403877,0.983019051363355,NYFL,26.0
0.931034482758621,0.8265990224625888,0.9735420763637214,NYFL,50.0
0.9137931034482762,0.8052076687313414,0.9631826121362591,NYFL,76.0
0.8965517241379314,0.7841451861064989,0.9521435697159841,NYFL,102.0
0.8793103448275864,0.7634356663398536,0.9405551807602819,NYFL,153.0
0.8620689655172415,0.7430656156410053,0.9285070661372136,NYFL,177.0
0.8620689655172415,0.7430656156410053,0.9285070661372136,NYFL,181.0
0.8620689655172415,0.7430656156410053,0.9285070661372136,NYFL,212.0
0.8620689655172415,0.7430656156410053,0.9285070661372136,NYFL,227.0
0.8620689655172415,0.7430656156410053,0.9285070661372136,NYFL,266.0
0.8433283358320839,0.7203585626602554,0.9152829032767309,NYFL,294.0
0.8433283358320839,0.7203585626602554,0.9152829032767309,NYFL,359.0
0.8433283358320839,0.7203585626602554,0.9152829032767309,NYFL,364.0
0.8433283358320839,0.7203585626602554,0.9152829032767309,NYFL,366.0
0.8433283358320839,0.7203585626602554,0.9152829032767309,NYFL,369.0
0.8433283358320839,0.7203585626602554,0.9152829032767309,NYFL,396.0
0.8217045323492099,0.692994165185592,0.9001873834179871,NYFL,415.0
0.8217045323492099,0.692994165185592,0.9001873834179871,NYFL,435.0
0.8217045323492099,0.692994165185592,0.9001873834179871,NYFL,443.0
0.8217045323492099,0.692994165185592,0.9001873834179871,NYFL,450.0
0.7982272599963757,0.6632754473333441,0.8836424812378155,NYFL,559.0
0.774749987643541,0.6347471101820052,0.866492758042846,NYFL,622.0
0.7512727152907064,0.6071683921383749,0.848808949619702,NYFL,658.0
0.7277954429378718,0.5803775266545578,0.8306437881304918,NYFL,691.0
0.7277954429378718,0.5803775266545578,0.8306437881304918,NYFL,704.0
0.7277954429378718,0.5803775266545578,0.8306437881304918,NYFL,720.0
0.7277954429378718,0.5803775266545578,0.8306437881304918,NYFL,723.0
0.7277954429378718,0.5803775266545578,0.8306437881304918,NYFL,730.0
0.7277954429378718,0.5803775266545578,0.8306437881304918,NYFL,738.0
0.7277954429378718,0.5803775266545578,0.8306437881304918,NYFL,744.0
0.6986836252203572,0.5450334772025405,0.8090996109735509,NYFL,858.0
0.6695718075028422,0.5112479928627147,0.7867701922572125,NYFL,954.0
0.6695718075028422,0.5112479928627147,0.7867701922572125,NYFL,1096.0
0.6695718075028422,0.5112479928627147,0.7867701922572125,NYFL,1110.0
0.6695718075028422,0.5112479928627147,0.7867701922572125,NYFL,1112.0
0.6695718075028422,0.5112479928627147,0.7867701922572125,NYFL,1123.0
0.6695718075028422,0.5112479928627147,0.7867701922572125,NYFL,1429.0
0.6695718075028422,0.5112479928627147,0.7867701922572125,NYFL,1435.0
0.6695718075028422,0.5112479928627147,0.7867701922572125,NYFL,1455.0
0.6695718075028422,0.5112479928627147,0.7867701922572125,NYFL,1458.0
0.6695718075028422,0.5112479928627147,0.7867701922572125,NYFL,1467.0
0.6695718075028422,0.5112479928627147,0.7867701922572125,NYFL,1477.0
0.6695718075028422,0.5112479928627147,0.7867701922572125,NYFL,1791.0
0.6695718075028422,0.5112479928627147,0.7867701922572125,NYFL,1823.0
0.6695718075028422,0.5112479928627147,0.7867701922572125,NYFL,1825.0
1.0,1.0,1.0,NYAP,0.0
0.9910714285714287,0.938314923797107,0.9987374477982387,NYAP,17.0
0.9821428571428579,0.9304869472247367,0.995503836686846,NYAP,22.0
0.9732142857142858,0.9192598452565474,0.9912817551163855,NYAP,25.0
0.9732142857142858,0.9192598452565474,0.9912817551163855,NYAP,38.0
0.9732142857142858,0.9192598452565474,0.9912817551163855,NYAP,77.0
0.9641188251001338,0.9072166265138675,0.9863812534619535,NYAP,78.0
0.9550233644859816,0.8953095531047496,0.9810315328486512,NYAP,120.0
0.9550233644859816,0.8953095531047496,0.9810315328486512,NYAP,166.0
0.9550233644859816,0.8953095531047496,0.9810315328486512,NYAP,171.0
0.9550233644859816,0.8953095531047496,0.9810315328486512,NYAP,175.0
0.9550233644859816,0.8953095531047496,0.9810315328486512,NYAP,178.0
0.9550233644859816,0.8953095531047496,0.9810315328486512,NYAP,181.0
0.9550233644859816,0.8953095531047496,0.9810315328486512,NYAP,182.0
0.9550233644859816,0.8953095531047496,0.9810315328486512,NYAP,193.0
0.9550233644859816,0.8953095531047496,0.9810315328486512,NYAP,194.0
0.9550233644859816,0.8953095531047496,0.9810315328486512,NYAP,198.0
0.9449704869650765,0.8814769776185067,0.9749247598607936,NYAP,224.0
0.9449704869650765,0.8814769776185067,0.9749247598607936,NYAP,260.0
0.9449704869650765,0.8814769776185067,0.9749247598607936,NYAP,264.0
0.9449704869650765,0.8814769776185067,0.9749247598607936,NYAP,351.0
0.9449704869650765,0.8814769776185067,0.9749247598607936,NYAP,360.0
0.9449704869650765,0.8814769776185067,0.9749247598607936,NYAP,361.0
0.9449704869650765,0.8814769776185067,0.9749247598607936,NYAP,363.0
0.9449704869650765,0.8814769776185067,0.9749247598607936,NYAP,365.0
0.9449704869650765,0.8814769776185067,0.9749247598607936,NYAP,369.0
0.9449704869650765,0.8814769776185067,0.9749247598607936,NYAP,378.0
0.9449704869650765,0.8814769776185067,0.9749247598607936,NYAP,382.0
0.9449704869650765,0.8814769776185067,0.9749247598607936,NYAP,384.0
0.9449704869650765,0.8814769776185067,0.9749247598607936,NYAP,390.0
0.9449704869650765,0.8814769776185067,0.9749247598607936,NYAP,391.0
0.9449704869650765,0.8814769776185067,0.9749247598607936,NYAP,392.0
0.9449704869650765,0.8814769776185067,0.9749247598607936,NYAP,393.0
0.9449704869650765,0.8814769776185067,0.9749247598607936,NYAP,411.0
0.9449704869650765,0.8814769776185067,0.9749247598607936,NYAP,413.0
0.9325366647681673,0.8627604499547084,0.9674915266216286,NYAP,414.0
0.9325366647681673,0.8627604499547084,0.9674915266216286,NYAP,427.0
0.9325366647681673,0.8627604499547084,0.9674915266216286,NYAP,439.0
0.9197621899083296,0.8444826593585923,0.9594578475848282,NYAP,464.0
0.9069877150484916,0.8271032445126235,0.9510309000698658,NYAP,468.0
0.894213240188654,0.8103618434341302,0.9422786676375132,NYAP,517.0
0.881438765328816,0.7941041791067374,0.9332494667428356,NYAP,565.0
0.8686642904689781,0.7782312187695933,0.9239793617612729,NYAP,600.0
0.8558898156091397,0.7626754038952648,0.9144962227480204,NYAP,646.0
0.8431153407493018,0.7473884087175167,0.9048221589959625,NYAP,657.0
0.8303408658894639,0.7323343367791646,0.8949750751594189,NYAP,666.0
0.8303408658894639,0.7323343367791646,0.8949750751594189,NYAP,699.0
0.8303408658894639,0.7323343367791646,0.8949750751594189,NYAP,704.0
0.8169482712783436,0.7164979494859194,0.8846063581554588,NYAP,710.0
0.8169482712783436,0.7164979494859194,0.8846063581554588,NYAP,714.0
0.8169482712783436,0.7164979494859194,0.8846063581554588,NYAP,716.0
0.8169482712783436,0.7164979494859194,0.8846063581554588,NYAP,723.0
0.8169482712783436,0.7164979494859194,0.8846063581554588,NYAP,727.0
0.8169482712783436,0.7164979494859194,0.8846063581554588,NYAP,729.0
0.8169482712783436,0.7164979494859194,0.8846063581554588,NYAP,734.0
0.8169482712783436,0.7164979494859194,0.8846063581554588,NYAP,735.0
0.8169482712783436,0.7164979494859194,0.8846063581554588,NYAP,739.0
0.8169482712783436,0.7164979494859194,0.8846063581554588,NYAP,749.0
0.8169482712783436,0.7164979494859194,0.8846063581554588,NYAP,761.0
0.8169482712783436,0.7164979494859194,0.8846063581554588,NYAP,763.0
0.8169482712783436,0.7164979494859194,0.8846063581554588,NYAP,778.0
0.8169482712783436,0.7164979494859194,0.8846063581554588,NYAP,808.0
0.8169482712783436,0.7164979494859194,0.8846063581554588,NYAP,815.0
0.7987938652499359,0.6927740452184048,0.8715364487074616,NYAP,875.0
0.7806394592215283,0.6698840759049716,0.8580719874890249,NYAP,897.0
0.7624850531931208,0.6476763239708251,0.8442622057532613,NYAP,961.0
0.7443306471647132,0.6260417564879865,0.8301434420988003,NYAP,970.0
0.7261762411363054,0.6048996107901998,0.8157435437581044,NYAP,973.0
0.7080218351078977,0.5841885707673062,0.8010844448505317,NYAP,999.0
0.7080218351078977,0.5841885707673062,0.8010844448505317,NYAP,1072.0
0.6893896815524267,0.5631423784587603,0.7858990207846013,NYAP,1082.0
0.6893896815524267,0.5631423784587603,0.7858990207846013,NYAP,1083.0
0.6893896815524267,0.5631423784587603,0.7858990207846013,NYAP,1091.0
0.6893896815524267,0.5631423784587603,0.7858990207846013,NYAP,1092.0
0.6893896815524267,0.5631423784587603,0.7858990207846013,NYAP,1093.0
0.6893896815524267,0.5631423784587603,0.7858990207846013,NYAP,1097.0
0.667151304728155,0.5369322163818713,0.768423227370977,NYAP,1100.0
0.667151304728155,0.5369322163818713,0.768423227370977,NYAP,1101.0
0.667151304728155,0.5369322163818713,0.768423227370977,NYAP,1104.0
0.667151304728155,0.5369322163818713,0.768423227370977,NYAP,1116.0
0.667151304728155,0.5369322163818713,0.768423227370977,NYAP,1121.0
0.667151304728155,0.5369322163818713,0.768423227370977,NYAP,1154.0
0.667151304728155,0.5369322163818713,0.768423227370977,NYAP,1169.0
0.6381447262617136,0.5003112942448995,0.7472490009680167,NYAP,1305.0
0.6381447262617136,0.5003112942448995,0.7472490009680167,NYAP,1405.0
0.6381447262617136,0.5003112942448995,0.7472490009680167,NYAP,1421.0
0.6381447262617136,0.5003112942448995,0.7472490009680167,NYAP,1430.0
0.6381447262617136,0.5003112942448995,0.7472490009680167,NYAP,1441.0
0.6381447262617136,0.5003112942448995,0.7472490009680167,NYAP,1452.0
0.6381447262617136,0.5003112942448995,0.7472490009680167,NYAP,1463.0
0.6381447262617136,0.5003112942448995,0.7472490009680167,NYAP,1477.0
0.6381447262617136,0.5003112942448995,0.7472490009680167,NYAP,1718.0
0.6381447262617136,0.5003112942448995,0.7472490009680167,NYAP,1798.0
0.6381447262617136,0.5003112942448995,0.7472490009680167,NYAP,1809.0
0.6381447262617136,0.5003112942448995,0.7472490009680167,NYAP,1821.0
0.6381447262617136,0.5003112942448995,0.7472490009680167,NYAP,1823.0
0.6381447262617136,0.5003112942448995,0.7472490009680167,NYAP,1825.0
0.9963898916967504,0.9746519790244565,0.9994906776793518,NVLV,0.0
0.9927797833935021,0.9714413289708694,0.9981893369615603,NVLV,2.0
0.9891696750902529,0.966800099448392,0.9964941149932156,NVLV,8.0
0.9855595667870036,0.9619853593644853,0.9945556565262308,NVLV,10.0
0.9819494584837549,0.9571801320121219,0.9924469876069294,NVLV,12.0
0.9783393501805056,0.952424342449878,0.9902101741160536,NVLV,13.0
0.9747292418772565,0.9477254178582627,0.9878721238573965,NVLV,21.0
0.9711191335740071,0.9430817937001226,0.9854513086014676,NVLV,22.0
0.9675090252707579,0.9384894164180424,0.9829610729514043,NVLV,31.0
0.9638989169675091,0.9339437943195058,0.9804114377191017,NVLV,32.0
0.9638989169675091,0.9339437943195058,0.9804114377191017,NVLV,72.0
0.9602752368285333,0.9294166627797079,0.9778025983539185,NVLV,77.0
0.9566515566895577,0.9249294603901143,0.9751478586976178,NVLV,87.0
0.9530278765505824,0.9204785445744976,0.9724522564626452,NVLV,98.0
0.9494041964116064,0.9160607635827295,0.9697199374105977,NVLV,102.0
0.9457805162726314,0.9116733834113538,0.9669543629391145,NVLV,109.0
0.9421568361336553,0.9073140224199197,0.9641584592520018,NVLV,139.0
0.9385331559946796,0.9029805956922405,0.9613347270573339,NVLV,141.0
0.9385331559946796,0.9029805956922405,0.9613347270573339,NVLV,152.0
0.9348954305838477,0.8986494815477692,0.9584764034290688,NVLV,174.0
0.9348954305838477,0.8986494815477692,0.9584764034290688,NVLV,175.0
0.9348954305838477,0.8986494815477692,0.9584764034290688,NVLV,176.0
0.9348954305838477,0.8986494815477692,0.9584764034290688,NVLV,177.0
0.9348954305838477,0.8986494815477692,0.9584764034290688,NVLV,179.0
0.9348954305838477,0.8986494815477692,0.9584764034290688,NVLV,180.0
0.9348954305838477,0.8986494815477692,0.9584764034290688,NVLV,182.0
0.9348954305838477,0.8986494815477692,0.9584764034290688,NVLV,183.0
0.9348954305838477,0.8986494815477692,0.9584764034290688,NVLV,184.0
0.9348954305838477,0.8986494815477692,0.9584764034290688,NVLV,191.0
0.9348954305838477,0.8986494815477692,0.9584764034290688,NVLV,193.0
0.9310481242851493,0.8940162613111671,0.9554610532308224,NVLV,194.0
0.9272008179864498,0.8894135591593788,0.9524195991604072,NVLV,202.0
0.923353511687751,0.884838879927586,0.9493538546970651,NVLV,209.0
0.9195062053890525,0.8802900770703078,0.9462654192130511,NVLV,210.0
0.9195062053890525,0.8802900770703078,0.9462654192130511,NVLV,220.0
0.9195062053890525,0.8802900770703078,0.9462654192130511,NVLV,233.0
0.9195062053890525,0.8802900770703078,0.9462654192130511,NVLV,237.0
0.9156099926543526,0.8756920269556672,0.9431236004631596,NVLV,239.0
0.9156099926543526,0.8756920269556672,0.9431236004631596,NVLV,241.0
0.9156099926543526,0.8756920269556672,0.9431236004631596,NVLV,254.0
0.9116803360335188,0.8710682448867677,0.9399389401931824,NVLV,255.0
0.9077506794126845,0.8664679799758628,0.9367342315799434,NVLV,258.0
0.9038210227918508,0.861889687715015,0.9335105884238531,NVLV,263.0
0.8998913661710167,0.8573320014564417,0.9302690159804001,NVLV,275.0
0.8959617095501826,0.8527937047215113,0.9270104252712822,NVLV,290.0
0.8920320529293484,0.8482737088410359,0.9237356450454636,NVLV,316.0
0.8920320529293484,0.8482737088410359,0.9237356450454636,NVLV,322.0
0.8920320529293484,0.8482737088410359,0.9237356450454636,NVLV,330.0
0.88806746602744,0.8437215621526766,0.9204211886104839,NVLV,333.0
0.88806746602744,0.8437215621526766,0.9204211886104839,NVLV,345.0
0.8840851007089311,0.8391615977883735,0.9170791960585192,NVLV,346.0
0.8801027353904222,0.8346183963110043,0.9137225280091972,NVLV,353.0
0.8801027353904222,0.8346183963110043,0.9137225280091972,NVLV,354.0
0.8801027353904222,0.8346183963110043,0.9137225280091972,NVLV,357.0
0.8801027353904222,0.8346183963110043,0.9137225280091972,NVLV,358.0
0.8801027353904222,0.8346183963110043,0.9137225280091972,NVLV,360.0
0.8801027353904222,0.8346183963110043,0.9137225280091972,NVLV,361.0
0.8801027353904222,0.8346183963110043,0.9137225280091972,NVLV,362.0
0.8801027353904222,0.8346183963110043,0.9137225280091972,NVLV,363.0
0.8801027353904222,0.8346183963110043,0.9137225280091972,NVLV,364.0
0.8801027353904222,0.8346183963110043,0.9137225280091972,NVLV,365.0
0.8801027353904222,0.8346183963110043,0.9137225280091972,NVLV,366.0
0.8801027353904222,0.8346183963110043,0.9137225280091972,NVLV,368.0
0.8801027353904222,0.8346183963110043,0.9137225280091972,NVLV,369.0
0.8801027353904222,0.8346183963110043,0.9137225280091972,NVLV,370.0
0.8753454233072313,0.8289763264142117,0.9098247596454445,NVLV,374.0
0.8753454233072313,0.8289763264142117,0.9098247596454445,NVLV,375.0
0.8753454233072313,0.8289763264142117,0.9098247596454445,NVLV,376.0
0.8753454233072313,0.8289763264142117,0.9098247596454445,NVLV,377.0
0.8753454233072313,0.8289763264142117,0.9098247596454445,NVLV,379.0
0.8704277523897748,0.8231328978699942,0.9057979310436302,NVLV,386.0
0.8704277523897748,0.8231328978699942,0.9057979310436302,NVLV,389.0
0.8654821401602881,0.8172869586571491,0.9017275048487773,NVLV,394.0
0.8654821401602881,0.8172869586571491,0.9017275048487773,NVLV,395.0
0.8654821401602881,0.8172869586571491,0.9017275048487773,NVLV,397.0
0.8654821401602881,0.8172869586571491,0.9017275048487773,NVLV,400.0
0.8654821401602881,0.8172869586571491,0.9017275048487773,NVLV,404.0
0.8604208410950231,0.811308008371606,0.8975563488358406,NVLV,420.0
0.8553595420297581,0.8053670276818087,0.8933602588346927,NVLV,421.0
0.8553595420297581,0.8053670276818087,0.8933602588346927,NVLV,422.0
0.8553595420297581,0.8053670276818087,0.8933602588346927,NVLV,423.0
0.8553595420297581,0.8053670276818087,0.8933602588346927,NVLV,428.0
0.850206773704277,0.7993287148695222,0.8890793895025024,NVLV,429.0
0.850206773704277,0.7993287148695222,0.8890793895025024,NVLV,430.0
0.850206773704277,0.7993287148695222,0.8890793895025024,NVLV,444.0
0.850206773704277,0.7993287148695222,0.8890793895025024,NVLV,450.0
0.8449585837431399,0.793188124611335,0.8847107355146401,NVLV,451.0
0.8449585837431399,0.793188124611335,0.8847107355146401,NVLV,452.0
0.8396443788139378,0.7869886574902231,0.880273541448471,NVLV,475.0
0.8343301738847353,0.780825080650117,0.8758122894803886,NVLV,478.0
0.8290159689555335,0.7746951618231914,0.8713281064707343,NVLV,504.0
0.8237017640263314,0.768596908841977,0.8668220140620859,NVLV,545.0
0.8183875590971296,0.7625285360759213,0.8622949423481803,NVLV,546.0
0.8130733541679269,0.7564884365603812,0.8577477412644502,NVLV,552.0
0.807759149238725,0.7504751586984846,0.8531811901565106,NVLV,579.0
0.8024449443095227,0.7444873866647518,0.8485960058774559,NVLV,583.0
0.7971307393803205,0.7385239238268152,0.8439928496867395,NVLV,585.0
0.7918165344511185,0.7325836786442894,0.8393723331647873,NVLV,595.0
0.7865023295219161,0.7266656526135779,0.8347350233130982,NVLV,612.0
0.781188124592714,0.7207689299124114,0.8300814469755486,NVLV,639.0
0.775873919663512,0.7148926684643224,0.8254120946902752,NVLV,640.0
0.775873919663512,0.7148926684643224,0.8254120946902752,NVLV,642.0
0.775873919663512,0.7148926684643224,0.8254120946902752,NVLV,644.0
0.7704859063325151,0.7089383434470246,0.8206732560511897,NVLV,660.0
0.7650978930015189,0.703004211678164,0.8159188093394695,NVLV,664.0
0.7650978930015189,0.703004211678164,0.8159188093394695,NVLV,684.0
0.7596716668100183,0.6970392815210837,0.8111209619463238,NVLV,693.0
0.7542454406185183,0.6910937425542397,0.8063079824241655,NVLV,697.0
0.7542454406185183,0.6910937425542397,0.8063079824241655,NVLV,698.0
0.7542454406185183,0.6910937425542397,0.8063079824241655,NVLV,703.0
0.7487399994461205,0.6850634060658991,0.801421415784056,NVLV,705.0
0.7487399994461205,0.6850634060658991,0.801421415784056,NVLV,706.0
0.7487399994461205,0.6850634060658991,0.801421415784056,NVLV,716.0
0.7431523875099555,0.6789450381045298,0.7964587465262263,NVLV,719.0
0.7374794685213301,0.6727352025468087,0.7914173038689308,NVLV,720.0
0.7374794685213301,0.6727352025468087,0.7914173038689308,NVLV,722.0
0.7374794685213301,0.6727352025468087,0.7914173038689308,NVLV,726.0
0.7374794685213301,0.6727352025468087,0.7914173038689308,NVLV,727.0
0.7374794685213301,0.6727352025468087,0.7914173038689308,NVLV,729.0
0.7374794685213301,0.6727352025468087,0.7914173038689308,NVLV,730.0
0.7374794685213301,0.6727352025468087,0.7914173038689308,NVLV,731.0
0.7374794685213301,0.6727352025468087,0.7914173038689308,NVLV,732.0
0.7374794685213301,0.6727352025468087,0.7914173038689308,NVLV,733.0
0.7312296425169119,0.6657821828503996,0.7859395566862858,NVLV,737.0
0.7312296425169119,0.6657821828503996,0.7859395566862858,NVLV,739.0
0.7248711238863301,0.6587139381625606,0.7803620937569451,NVLV,747.0
0.7248711238863301,0.6587139381625606,0.7803620937569451,NVLV,759.0
0.7183990602802023,0.6515250350370878,0.7746808284695282,NVLV,766.0
0.7119269966740747,0.6443686635054595,0.7689762818801393,NVLV,768.0
0.7119269966740747,0.6443686635054595,0.7689762818801393,NVLV,769.0
0.7119269966740747,0.6443686635054595,0.7689762818801393,NVLV,774.0
0.7119269966740747,0.6443686635054595,0.7689762818801393,NVLV,775.0
0.7119269966740747,0.6443686635054595,0.7689762818801393,NVLV,778.0
0.7119269966740747,0.6443686635054595,0.7689762818801393,NVLV,793.0
0.6983664824517116,0.6293306597683603,0.7570553030301787,NVLV,809.0
0.6983664824517116,0.6293306597683603,0.7570553030301787,NVLV,862.0
0.6983664824517116,0.6293306597683603,0.7570553030301787,NVLV,912.0
0.691451962823477,0.6216858105970631,0.7509607702179705,NVLV,1005.0
0.6845374431952419,0.6140775046605883,0.7448401034189043,NVLV,1011.0
0.6845374431952419,0.6140775046605883,0.7448401034189043,NVLV,1028.0
0.6845374431952419,0.6140775046605883,0.7448401034189043,NVLV,1032.0
0.6845374431952419,0.6140775046605883,0.7448401034189043,NVLV,1034.0
0.6774068448286248,0.6062172858289505,0.7385391874730279,NVLV,1036.0
0.6774068448286248,0.6062172858289505,0.7385391874730279,NVLV,1045.0
0.6702003890325758,0.5982947245812686,0.7321564675610714,NVLV,1056.0
0.6702003890325758,0.5982947245812686,0.7321564675610714,NVLV,1066.0
0.6702003890325758,0.5982947245812686,0.7321564675610714,NVLV,1076.0
0.662753718043325,0.5900914061761984,0.7255746286912279,NVLV,1077.0
0.662753718043325,0.5900914061761984,0.7255746286912279,NVLV,1079.0
0.662753718043325,0.5900914061761984,0.7255746286912279,NVLV,1081.0
0.662753718043325,0.5900914061761984,0.7255746286912279,NVLV,1089.0
0.662753718043325,0.5900914061761984,0.7255746286912279,NVLV,1093.0
0.662753718043325,0.5900914061761984,0.7255746286912279,NVLV,1095.0
0.662753718043325,0.5900914061761984,0.7255746286912279,NVLV,1096.0
0.662753718043325,0.5900914061761984,0.7255746286912279,NVLV,1097.0
0.662753718043325,0.5900914061761984,0.7255746286912279,NVLV,1098.0
0.662753718043325,0.5900914061761984,0.7255746286912279,NVLV,1109.0
0.662753718043325,0.5900914061761984,0.7255746286912279,NVLV,1111.0
0.662753718043325,0.5900914061761984,0.7255746286912279,NVLV,1119.0
0.662753718043325,0.5900914061761984,0.7255746286912279,NVLV,1138.0
0.6535488052927232,0.5795046891043221,0.7177774844587729,NVLV,1152.0
0.6443438925421217,0.5690144241176884,0.7099153657268275,NVLV,1174.0
0.6351389797915199,0.5586148400834037,0.7019917248589966,NVLV,1218.0
0.6351389797915199,0.5586148400834037,0.7019917248589966,NVLV,1298.0
0.6351389797915199,0.5586148400834037,0.7019917248589966,NVLV,1358.0
0.6351389797915199,0.5586148400834037,0.7019917248589966,NVLV,1389.0
0.6351389797915199,0.5586148400834037,0.7019917248589966,NVLV,1402.0
0.6351389797915199,0.5586148400834037,0.7019917248589966,NVLV,1422.0
0.6351389797915199,0.5586148400834037,0.7019917248589966,NVLV,1423.0
0.6351389797915199,0.5586148400834037,0.7019917248589966,NVLV,1424.0
0.6351389797915199,0.5586148400834037,0.7019917248589966,NVLV,1439.0
0.6351389797915199,0.5586148400834037,0.7019917248589966,NVLV,1441.0
0.6351389797915199,0.5586148400834037,0.7019917248589966,NVLV,1442.0
0.6351389797915199,0.5586148400834037,0.7019917248589966,NVLV,1449.0
0.6351389797915199,0.5586148400834037,0.7019917248589966,NVLV,1450.0
0.6351389797915199,0.5586148400834037,0.7019917248589966,NVLV,1457.0
0.6351389797915199,0.5586148400834037,0.7019917248589966,NVLV,1458.0
0.6351389797915199,0.5586148400834037,0.7019917248589966,NVLV,1460.0
0.6351389797915199,0.5586148400834037,0.7019917248589966,NVLV,1467.0
0.6226852743054117,0.543523065565987,0.6920699331962413,NVLV,1470.0
0.6102315688193034,0.5286931972226296,0.6819735072951918,NVLV,1477.0
0.5975184111355677,0.513712248629811,0.6715716106399675,NVLV,1510.0
0.5975184111355677,0.513712248629811,0.6715716106399675,NVLV,1511.0
0.5845288804587074,0.49855720519399815,0.660853741190768,NVLV,1624.0
0.5845288804587074,0.49855720519399815,0.660853741190768,NVLV,1709.0
0.5845288804587074,0.49855720519399815,0.660853741190768,NVLV,1711.0
0.5845288804587074,0.49855720519399815,0.660853741190768,NVLV,1718.0
0.5845288804587074,0.49855720519399815,0.660853741190768,NVLV,1799.0
0.5845288804587074,0.49855720519399815,0.660853741190768,NVLV,1802.0
0.5845288804587074,0.49855720519399815,0.660853741190768,NVLV,1803.0
0.5691465414992677,0.480016856269748,0.6486744484569977,NVLV,1806.0
0.5691465414992677,0.480016856269748,0.6486744484569977,NVLV,1810.0
0.5691465414992677,0.480016856269748,0.6486744484569977,NVLV,1811.0
0.5691465414992677,0.480016856269748,0.6486744484569977,NVLV,1821.0
0.5691465414992677,0.480016856269748,0.6486744484569977,NVLV,1825.0
1.0,1.0,1.0,NMOP,0.0
0.9666666666666667,0.7860836040193636,0.9952363395766828,NMOP,1.0
0.9333333333333331,0.758858785624848,0.9828977203539492,NMOP,24.0
0.9,0.7211929022579642,0.9666070369914564,NMOP,37.0
0.8666666666666667,0.682769405339517,0.947751065460086,NMOP,160.0
0.8666666666666667,0.682769405339517,0.947751065460086,NMOP,182.0
0.8666666666666667,0.682769405339517,0.947751065460086,NMOP,183.0
0.8666666666666667,0.682769405339517,0.947751065460086,NMOP,354.0
0.828985507246377,0.6360072159062955,0.9252149601946819,NMOP,415.0
0.828985507246377,0.6360072159062955,0.9252149601946819,NMOP,449.0
0.7895100069013113,0.5885808583398993,0.8999787486728995,NMOP,519.0
0.7895100069013113,0.5885808583398993,0.8999787486728995,NMOP,717.0
0.7895100069013113,0.5885808583398993,0.8999787486728995,NMOP,730.0
0.7895100069013113,0.5885808583398993,0.8999787486728995,NMOP,731.0
0.7895100069013113,0.5885808583398993,0.8999787486728995,NMOP,749.0
0.7895100069013113,0.5885808583398993,0.8999787486728995,NMOP,810.0
0.7368760064412238,0.5184316091737926,0.8676960669769345,NMOP,826.0
0.6842420059811365,0.45655459582619795,0.8322405907704913,NMOP,919.0
0.6842420059811365,0.45655459582619795,0.8322405907704913,NMOP,1026.0
0.6272218388160418,0.3929180780732728,0.792219428086037,NMOP,1061.0
0.5702016716509472,0.3351627119893454,0.749243226315477,NMOP,1069.0
0.5702016716509472,0.3351627119893454,0.749243226315477,NMOP,1094.0
0.5702016716509472,0.3351627119893454,0.749243226315477,NMOP,1403.0
0.5702016716509472,0.3351627119893454,0.749243226315477,NMOP,1461.0
0.5702016716509472,0.3351627119893454,0.749243226315477,NMOP,1486.0
0.5702016716509472,0.3351627119893454,0.749243226315477,NMOP,1817.0
0.5702016716509472,0.3351627119893454,0.749243226315477,NMOP,1825.0
1.0,1.0,1.0,NJTO,0.0
0.9954128440366976,0.9678873983348193,0.9993525614073325,NJTO,6.0
0.9862385321100916,0.9579448361284874,0.9955408217904963,NJTO,11.0
0.9862385321100916,0.9579448361284874,0.9955408217904963,NJTO,15.0
0.9816299408385497,0.9517987417654017,0.9930655971694516,NJTO,17.0
0.9770213495670067,0.9456781836292941,0.9903710277942319,NJTO,21.0
0.9724127582954646,0.9396278803344411,0.9875111302303373,NJTO,30.0
0.9678041670239217,0.9336547083665218,0.9845204556159338,NJTO,51.0
0.9631955757523794,0.9277553741162007,0.9814227234541036,NJTO,75.0
0.9585869844808369,0.9219239754773755,0.9782350707629092,NJTO,76.0
0.9539783932092942,0.9161543329964265,0.9749703675417835,NJTO,94.0
0.9493698019377521,0.9104407158025415,0.9716385774695246,NJTO,96.0
0.9401526193946667,0.8991618056968645,0.9648038515970002,NJTO,118.0
0.9355440281231243,0.8935881600371881,0.9613125849363324,NJTO,135.0
0.9309354368515823,0.8880536976420729,0.9577782073777854,NJTO,153.0
0.9263268455800395,0.8825554506211459,0.9542044417619463,NJTO,158.0
0.9217182543084967,0.8770908124284877,0.9505944708809687,NJTO,164.0
0.9171096630369544,0.8716574835726015,0.946951041724154,NJTO,166.0
0.9171096630369544,0.8716574835726015,0.946951041724154,NJTO,174.0
0.9171096630369544,0.8716574835726015,0.946951041724154,NJTO,179.0
0.9171096630369544,0.8716574835726015,0.946951041724154,NJTO,180.0
0.9171096630369544,0.8716574835726015,0.946951041724154,NJTO,182.0
0.9171096630369544,0.8716574835726015,0.946951041724154,NJTO,187.0
0.9171096630369544,0.8716574835726015,0.946951041724154,NJTO,188.0
0.9171096630369544,0.8716574835726015,0.946951041724154,NJTO,193.0
0.9171096630369544,0.8716574835726015,0.946951041724154,NJTO,209.0
0.9122572309573936,0.8658789604574195,0.9431208885073896,NJTO,225.0
0.9074047988778332,0.8601383277946032,0.9392573561789929,NJTO,252.0
0.9074047988778332,0.8601383277946032,0.9392573561789929,NJTO,258.0
0.9074047988778332,0.8601383277946032,0.9392573561789929,NJTO,263.0
0.9074047988778332,0.8601383277946032,0.9392573561789929,NJTO,272.0
0.9024732510578451,0.8543126003025018,0.9353116378798102,NJTO,290.0
0.8975417032378564,0.8485224739236847,0.9313353832742248,NJTO,299.0
0.8975417032378564,0.8485224739236847,0.9313353832742248,NJTO,310.0
0.8925829092973155,0.8427248109173594,0.9273125522206345,NJTO,311.0
0.8925829092973155,0.8427248109173594,0.9273125522206345,NJTO,312.0
0.8875964125973305,0.8369180006198415,0.923243926411139,NJTO,317.0
0.8826099158973453,0.8311417742420808,0.919148978554028,NJTO,321.0
0.8776234191973602,0.825394200001964,0.9150291178116249,NJTO,334.0
0.8776234191973602,0.825394200001964,0.9150291178116249,NJTO,351.0
0.8776234191973602,0.825394200001964,0.9150291178116249,NJTO,354.0
0.8776234191973602,0.825394200001964,0.9150291178116249,NJTO,355.0
0.8776234191973602,0.825394200001964,0.9150291178116249,NJTO,359.0
0.8776234191973602,0.825394200001964,0.9150291178116249,NJTO,360.0
0.8776234191973602,0.825394200001964,0.9150291178116249,NJTO,361.0
0.8776234191973602,0.825394200001964,0.9150291178116249,NJTO,362.0
0.8776234191973602,0.825394200001964,0.9150291178116249,NJTO,365.0
0.8776234191973602,0.825394200001964,0.9150291178116249,NJTO,366.0
0.8776234191973602,0.825394200001964,0.9150291178116249,NJTO,367.0
0.8776234191973602,0.825394200001964,0.9150291178116249,NJTO,368.0
0.8776234191973602,0.825394200001964,0.9150291178116249,NJTO,369.0
0.8776234191973602,0.825394200001964,0.9150291178116249,NJTO,371.0
0.8776234191973602,0.825394200001964,0.9150291178116249,NJTO,373.0
0.8776234191973602,0.825394200001964,0.9150291178116249,NJTO,376.0
0.8776234191973602,0.825394200001964,0.9150291178116249,NJTO,377.0
0.8776234191973602,0.825394200001964,0.9150291178116249,NJTO,384.0
0.8776234191973602,0.825394200001964,0.9150291178116249,NJTO,387.0
0.8776234191973602,0.825394200001964,0.9150291178116249,NJTO,392.0
0.8776234191973602,0.825394200001964,0.9150291178116249,NJTO,393.0
0.8776234191973602,0.825394200001964,0.9150291178116249,NJTO,394.0
0.8716935312298105,0.8182709112096531,0.9102680095098851,NJTO,406.0
0.865763643262261,0.8112075463993323,0.9054683031304566,NJTO,410.0
0.8598337552947112,0.8041989846416261,0.9006323835683582,NJTO,412.0
0.8539038673271616,0.7972408342727856,0.8957623579150513,NJTO,428.0
0.8539038673271616,0.7972408342727856,0.8957623579150513,NJTO,429.0
0.8479325116115874,0.7902684916676997,0.890832702217844,NJTO,441.0
0.8479325116115874,0.7902684916676997,0.890832702217844,NJTO,449.0
0.8479325116115874,0.7902684916676997,0.890832702217844,NJTO,452.0
0.841875850814362,0.7832166007996862,0.8858150902747748,NJTO,456.0
0.8358191900171369,0.7762092536029046,0.8807663808646083,NJTO,474.0
0.8297625292199111,0.769243493960886,0.8756880914438278,NJTO,518.0
0.8237058684226857,0.762316713229883,0.870581592915076,NJTO,539.0
0.8176492076254599,0.7554265970546666,0.8654481290408796,NJTO,566.0
0.8115925468282339,0.7485710820574409,0.8602888325642553,NJTO,605.0
0.8055358860310085,0.741748320280921,0.8551047387087869,NJTO,615.0
0.7994792252337826,0.7349566497776453,0.8498967965715133,NJTO,621.0
0.7994792252337826,0.7349566497776453,0.8498967965715133,NJTO,682.0
0.7994792252337826,0.7349566497776453,0.8498967965715133,NJTO,683.0
0.7994792252337826,0.7349566497776453,0.8498967965715133,NJTO,687.0
0.7994792252337826,0.7349566497776453,0.8498967965715133,NJTO,699.0
0.7994792252337826,0.7349566497776453,0.8498967965715133,NJTO,703.0
0.7994792252337826,0.7349566497776453,0.8498967965715133,NJTO,711.0
0.7994792252337826,0.7349566497776453,0.8498967965715133,NJTO,715.0
0.7994792252337826,0.7349566497776453,0.8498967965715133,NJTO,717.0
0.7994792252337826,0.7349566497776453,0.8498967965715133,NJTO,718.0
0.7994792252337826,0.7349566497776453,0.8498967965715133,NJTO,721.0
0.7994792252337826,0.7349566497776453,0.8498967965715133,NJTO,722.0
0.7994792252337826,0.7349566497776453,0.8498967965715133,NJTO,724.0
0.7994792252337826,0.7349566497776453,0.8498967965715133,NJTO,725.0
0.7994792252337826,0.7349566497776453,0.8498967965715133,NJTO,726.0
0.7994792252337826,0.7349566497776453,0.8498967965715133,NJTO,727.0
0.7994792252337826,0.7349566497776453,0.8498967965715133,NJTO,729.0
0.7994792252337826,0.7349566497776453,0.8498967965715133,NJTO,730.0
0.7994792252337826,0.7349566497776453,0.8498967965715133,NJTO,731.0
0.7994792252337826,0.7349566497776453,0.8498967965715133,NJTO,732.0
0.7994792252337826,0.7349566497776453,0.8498967965715133,NJTO,734.0
0.7994792252337826,0.7349566497776453,0.8498967965715133,NJTO,735.0
0.7994792252337826,0.7349566497776453,0.8498967965715133,NJTO,736.0
0.7994792252337826,0.7349566497776453,0.8498967965715133,NJTO,744.0
0.7994792252337826,0.7349566497776453,0.8498967965715133,NJTO,746.0
0.7994792252337826,0.7349566497776453,0.8498967965715133,NJTO,748.0
0.7994792252337826,0.7349566497776453,0.8498967965715133,NJTO,756.0
0.7994792252337826,0.7349566497776453,0.8498967965715133,NJTO,760.0
0.7994792252337826,0.7349566497776453,0.8498967965715133,NJTO,775.0
0.7914844329814443,0.7254024787962341,0.8433793382473935,NJTO,786.0
0.7914844329814443,0.7254024787962341,0.8433793382473935,NJTO,787.0
0.7914844329814443,0.7254024787962341,0.8433793382473935,NJTO,801.0
0.7914844329814443,0.7254024787962341,0.8433793382473935,NJTO,802.0
0.7914844329814443,0.7254024787962341,0.8433793382473935,NJTO,804.0
0.7831530178974291,0.7154359464226653,0.8365951000437637,NJTO,817.0
0.7748216028134143,0.7055725357745911,0.8297481581886226,NJTO,854.0
0.7748216028134143,0.7055725357745911,0.8297481581886226,NJTO,857.0
0.7663996288697899,0.6956698143248805,0.8227852422903004,NJTO,888.0
0.757977654926166,0.6858585764617352,0.8157650336943134,NJTO,913.0
0.7495556809825418,0.6761321285377391,0.8086907950075768,NJTO,923.0
0.7411337070389181,0.666484641350344,0.8015653767800498,NJTO,1017.0
0.7327117330952938,0.6569110084743217,0.794391287517885,NJTO,1030.0
0.7242897591516694,0.6474067327752607,0.7871707486858538,NJTO,1054.0
0.7158677852080458,0.637967834603683,0.7799057384681665,NJTO,1057.0
0.7158677852080458,0.637967834603683,0.7799057384681665,NJTO,1078.0
0.7158677852080458,0.637967834603683,0.7799057384681665,NJTO,1083.0
0.7158677852080458,0.637967834603683,0.7799057384681665,NJTO,1093.0
0.7158677852080458,0.637967834603683,0.7799057384681665,NJTO,1094.0
0.7158677852080458,0.637967834603683,0.7799057384681665,NJTO,1098.0
0.7158677852080458,0.637967834603683,0.7799057384681665,NJTO,1108.0
0.7158677852080458,0.637967834603683,0.7799057384681665,NJTO,1110.0
0.7066899930899941,0.6275348130785336,0.772088687520551,NJTO,1118.0
0.6973914405493361,0.6170161558530883,0.7641355505876009,NJTO,1138.0
0.6880928880086788,0.6065813127387528,0.7561265079108483,NJTO,1218.0
0.6787943354680206,0.5962255340729046,0.7480639448777897,NJTO,1261.0
0.6694957829273629,0.5859446120173376,0.7399499765690051,NJTO,1350.0
0.6694957829273629,0.5859446120173376,0.7399499765690051,NJTO,1379.0
0.6694957829273629,0.5859446120173376,0.7399499765690051,NJTO,1394.0
0.6694957829273629,0.5859446120173376,0.7399499765690051,NJTO,1435.0
0.6694957829273629,0.5859446120173376,0.7399499765690051,NJTO,1440.0
0.6694957829273629,0.5859446120173376,0.7399499765690051,NJTO,1444.0
0.6595033085553127,0.5747813225901589,0.7313150816288089,NJTO,1446.0
0.6595033085553127,0.5747813225901589,0.7313150816288089,NJTO,1450.0
0.6595033085553127,0.5747813225901589,0.7313150816288089,NJTO,1452.0
0.6595033085553127,0.5747813225901589,0.7313150816288089,NJTO,1454.0
0.6595033085553127,0.5747813225901589,0.7313150816288089,NJTO,1455.0
0.6486917789068647,0.5625643309613134,0.7220783699749094,NJTO,1458.0
0.6486917789068647,0.5625643309613134,0.7220783699749094,NJTO,1459.0
0.6486917789068647,0.5625643309613134,0.7220783699749094,NJTO,1461.0
0.6486917789068647,0.5625643309613134,0.7220783699749094,NJTO,1464.0
0.637311221382183,0.5496618192615692,0.7123961998661343,NJTO,1472.0
0.637311221382183,0.5496618192615692,0.7123961998661343,NJTO,1475.0
0.637311221382183,0.5496618192615692,0.7123961998661343,NJTO,1480.0
0.637311221382183,0.5496618192615692,0.7123961998661343,NJTO,1482.0
0.637311221382183,0.5496618192615692,0.7123961998661343,NJTO,1483.0
0.637311221382183,0.5496618192615692,0.7123961998661343,NJTO,1491.0
0.624033904270054,0.5341390291085633,0.7014644832691229,NJTO,1521.0
0.6107565871579254,0.51885594683388,0.690379369766733,NJTO,1531.0
0.6107565871579254,0.51885594683388,0.690379369766733,NJTO,1538.0
0.5971842185544158,0.5033653868144597,0.6789734456512263,NJTO,1541.0
0.5832962134717551,0.48764386480706595,0.6672303881320449,NJTO,1576.0
0.5694082083890943,0.472149707758641,0.6553385003713394,NJTO,1629.0
0.5555202033064334,0.4568677030275019,0.6433059888487476,NJTO,1647.0
0.5555202033064334,0.4568677030275019,0.6433059888487476,NJTO,1649.0
0.5412760955293453,0.44129259669822746,0.6309130213385172,NJTO,1731.0
0.5270319877522573,0.42592594923610294,0.6183793227201859,NJTO,1743.0
0.5270319877522573,0.42592594923610294,0.6183793227201859,NJTO,1795.0
0.5270319877522573,0.42592594923610294,0.6183793227201859,NJTO,1803.0
0.5270319877522573,0.42592594923610294,0.6183793227201859,NJTO,1810.0
0.5270319877522573,0.42592594923610294,0.6183793227201859,NJTO,1818.0
0.5270319877522573,0.42592594923610294,0.6183793227201859,NJTO,1819.0
0.5270319877522573,0.42592594923610294,0.6183793227201859,NJTO,1823.0
0.5270319877522573,0.42592594923610294,0.6183793227201859,NJTO,1825.0
1.0,1.0,1.0,NEOR,0.0
0.9909090909090903,0.9372243469352569,0.9987144023071421,NEOR,128.0
0.9818181818181817,0.9292575707329048,0.9954215260168376,NEOR,142.0
0.9818181818181817,0.9292575707329048,0.9954215260168376,NEOR,181.0
0.9818181818181817,0.9292575707329048,0.9954215260168376,NEOR,182.0
0.9818181818181817,0.9292575707329048,0.9954215260168376,NEOR,183.0
0.9818181818181817,0.9292575707329048,0.9954215260168376,NEOR,191.0
0.9722859664607232,0.9165068598618141,0.9909808503026531,NEOR,225.0
0.9627537511032657,0.9037607471743668,0.9858626062157906,NEOR,243.0
0.9627537511032657,0.9037607471743668,0.9858626062157906,NEOR,263.0
0.9531262135922325,0.8909981579273165,0.9802283610091014,NEOR,267.0
0.9434986760812003,0.8784978998228392,0.9742257594051477,NEOR,280.0
0.9338711385701673,0.8662291222604644,0.9679302973302384,NEOR,295.0
0.9242436010591345,0.8541629323972126,0.9613936925116293,NEOR,324.0
0.9242436010591345,0.8541629323972126,0.9613936925116293,NEOR,335.0
0.9145147210479857,0.8420885291546076,0.9546003571051686,NEOR,338.0
0.9145147210479857,0.8420885291546076,0.9546003571051686,NEOR,341.0
0.9145147210479857,0.8420885291546076,0.9546003571051686,NEOR,358.0
0.9145147210479857,0.8420885291546076,0.9546003571051686,NEOR,360.0
0.9145147210479857,0.8420885291546076,0.9546003571051686,NEOR,361.0
0.9145147210479857,0.8420885291546076,0.9546003571051686,NEOR,362.0
0.9145147210479857,0.8420885291546076,0.9546003571051686,NEOR,363.0
0.9145147210479857,0.8420885291546076,0.9546003571051686,NEOR,364.0
0.9145147210479857,0.8420885291546076,0.9546003571051686,NEOR,365.0
0.9145147210479857,0.8420885291546076,0.9546003571051686,NEOR,366.0
0.9145147210479857,0.8420885291546076,0.9546003571051686,NEOR,367.0
0.9145147210479857,0.8420885291546076,0.9546003571051686,NEOR,372.0
0.9145147210479857,0.8420885291546076,0.9546003571051686,NEOR,383.0
0.9145147210479857,0.8420885291546076,0.9546003571051686,NEOR,385.0
0.9145147210479857,0.8420885291546076,0.9546003571051686,NEOR,393.0
0.9145147210479857,0.8420885291546076,0.9546003571051686,NEOR,395.0
0.9145147210479857,0.8420885291546076,0.9546003571051686,NEOR,396.0
0.9145147210479857,0.8420885291546076,0.9546003571051686,NEOR,407.0
0.9145147210479857,0.8420885291546076,0.9546003571051686,NEOR,409.0
0.9145147210479857,0.8420885291546076,0.9546003571051686,NEOR,417.0
0.9145147210479857,0.8420885291546076,0.9546003571051686,NEOR,421.0
0.9010659751502207,0.8229071040278192,0.9458412342488584,NEOR,430.0
0.9010659751502207,0.8229071040278192,0.9458412342488584,NEOR,436.0
0.9010659751502207,0.8229071040278192,0.9458412342488584,NEOR,441.0
0.9010659751502207,0.8229071040278192,0.9458412342488584,NEOR,452.0
0.9010659751502207,0.8229071040278192,0.9458412342488584,NEOR,454.0
0.886763340624027,0.8029006821973566,0.9363272829628406,NEOR,492.0
0.872460706097833,0.7837695537442656,0.9264412901785366,NEOR,515.0
0.872460706097833,0.7837695537442656,0.9264412901785366,NEOR,615.0
0.8579196943295362,0.7648566375094159,0.9161227933746187,NEOR,622.0
0.8579196943295362,0.7648566375094159,0.9161227933746187,NEOR,687.0
0.8579196943295362,0.7648566375094159,0.9161227933746187,NEOR,701.0
0.8579196943295362,0.7648566375094159,0.9161227933746187,NEOR,711.0
0.8579196943295362,0.7648566375094159,0.9161227933746187,NEOR,713.0
0.8579196943295362,0.7648566375094159,0.9161227933746187,NEOR,719.0
0.8579196943295362,0.7648566375094159,0.9161227933746187,NEOR,726.0
0.8579196943295362,0.7648566375094159,0.9161227933746187,NEOR,728.0
0.8579196943295362,0.7648566375094159,0.9161227933746187,NEOR,733.0
0.8579196943295362,0.7648566375094159,0.9161227933746187,NEOR,749.0
0.8392692661919374,0.7386649611328782,0.9036067840155715,NEOR,778.0
0.8392692661919374,0.7386649611328782,0.9036067840155715,NEOR,790.0
0.8392692661919374,0.7386649611328782,0.9036067840155715,NEOR,791.0
0.8197513762804971,0.7121124022507224,0.8901632690598584,NEOR,794.0
0.8197513762804971,0.7121124022507224,0.8901632690598584,NEOR,805.0
0.8197513762804971,0.7121124022507224,0.8901632690598584,NEOR,806.0
0.8197513762804971,0.7121124022507224,0.8901632690598584,NEOR,1064.0
0.8197513762804971,0.7121124022507224,0.8901632690598584,NEOR,1072.0
0.8197513762804971,0.7121124022507224,0.8901632690598584,NEOR,1080.0
0.7975959336783215,0.6817383014249068,0.8750271402028319,NEOR,1088.0
0.7975959336783215,0.6817383014249068,0.8750271402028319,NEOR,1091.0
0.7975959336783215,0.6817383014249068,0.8750271402028319,NEOR,1098.0
0.7975959336783215,0.6817383014249068,0.8750271402028319,NEOR,1121.0
0.7975959336783215,0.6817383014249068,0.8750271402028319,NEOR,1126.0
0.7975959336783215,0.6817383014249068,0.8750271402028319,NEOR,1139.0
0.7975959336783215,0.6817383014249068,0.8750271402028319,NEOR,1153.0
0.7975959336783215,0.6817383014249068,0.8750271402028319,NEOR,1155.0
0.7700926256204482,0.6424767964136685,0.8570486514083577,NEOR,1225.0
0.7425893175625752,0.605933531149118,0.8379493135255265,NEOR,1267.0
0.715086009504702,0.5714126125371527,0.8179520694224424,NEOR,1367.0
0.6875827014468286,0.5384771073908775,0.7971915477443194,NEOR,1379.0
0.6600793933889557,0.5068367583014626,0.7757565290429101,NEOR,1386.0
0.6325760853310824,0.4762906792117971,0.753708921649363,NEOR,1415.0
0.6325760853310824,0.4762906792117971,0.753708921649363,NEOR,1437.0
0.6325760853310824,0.4762906792117971,0.753708921649363,NEOR,1443.0
0.6325760853310824,0.4762906792117971,0.753708921649363,NEOR,1450.0
0.6325760853310824,0.4762906792117971,0.753708921649363,NEOR,1457.0
0.5992826071557624,0.4377382501945884,0.7280821854516614,NEOR,1464.0
0.5992826071557624,0.4377382501945884,0.7280821854516614,NEOR,1465.0
0.5992826071557624,0.4377382501945884,0.7280821854516614,NEOR,1518.0
0.5992826071557624,0.4377382501945884,0.7280821854516614,NEOR,1525.0
0.5992826071557624,0.4377382501945884,0.7280821854516614,NEOR,1535.0
0.5531839450668576,0.3799461579065039,0.6961212910098327,NEOR,1773.0
0.5070852829779529,0.32764939741233196,0.6614759245012819,NEOR,1781.0
0.5070852829779529,0.32764939741233196,0.6614759245012819,NEOR,1793.0
0.5070852829779529,0.32764939741233196,0.6614759245012819,NEOR,1811.0
0.5070852829779529,0.32764939741233196,0.6614759245012819,NEOR,1825.0
1.0,1.0,1.0,NCNC,0.0
0.9965870307167232,0.9760217808971043,0.9995185313386726,NCNC,1.0
0.993174061433447,0.9729848727034112,0.9982884666652353,NCNC,5.0
0.9897610921501702,0.968593514339445,0.9966862301027644,NCNC,12.0
0.986348122866894,0.9640375548715904,0.9948542352633473,NCNC,13.0
0.986348122866894,0.9640375548715904,0.9948542352633473,NCNC,15.0
0.9829233029958285,0.9594622691138377,0.9928565655076839,NCNC,16.0
0.9794984831247624,0.9549376977678561,0.9907371188469319,NCNC,20.0
0.9726488433826316,0.9460543613068036,0.9862273711188172,NCNC,35.0
0.9692240235115659,0.941688966481318,0.9838673567661843,NCNC,39.0
0.9657992036405004,0.9373684502263976,0.9814510158144366,NCNC,42.0
0.9623621957983635,0.9330670009663425,0.9789789427188499,NCNC,44.0
0.9589251879562265,0.9288036041593613,0.9764634028826539,NCNC,61.0
0.9554881801140895,0.9245747368113496,0.9739091825291158,NCNC,68.0
0.9520511722719528,0.9203773612842889,0.9713202196911926,NCNC,88.0
0.9486141644298154,0.916208849308999,0.968699801749367,NCNC,95.0
0.9451771565876791,0.9120669158227519,0.966050707351207,NCNC,97.0
0.9417401487455419,0.9079495635246566,0.963375310757647,NCNC,99.0
0.9383031409034047,0.9038550371326984,0.9606756601190082,NCNC,100.0
0.9314291252191308,0.8957284325072968,0.9552105039019496,NCNC,109.0
0.9279921173769939,0.8916937482924087,0.9524479383347954,NCNC,123.0
0.9245551095348566,0.8876766317012396,0.9496670641841362,NCNC,150.0
0.9245551095348566,0.8876766317012396,0.9496670641841362,NCNC,153.0
0.9211052770365925,0.8836572435832134,0.946860370896508,NCNC,168.0
0.917655444538328,0.8796539040436802,0.9440372717835721,NCNC,174.0
0.917655444538328,0.8796539040436802,0.9440372717835721,NCNC,177.0
0.917655444538328,0.8796539040436802,0.9440372717835721,NCNC,178.0
0.9141395232948857,0.8755699173682334,0.9411537487858929,NCNC,179.0
0.9141395232948857,0.8755699173682334,0.9411537487858929,NCNC,180.0
0.9141395232948857,0.8755699173682334,0.9411537487858929,NCNC,182.0
0.9104829652017064,0.8712975744709278,0.9381594575720836,NCNC,183.0
0.9104829652017064,0.8712975744709278,0.9381594575720836,NCNC,184.0
0.9104829652017064,0.8712975744709278,0.9381594575720836,NCNC,189.0
0.9067818149366594,0.866979412109227,0.9351185000063121,NCNC,197.0
0.9030806646716117,0.8626804073153417,0.9320612981677898,NCNC,198.0
0.9030806646716117,0.8626804073153417,0.9320612981677898,NCNC,202.0
0.9030806646716117,0.8626804073153417,0.9320612981677898,NCNC,210.0
0.9030806646716117,0.8626804073153417,0.9320612981677898,NCNC,211.0
0.8993178285688138,0.8583106808660156,0.9289464851593698,NCNC,213.0
0.8955549924660153,0.853959512615484,0.9258162242427974,NCNC,218.0
0.891792156363217,0.8496258484892271,0.9226712426491308,NCNC,221.0
0.8880293202604187,0.8453087405765616,0.9195122062561403,NCNC,229.0
0.8842664841576199,0.8410073326777775,0.9163397266300402,NCNC,236.0
0.8842664841576199,0.8410073326777775,0.9163397266300402,NCNC,246.0
0.8842664841576199,0.8410073326777775,0.9163397266300402,NCNC,251.0
0.8804713490324801,0.836675855832221,0.9131315656813973,NCNC,267.0
0.8804713490324801,0.836675855832221,0.9131315656813973,NCNC,277.0
0.8766597847509547,0.8323364480649381,0.9098990688773574,NCNC,282.0
0.8728482204694289,0.8280115217187891,0.9066542162591774,NCNC,294.0
0.869036656187903,0.8237004186690887,0.9033974811419573,NCNC,306.0
0.869036656187903,0.8237004186690887,0.9033974811419573,NCNC,312.0
0.869036656187903,0.8237004186690887,0.9033974811419573,NCNC,333.0
0.869036656187903,0.8237004186690887,0.9033974811419573,NCNC,343.0
0.869036656187903,0.8237004186690887,0.9033974811419573,NCNC,344.0
0.869036656187903,0.8237004186690887,0.9033974811419573,NCNC,349.0
0.869036656187903,0.8237004186690887,0.9033974811419573,NCNC,356.0
0.8651043636259675,0.819237043663554,0.9000427657092367,NCNC,357.0
0.8651043636259675,0.819237043663554,0.9000427657092367,NCNC,358.0
0.8611541153902322,0.814763861916845,0.8966630103127116,NCNC,360.0
0.8611541153902322,0.814763861916845,0.8966630103127116,NCNC,361.0
0.8611541153902322,0.814763861916845,0.8966630103127116,NCNC,362.0
0.8611541153902322,0.814763861916845,0.8966630103127116,NCNC,363.0
0.8611541153902322,0.814763861916845,0.8966630103127116,NCNC,365.0
0.8611541153902322,0.814763861916845,0.8966630103127116,NCNC,366.0
0.8611541153902322,0.814763861916845,0.8966630103127116,NCNC,368.0
0.8611541153902322,0.814763861916845,0.8966630103127116,NCNC,369.0
0.8611541153902322,0.814763861916845,0.8966630103127116,NCNC,373.0
0.8611541153902322,0.814763861916845,0.8966630103127116,NCNC,375.0
0.8611541153902322,0.814763861916845,0.8966630103127116,NCNC,380.0
0.8611541153902322,0.814763861916845,0.8966630103127116,NCNC,387.0
0.8611541153902322,0.814763861916845,0.8966630103127116,NCNC,389.0
0.8567604719443641,0.8096890364548504,0.8929588805221962,NCNC,393.0
0.8523668284984957,0.8046370694112048,0.8892384496793493,NCNC,405.0
0.8479731850526271,0.7996067141133862,0.8855023946425382,NCNC,426.0
0.8435795416067584,0.7945968430712661,0.8817513379074962,NCNC,433.0
0.83918589816089,0.7896064329770365,0.8779858536698781,NCNC,437.0
0.83918589816089,0.7896064329770365,0.8779858536698781,NCNC,439.0
0.8347691302758328,0.784602892801034,0.8741899664373982,NCNC,451.0
0.8347691302758328,0.784602892801034,0.8741899664373982,NCNC,453.0
0.825793118122329,0.77445605284178,0.8664551019051661,NCNC,460.0
0.8213051120455774,0.7694097212142111,0.862567293100993,NCNC,465.0
0.8168171059688251,0.764380409127944,0.8586665037716738,NCNC,474.0
0.8123290998920738,0.7593674149965337,0.8547531484144366,NCNC,484.0
0.8078410938153218,0.7543700916795721,0.8508276142521122,NCNC,486.0
0.798865081661818,0.7444201083635062,0.8429414364830928,NCNC,523.0
0.7943770755850661,0.7394663794951822,0.8389814516667208,NCNC,577.0
0.7898890695083143,0.7345261756718843,0.8350106092633092,NCNC,602.0
0.7854010634315631,0.7295990509113834,0.8310291918145981,NCNC,638.0
0.780913057354811,0.7246845889366491,0.8270374657505738,NCNC,660.0
0.780913057354811,0.7246845889366491,0.8270374657505738,NCNC,672.0
0.780913057354811,0.7246845889366491,0.8270374657505738,NCNC,678.0
0.780913057354811,0.7246845889366491,0.8270374657505738,NCNC,689.0
0.780913057354811,0.7246845889366491,0.8270374657505738,NCNC,698.0
0.7763194511350766,0.7196455238387134,0.8229560856700446,NCNC,703.0
0.7763194511350766,0.7196455238387134,0.8229560856700446,NCNC,707.0
0.7763194511350766,0.7196455238387134,0.8229560856700446,NCNC,709.0
0.7763194511350766,0.7196455238387134,0.8229560856700446,NCNC,710.0
0.7716428279354671,0.7145118744526905,0.8188016994948315,NCNC,713.0
0.7716428279354671,0.7145118744526905,0.8188016994948315,NCNC,714.0
0.7716428279354671,0.7145118744526905,0.8188016994948315,NCNC,715.0
0.7716428279354671,0.7145118744526905,0.8188016994948315,NCNC,717.0
0.7668796006025326,0.709279513176821,0.8145713578782255,NCNC,722.0
0.7668796006025326,0.709279513176821,0.8145713578782255,NCNC,723.0
0.7668796006025326,0.709279513176821,0.8145713578782255,NCNC,724.0
0.7668796006025326,0.709279513176821,0.8145713578782255,NCNC,726.0
0.7668796006025326,0.709279513176821,0.8145713578782255,NCNC,727.0
0.7668796006025326,0.709279513176821,0.8145713578782255,NCNC,728.0
0.7668796006025326,0.709279513176821,0.8145713578782255,NCNC,731.0
0.7668796006025326,0.709279513176821,0.8145713578782255,NCNC,741.0
0.7668796006025326,0.709279513176821,0.8145713578782255,NCNC,753.0
0.7668796006025326,0.709279513176821,0.8145713578782255,NCNC,757.0
0.7616979816795426,0.703511194604157,0.8100205791794519,NCNC,773.0
0.7565163627565527,0.697763411227708,0.8054547596441605,NCNC,775.0
0.7513347438335625,0.6920353882983047,0.8008743369025015,NCNC,779.0
0.7461531249105726,0.686326408497917,0.7962797190379487,NCNC,783.0
0.7461531249105726,0.686326408497917,0.7962797190379487,NCNC,785.0
0.7408985254393714,0.6805402303071173,0.7916172692549107,NCNC,791.0
0.7408985254393714,0.6805402303071173,0.7916172692549107,NCNC,811.0
0.7408985254393714,0.6805402303071173,0.7916172692549107,NCNC,816.0
0.735529695544883,0.6746232122792791,0.786856288196452,NCNC,820.0
0.730160865650395,0.6687262036118424,0.7820804284181616,NCNC,825.0
0.7247920357559067,0.6628485221093225,0.7772900799143151,NCNC,854.0
0.7194232058614182,0.6569895336595071,0.7724856073024285,NCNC,871.0
0.7140543759669301,0.651148647924245,0.7676673519916601,NCNC,989.0
0.7086855460724417,0.645325314513411,0.7628356341059322,NCNC,994.0
0.7086855460724417,0.645325314513411,0.7628356341059322,NCNC,1013.0
0.7086855460724417,0.645325314513411,0.7628356341059322,NCNC,1039.0
0.7032341187949614,0.6394130839787843,0.7579284136959538,NCNC,1047.0
0.7032341187949614,0.6394130839787843,0.7579284136959538,NCNC,1058.0
0.697740102241876,0.6334639629035052,0.7529754469279797,NCNC,1063.0
0.697740102241876,0.6334639629035052,0.7529754469279797,NCNC,1066.0
0.697740102241876,0.6334639629035052,0.7529754469279797,NCNC,1069.0
0.697740102241876,0.6334639629035052,0.7529754469279797,NCNC,1073.0
0.697740102241876,0.6334639629035052,0.7529754469279797,NCNC,1075.0
0.697740102241876,0.6334639629035052,0.7529754469279797,NCNC,1076.0
0.697740102241876,0.6334639629035052,0.7529754469279797,NCNC,1078.0
0.6919256013898606,0.6271195497666086,0.747768884802269,NCNC,1083.0
0.6919256013898606,0.6271195497666086,0.747768884802269,NCNC,1087.0
0.6919256013898606,0.6271195497666086,0.747768884802269,NCNC,1088.0
0.6919256013898606,0.6271195497666086,0.747768884802269,NCNC,1091.0
0.6919256013898606,0.6271195497666086,0.747768884802269,NCNC,1093.0
0.6919256013898606,0.6271195497666086,0.747768884802269,NCNC,1095.0
0.6919256013898606,0.6271195497666086,0.747768884802269,NCNC,1096.0
0.6919256013898606,0.6271195497666086,0.747768884802269,NCNC,1102.0
0.6856353686499523,0.6201738618893686,0.7421977379724553,NCNC,1104.0
0.6856353686499523,0.6201738618893686,0.7421977379724553,NCNC,1110.0
0.6856353686499523,0.6201738618893686,0.7421977379724553,NCNC,1111.0
0.6856353686499523,0.6201738618893686,0.7421977379724553,NCNC,1116.0
0.6791055079961434,0.6129398922264374,0.736433073950812,NCNC,1121.0
0.6791055079961434,0.6129398922264374,0.736433073950812,NCNC,1129.0
0.6791055079961434,0.6129398922264374,0.736433073950812,NCNC,1133.0
0.6791055079961434,0.6129398922264374,0.736433073950812,NCNC,1145.0
0.6791055079961434,0.6129398922264374,0.736433073950812,NCNC,1148.0
0.6791055079961434,0.6129398922264374,0.736433073950812,NCNC,1152.0
0.6721758599553662,0.6052036597099503,0.7303617574930761,NCNC,1161.0
0.6652462119145891,0.5975083449256217,0.7242615810873746,NCNC,1215.0
0.6583165638738122,0.5898522383315439,0.7181335434645119,NCNC,1236.0
0.6513869158330352,0.5822337785600986,0.7119785527478583,NCNC,1254.0
0.6513869158330352,0.5822337785600986,0.7119785527478583,NCNC,1353.0
0.6513869158330352,0.5822337785600986,0.7119785527478583,NCNC,1377.0
0.6513869158330352,0.5822337785600986,0.7119785527478583,NCNC,1387.0
0.6513869158330352,0.5822337785600986,0.7119785527478583,NCNC,1393.0
0.6513869158330352,0.5822337785600986,0.7119785527478583,NCNC,1398.0
0.6513869158330352,0.5822337785600986,0.7119785527478583,NCNC,1419.0
0.6513869158330352,0.5822337785600986,0.7119785527478583,NCNC,1420.0
0.6513869158330352,0.5822337785600986,0.7119785527478583,NCNC,1424.0
0.6438126493698608,0.5737896125947366,0.7053435358650016,NCNC,1425.0
0.6438126493698608,0.5737896125947366,0.7053435358650016,NCNC,1430.0
0.6438126493698608,0.5737896125947366,0.7053435358650016,NCNC,1442.0
0.6438126493698608,0.5737896125947366,0.7053435358650016,NCNC,1448.0
0.6438126493698608,0.5737896125947366,0.7053435358650016,NCNC,1454.0
0.6438126493698608,0.5737896125947366,0.7053435358650016,NCNC,1455.0
0.6438126493698608,0.5737896125947366,0.7053435358650016,NCNC,1458.0
0.6438126493698608,0.5737896125947366,0.7053435358650016,NCNC,1459.0
0.6438126493698608,0.5737896125947366,0.7053435358650016,NCNC,1461.0
0.6438126493698608,0.5737896125947366,0.7053435358650016,NCNC,1476.0
0.6438126493698608,0.5737896125947366,0.7053435358650016,NCNC,1483.0
0.6438126493698608,0.5737896125947366,0.7053435358650016,NCNC,1484.0
0.6438126493698608,0.5737896125947366,0.7053435358650016,NCNC,1504.0
0.6438126493698608,0.5737896125947366,0.7053435358650016,NCNC,1514.0
0.6438126493698608,0.5737896125947366,0.7053435358650016,NCNC,1520.0
0.6438126493698608,0.5737896125947366,0.7053435358650016,NCNC,1534.0
0.6343448162908919,0.5627390802278238,0.6974398866272739,NCNC,1571.0
0.6248769832119233,0.5518043820805718,0.6894568092295016,NCNC,1614.0
0.6154091501329548,0.5409778753916812,0.6813993308775071,NCNC,1627.0
0.6154091501329548,0.5409778753916812,0.6813993308775071,NCNC,1638.0
0.6154091501329548,0.5409778753916812,0.6813993308775071,NCNC,1702.0
0.6056407509244953,0.5298283266870645,0.6730804856577394,NCNC,1728.0
0.6056407509244953,0.5298283266870645,0.6730804856577394,NCNC,1770.0
0.6056407509244953,0.5298283266870645,0.6730804856577394,NCNC,1774.0
0.6056407509244953,0.5298283266870645,0.6730804856577394,NCNC,1789.0
0.6056407509244953,0.5298283266870645,0.6730804856577394,NCNC,1802.0
0.6056407509244953,0.5298283266870645,0.6730804856577394,NCNC,1814.0
0.6056407509244953,0.5298283266870645,0.6730804856577394,NCNC,1822.0
0.6056407509244953,0.5298283266870645,0.6730804856577394,NCNC,1825.0
1.0,1.0,1.0,NCCM,0.0
0.9959349593495943,0.9714972247050059,0.9994263825122391,NCCM,6.0
0.9918699186991876,0.9678863376710247,0.997960465705183,NCCM,18.0
0.9878048780487806,0.9626700604525145,0.996050480385427,NCCM,32.0
0.9837398373983747,0.9572599622213664,0.993866067809784,NCCM,34.0
0.9796747967479676,0.9518614717540409,0.991489480218462,NCCM,35.0
0.9756097560975612,0.9465193280441829,0.9889681077952995,NCCM,44.0
0.9715447154471551,0.9412417943367111,0.9863322700266547,NCCM,60.0
0.9634146341463421,0.9308705015794804,0.9807946939075158,NCCM,69.0
0.9593495934959357,0.9257670577768013,0.9779192952270566,NCCM,71.0
0.9552845528455287,0.9207119035256143,0.9749853352838354,NCCM,80.0
0.9471544715447154,0.9107296415046698,0.9689681685990773,NCCM,121.0
0.9430894308943092,0.9057953652134655,0.9658952059426927,NCCM,125.0
0.9390243902439025,0.9008949473088087,0.9627847299237582,NCCM,134.0
0.9349593495934965,0.8960258192278687,0.9596400087147507,NCCM,155.0
0.9349593495934965,0.8960258192278687,0.9596400087147507,NCCM,175.0
0.9349593495934965,0.8960258192278687,0.9596400087147507,NCCM,177.0
0.9349593495934965,0.8960258192278687,0.9596400087147507,NCCM,178.0
0.9349593495934965,0.8960258192278687,0.9596400087147507,NCCM,180.0
0.9349593495934965,0.8960258192278687,0.9596400087147507,NCCM,181.0
0.9306901288190966,0.8908625632188184,0.9563370409396597,NCCM,182.0
0.9306901288190966,0.8908625632188184,0.9563370409396597,NCCM,190.0
0.9262792751280106,0.8855117941271381,0.9529133562612687,NCCM,192.0
0.9218684214369249,0.8802023226987155,0.9494561472220604,NCCM,210.0
0.9218684214369249,0.8802023226987155,0.9494561472220604,NCCM,211.0
0.9218684214369249,0.8802023226987155,0.9494561472220604,NCCM,219.0
0.9218684214369249,0.8802023226987155,0.9494561472220604,NCCM,222.0
0.9218684214369249,0.8802023226987155,0.9494561472220604,NCCM,223.0
0.9218684214369249,0.8802023226987155,0.9494561472220604,NCCM,227.0
0.9128304957365635,0.869360755452531,0.942312682990518,NCCM,242.0
0.9128304957365635,0.869360755452531,0.942312682990518,NCCM,249.0
0.9128304957365635,0.869360755452531,0.942312682990518,NCCM,250.0
0.9128304957365635,0.869360755452531,0.942312682990518,NCCM,261.0
0.9128304957365635,0.869360755452531,0.942312682990518,NCCM,262.0
0.9128304957365635,0.869360755452531,0.942312682990518,NCCM,268.0
0.9128304957365635,0.869360755452531,0.942312682990518,NCCM,272.0
0.9081731972889283,0.8637833475112362,0.9386083225275319,NCCM,283.0
0.9035158988412929,0.8582448696874242,0.9348744390194875,NCCM,291.0
0.8988586003936573,0.8527421282755371,0.9311129036540549,NCCM,293.0
0.8942013019460217,0.8472723764721543,0.9273253790748291,NCCM,328.0
0.8942013019460217,0.8472723764721543,0.9273253790748291,NCCM,331.0
0.8895196197368802,0.8417972762187439,0.92349716097766,NCCM,333.0
0.8895196197368802,0.8417972762187439,0.92349716097766,NCCM,345.0
0.8895196197368802,0.8417972762187439,0.92349716097766,NCCM,350.0
0.8847881323978545,0.8362785599171517,0.9196121159443243,NCCM,352.0
0.8800566450588286,0.830788791889854,0.9157040358808998,NCCM,353.0
0.8800566450588286,0.830788791889854,0.9157040358808998,NCCM,356.0
0.8800566450588286,0.830788791889854,0.9157040358808998,NCCM,359.0
0.8800566450588286,0.830788791889854,0.9157040358808998,NCCM,360.0
0.8800566450588286,0.830788791889854,0.9157040358808998,NCCM,361.0
0.8800566450588286,0.830788791889854,0.9157040358808998,NCCM,362.0
0.8800566450588286,0.830788791889854,0.9157040358808998,NCCM,363.0
0.8800566450588286,0.830788791889854,0.9157040358808998,NCCM,364.0
0.8800566450588286,0.830788791889854,0.9157040358808998,NCCM,365.0
0.8800566450588286,0.830788791889854,0.9157040358808998,NCCM,366.0
0.8800566450588286,0.830788791889854,0.9157040358808998,NCCM,370.0
0.8800566450588286,0.830788791889854,0.9157040358808998,NCCM,371.0
0.8800566450588286,0.830788791889854,0.9157040358808998,NCCM,372.0
0.8800566450588286,0.830788791889854,0.9157040358808998,NCCM,375.0
0.8800566450588286,0.830788791889854,0.9157040358808998,NCCM,380.0
0.8800566450588286,0.830788791889854,0.9157040358808998,NCCM,384.0
0.8800566450588286,0.830788791889854,0.9157040358808998,NCCM,391.0
0.874657524536995,0.8243391169503196,0.9113339843679658,NCCM,397.0
0.874657524536995,0.8243391169503196,0.9113339843679658,NCCM,405.0
0.8692248691050878,0.817887343787807,0.9069106343892172,NCCM,408.0
0.8637922136731813,0.811481220143523,0.9024568921502253,NCCM,435.0
0.8583595582412745,0.8051172843158066,0.8979744485084841,NCCM,443.0
0.8529269028093673,0.7987925183513835,0.8934648162317835,NCCM,451.0
0.8529269028093673,0.7987925183513835,0.8934648162317835,NCCM,456.0
0.8474594226631535,0.7924540740088358,0.8889058828298708,NCCM,486.0
0.8419919425169399,0.7861508467998203,0.8843218313489549,NCCM,523.0
0.8365244623707255,0.7798806677299566,0.8797138154153048,NCCM,529.0
0.8310569822245117,0.7736416050997945,0.875082884841645,NCCM,536.0
0.8255895020782978,0.7674319305024275,0.8704299984622591,NCCM,563.0
0.8201220219320837,0.7612500907518739,0.8657560349361454,NCCM,580.0
0.81465454178587,0.7550946845426307,0.8610618019061562,NCCM,631.0
0.8091870616396558,0.7489644429141324,0.8563480438160157,NCCM,652.0
0.8091870616396558,0.7489644429141324,0.8563480438160157,NCCM,656.0
0.8091870616396558,0.7489644429141324,0.8563480438160157,NCCM,676.0
0.8091870616396558,0.7489644429141324,0.8563480438160157,NCCM,678.0
0.8091870616396558,0.7489644429141324,0.8563480438160157,NCCM,679.0
0.8091870616396558,0.7489644429141324,0.8563480438160157,NCCM,681.0
0.8091870616396558,0.7489644429141324,0.8563480438160157,NCCM,696.0
0.8091870616396558,0.7489644429141324,0.8563480438160157,NCCM,715.0
0.8034481463088777,0.7424866504621134,0.8514227851557848,NCCM,716.0
0.8034481463088777,0.7424866504621134,0.8514227851557848,NCCM,722.0
0.8034481463088777,0.7424866504621134,0.8514227851557848,NCCM,724.0
0.7976260582921465,0.7359233265804985,0.8464174623345833,NCCM,725.0
0.7976260582921465,0.7359233265804985,0.8464174623345833,NCCM,727.0
0.7976260582921465,0.7359233265804985,0.8464174623345833,NCCM,729.0
0.7976260582921465,0.7359233265804985,0.8464174623345833,NCCM,730.0
0.7976260582921465,0.7359233265804985,0.8464174623345833,NCCM,731.0
0.7976260582921465,0.7359233265804985,0.8464174623345833,NCCM,732.0
0.7976260582921465,0.7359233265804985,0.8464174623345833,NCCM,734.0
0.7976260582921465,0.7359233265804985,0.8464174623345833,NCCM,737.0
0.7976260582921465,0.7359233265804985,0.8464174623345833,NCCM,738.0
0.7976260582921465,0.7359233265804985,0.8464174623345833,NCCM,747.0
0.7909233183064983,0.7281531244591408,0.8407863720619094,NCCM,749.0
0.7909233183064983,0.7281531244591408,0.8407863720619094,NCCM,750.0
0.7909233183064983,0.7281531244591408,0.8407863720619094,NCCM,755.0
0.7909233183064983,0.7281531244591408,0.8407863720619094,NCCM,759.0
0.7909233183064983,0.7281531244591408,0.8407863720619094,NCCM,768.0
0.7839239969055554,0.7200085147621417,0.8349244927842149,NCCM,777.0
0.7839239969055554,0.7200085147621417,0.8349244927842149,NCCM,781.0
0.7768616185550553,0.7118315795454261,0.828983091619042,NCCM,787.0
0.7768616185550553,0.7118315795454261,0.828983091619042,NCCM,811.0
0.769734447742624,0.7036188161986433,0.8229614146423477,NCCM,816.0
0.769734447742624,0.7036188161986433,0.8229614146423477,NCCM,838.0
0.762540667857179,0.695366823932903,0.8168585489577659,NCCM,849.0
0.7553468879717339,0.6871687977323027,0.8107197244095669,NCCM,876.0
0.7481531080862889,0.679021633833187,0.8045465176729809,NCCM,889.0
0.7481531080862889,0.679021633833187,0.8045465176729809,NCCM,947.0
0.7408894856776838,0.6708258565286616,0.7982922231673731,NCCM,1003.0
0.7408894856776838,0.6708258565286616,0.7982922231673731,NCCM,1008.0
0.7335539462155286,0.6625784991297203,0.7919553694266874,NCCM,1014.0
0.7335539462155286,0.6625784991297203,0.7919553694266874,NCCM,1041.0
0.7335539462155286,0.6625784991297203,0.7919553694266874,NCCM,1049.0
0.7260687018663903,0.6541724941809928,0.7854820561097765,NCCM,1065.0
0.7260687018663903,0.6541724941809928,0.7854820561097765,NCCM,1078.0
0.7260687018663903,0.6541724941809928,0.7854820561097765,NCCM,1082.0
0.7260687018663903,0.6541724941809928,0.7854820561097765,NCCM,1084.0
0.7260687018663903,0.6541724941809928,0.7854820561097765,NCCM,1085.0
0.7260687018663903,0.6541724941809928,0.7854820561097765,NCCM,1086.0
0.7180899249228038,0.6451323791196709,0.778636753560649,NCCM,1087.0
0.7180899249228038,0.6451323791196709,0.778636753560649,NCCM,1088.0
0.7180899249228038,0.6451323791196709,0.778636753560649,NCCM,1093.0
0.7180899249228038,0.6451323791196709,0.778636753560649,NCCM,1094.0
0.7180899249228038,0.6451323791196709,0.778636753560649,NCCM,1095.0
0.7180899249228038,0.6451323791196709,0.778636753560649,NCCM,1096.0
0.7088836438340501,0.6344041074687762,0.770946579898236,NCCM,1100.0
0.7088836438340501,0.6344041074687762,0.770946579898236,NCCM,1108.0
0.7088836438340501,0.6344041074687762,0.770946579898236,NCCM,1113.0
0.7088836438340501,0.6344041074687762,0.770946579898236,NCCM,1115.0
0.7088836438340501,0.6344041074687762,0.770946579898236,NCCM,1118.0
0.6991729089870085,0.6230429741420083,0.7628729880312857,NCCM,1120.0
0.6991729089870085,0.6230429741420083,0.7628729880312857,NCCM,1121.0
0.6991729089870085,0.6230429741420083,0.7628729880312857,NCCM,1125.0
0.6991729089870085,0.6230429741420083,0.7628729880312857,NCCM,1126.0
0.6991729089870085,0.6230429741420083,0.7628729880312857,NCCM,1133.0
0.6888909544430815,0.6109610257866924,0.7543701351684508,NCCM,1144.0
0.6888909544430815,0.6109610257866924,0.7543701351684508,NCCM,1147.0
0.6888909544430815,0.6109610257866924,0.7543701351684508,NCCM,1281.0
0.6782926320670339,0.5985516470394674,0.7455848490207352,NCCM,1310.0
0.6676943096909868,0.5862869688419595,0.736706894141796,NCCM,1351.0
0.6570959873149395,0.57415640053903,0.7277421261387674,NCCM,1369.0
0.6570959873149395,0.57415640053903,0.7277421261387674,NCCM,1404.0
0.6570959873149395,0.57415640053903,0.7277421261387674,NCCM,1429.0
0.6570959873149395,0.57415640053903,0.7277421261387674,NCCM,1447.0
0.6459587671909571,0.5613779123427598,0.718354883960359,NCCM,1452.0
0.6459587671909571,0.5613779123427598,0.718354883960359,NCCM,1453.0
0.6459587671909571,0.5613779123427598,0.718354883960359,NCCM,1455.0
0.6459587671909571,0.5613779123427598,0.718354883960359,NCCM,1456.0
0.6459587671909571,0.5613779123427598,0.718354883960359,NCCM,1460.0
0.6459587671909571,0.5613779123427598,0.718354883960359,NCCM,1461.0
0.6459587671909571,0.5613779123427598,0.718354883960359,NCCM,1501.0
0.6332929090107423,0.5465027702850411,0.707948394172598,NCCM,1567.0
0.6206270508305274,0.5318488448637192,0.6973998622638107,NCCM,1638.0
0.6079611926503128,0.5173985289450039,0.686719419475264,NCCM,1673.0
0.6079611926503128,0.5173985289450039,0.686719419475264,NCCM,1727.0
0.5950258481258381,0.5027509864389845,0.675748983328992,NCCM,1734.0
0.5820905036013633,0.4882948789170879,0.6646524632112177,NCCM,1737.0
0.5691551590768885,0.4740178697929298,0.6534365753366139,NCCM,1743.0
0.5562198145524139,0.4599093981931831,0.642106940996788,NCCM,1751.0
0.5562198145524139,0.4599093981931831,0.642106940996788,NCCM,1780.0
0.5562198145524139,0.4599093981931831,0.642106940996788,NCCM,1784.0
0.5562198145524139,0.4599093981931831,0.642106940996788,NCCM,1793.0
0.5562198145524139,0.4599093981931831,0.642106940996788,NCCM,1799.0
0.5562198145524139,0.4599093981931831,0.642106940996788,NCCM,1803.0
0.5562198145524139,0.4599093981931831,0.642106940996788,NCCM,1815.0
0.5562198145524139,0.4599093981931831,0.642106940996788,NCCM,1819.0
0.5562198145524139,0.4599093981931831,0.642106940996788,NCCM,1820.0
0.5562198145524139,0.4599093981931831,0.642106940996788,NCCM,1825.0
0.9960784313725494,0.9844117841363366,0.9990177803281827,MWOB,0.0
0.9941176470588241,0.9818737655389821,0.9980990255244346,MWOB,1.0
0.9882352941176474,0.9740017339245455,0.9946973769555119,MWOB,2.0
0.9862745098039218,0.9714259328601254,0.993432968948987,MWOB,4.0
0.9823529411764707,0.9663596123285246,0.9907788488066884,MWOB,9.0
0.9803921568627451,0.9638645645223418,0.9894017722163172,MWOB,10.0
0.97843137254902,0.9613918495225781,0.9879973472212039,MWOB,13.0
0.9764705882352942,0.9589394136784622,0.9865688957215112,MWOB,15.0
0.9764705882352942,0.9589394136784622,0.9865688957215112,MWOB,16.0
0.9745058586815011,0.9564987283170071,0.9851168054280353,MWOB,21.0
0.9725411291277074,0.9540751940545006,0.9836454911512952,MWOB,22.0
0.9705763995739144,0.9516673720708583,0.9821568102655222,MWOB,29.0
0.9686116700201204,0.9492740061191056,0.9806523322408587,MWOB,31.0
0.966646940466327,0.9468939946102015,0.9791333977314569,MWOB,33.0
0.9646822109125338,0.9445263670092156,0.977601162900282,MWOB,38.0
0.9627174813587402,0.9421702641370063,0.9760566332585308,MWOB,46.0
0.9587880222511542,0.937489657241366,0.9729341101509169,MWOB,52.0
0.9568232926973604,0.9351638577536076,0.9713575839467263,MWOB,54.0
0.9548585631435671,0.9328469713119535,0.9697717270917037,MWOB,55.0
0.952893833589774,0.9305384986129652,0.9681770919839945,MWOB,56.0
0.950929104035981,0.9282379864070869,0.9665741764388908,MWOB,58.0
0.950929104035981,0.9282379864070869,0.9665741764388908,MWOB,77.0
0.9489603067191366,0.9259391309560604,0.964960644362137,MWOB,79.0
0.9469915094022919,0.9236475375302474,0.9633396480298214,MWOB,84.0
0.9450227120854473,0.9213628521964268,0.9617115636451693,MWOB,87.0
0.9430498045445598,0.9190789177498506,0.960073861770217,MWOB,102.0
0.9410768970036715,0.9168013457086148,0.9584296928778248,MWOB,104.0
0.9391039894627834,0.9145298536754513,0.9567793499678137,MWOB,107.0
0.9371310819218949,0.9122641805965757,0.9551231033797846,MWOB,110.0
0.935158174381007,0.9100040845691703,0.9534612031841996,MWOB,111.0
0.933185266840118,0.9077493409296877,0.9517938812577558,MWOB,114.0
0.9312123592992299,0.9054997405803751,0.9501213530926291,MWOB,136.0
0.929239451758342,0.9032550885187902,0.9484438193801777,MWOB,145.0
0.9272665442174539,0.9010152025410936,0.9467614674026036,MWOB,146.0
0.9252936366765654,0.8987799120947023,0.9450744722603186,MWOB,153.0
0.9233207291356778,0.8965490572598475,0.9433829979581504,MWOB,157.0
0.9213478215947893,0.8943224878427866,0.9416871983697566,MWOB,169.0
0.9213478215947893,0.8943224878427866,0.9416871983697566,MWOB,172.0
0.9213478215947893,0.8943224878427866,0.9416871983697566,MWOB,178.0
0.9213478215947893,0.8943224878427866,0.9416871983697566,MWOB,179.0
0.9193535622406883,0.8920714883823198,0.9399713931449415,MWOB,180.0
0.9193535622406883,0.8920714883823198,0.9399713931449415,MWOB,181.0
0.9193535622406883,0.8920714883823198,0.9399713931449415,MWOB,182.0
0.9193535622406883,0.8920714883823198,0.9399713931449415,MWOB,183.0
0.9173150842756312,0.8897655051781295,0.938218676291979,MWOB,184.0
0.9173150842756312,0.8897655051781295,0.938218676291979,MWOB,185.0
0.9173150842756312,0.8897655051781295,0.938218676291979,MWOB,193.0
0.9173150842756312,0.8897655051781295,0.938218676291979,MWOB,194.0
0.9152490593110465,0.8874271946088768,0.9364412717926099,MWOB,196.0
0.9152490593110465,0.8874271946088768,0.9364412717926099,MWOB,199.0
0.9152490593110465,0.8874271946088768,0.9364412717926099,MWOB,200.0
0.9110888363141787,0.8827271803813341,0.9328525640650682,MWOB,202.0
0.9110888363141787,0.8827271803813341,0.9328525640650682,MWOB,206.0
0.9110888363141787,0.8827271803813341,0.9328525640650682,MWOB,207.0
0.9089991830198803,0.8803714743662978,0.9310447628683857,MWOB,208.0
0.9089991830198803,0.8803714743662978,0.9310447628683857,MWOB,213.0
0.9069047148562396,0.8780139385707999,0.9292292519091043,MWOB,215.0
0.9027157785289589,0.8733121096245544,0.9255862816272569,MWOB,222.0
0.9027157785289589,0.8733121096245544,0.9255862816272569,MWOB,223.0
0.9006164395091243,0.870961127849647,0.9237553811831437,MWOB,234.0
0.8985171004892893,0.8686142417416802,0.921920767851279,MWOB,248.0
0.8985171004892893,0.8686142417416802,0.921920767851279,MWOB,258.0
0.8964079054177182,0.8662584416353432,0.920075072389108,MWOB,261.0
0.8964079054177182,0.8662584416353432,0.920075072389108,MWOB,264.0
0.8964079054177182,0.8662584416353432,0.920075072389108,MWOB,267.0
0.8942837160683866,0.8638870139431413,0.918214426935339,MWOB,269.0
0.8900353373697244,0.8591559350935388,0.9144825684971556,MWOB,279.0
0.8879111480203936,0.8567960571612677,0.9126115368127993,MWOB,280.0
0.8857869586710626,0.8544398123219961,0.9107372172571753,MWOB,284.0
0.8836627693217314,0.852087101460882,0.9088596902510326,MWOB,286.0
0.8815385799723999,0.8497378304485786,0.9069790325867624,MWOB,292.0
0.8794143906230691,0.847391909795184,0.9050953176537356,MWOB,295.0
0.8772902012737386,0.8450492543346222,0.9032086156458594,MWOB,304.0
0.8751660119244073,0.8427097829362509,0.9013189937530481,MWOB,308.0
0.8751660119244073,0.8427097829362509,0.9013189937530481,MWOB,318.0
0.8730366542311613,0.8403668514016254,0.8994224862962698,MWOB,327.0
0.8709072965379145,0.8380269889927908,0.8975231626010838,MWOB,331.0
0.8687779388446673,0.8356901237790323,0.895621082559787,MWOB,332.0
0.8645192234581739,0.831025112950902,0.8918088811005329,MWOB,336.0
0.8645192234581739,0.831025112950902,0.8918088811005329,MWOB,346.0
0.8623846080916112,0.8286902315704326,0.8898947231254817,MWOB,349.0
0.8623846080916112,0.8286902315704326,0.8898947231254817,MWOB,352.0
0.8602446959127242,0.8263514767379715,0.8879738227695565,MWOB,354.0
0.8602446959127242,0.8263514767379715,0.8879738227695565,MWOB,356.0
0.8602446959127242,0.8263514767379715,0.8879738227695565,MWOB,359.0
0.8602446959127242,0.8263514767379715,0.8879738227695565,MWOB,360.0
0.8602446959127242,0.8263514767379715,0.8879738227695565,MWOB,361.0
0.8580613337403569,0.8239609120842082,0.8860161177493483,MWOB,362.0
0.8580613337403569,0.8239609120842082,0.8860161177493483,MWOB,364.0
0.8580613337403569,0.8239609120842082,0.8860161177493483,MWOB,365.0
0.8580613337403569,0.8239609120842082,0.8860161177493483,MWOB,366.0
0.8558150998823979,0.8214940513582458,0.8840063849626926,MWOB,367.0
0.8558150998823979,0.8214940513582458,0.8840063849626926,MWOB,368.0
0.8535629548827073,0.8190230370539946,0.8819891534674555,MWOB,369.0
0.8535629548827073,0.8190230370539946,0.8819891534674555,MWOB,370.0
0.8512928406409976,0.8165326289270715,0.8799549927009991,MWOB,372.0
0.846740472509227,0.8115464311430369,0.8758686093265534,MWOB,378.0
0.846740472509227,0.8115464311430369,0.8758686093265534,MWOB,379.0
0.846740472509227,0.8115464311430369,0.8758686093265534,MWOB,381.0
0.846740472509227,0.8115464311430369,0.8758686093265534,MWOB,383.0
0.846740472509227,0.8115464311430369,0.8758686093265534,MWOB,384.0
0.846740472509227,0.8115464311430369,0.8758686093265534,MWOB,387.0
0.8444206355982429,0.8090032676043528,0.8737869124081216,MWOB,389.0
0.8420944079519673,0.8064554835021001,0.8716972949080076,MWOB,390.0
0.8420944079519673,0.8064554835021001,0.8716972949080076,MWOB,391.0
0.8420944079519673,0.8064554835021001,0.8716972949080076,MWOB,394.0
0.8397487410774496,0.8038866426273777,0.8695895214404407,MWOB,404.0
0.8374030742029313,0.8013212392184564,0.8674788505591854,MWOB,410.0
0.8374030742029313,0.8013212392184564,0.8674788505591854,MWOB,412.0
0.8350441923037677,0.7987426247575342,0.8653549185770247,MWOB,415.0
0.832678628019621,0.7961590109469903,0.8632228684274202,MWOB,419.0
0.832678628019621,0.7961590109469903,0.8632228684274202,MWOB,422.0
0.832678628019621,0.7961590109469903,0.8632228684274202,MWOB,423.0
0.832678628019621,0.7961590109469903,0.8632228684274202,MWOB,427.0
0.832678628019621,0.7961590109469903,0.8632228684274202,MWOB,436.0
0.8302789777947809,0.7935360452568481,0.8610611019951785,MWOB,442.0
0.8302789777947809,0.7935360452568481,0.8610611019951785,MWOB,443.0
0.8302789777947809,0.7935360452568481,0.8610611019951785,MWOB,444.0
0.8302789777947809,0.7935360452568481,0.8610611019951785,MWOB,445.0
0.8302789777947809,0.7935360452568481,0.8610611019951785,MWOB,447.0
0.8302789777947809,0.7935360452568481,0.8610611019951785,MWOB,455.0
0.8278297772703128,0.7908543709052928,0.8588574299213279,MWOB,457.0
0.8253805767458442,0.7881764307066318,0.8566506902338246,MWOB,462.0
0.8229313762213759,0.7855021394190778,0.8544409408970086,MWOB,472.0
0.8204821756969074,0.7828314155308358,0.852228237646587,MWOB,481.0
0.8180329751724396,0.780164181040176,0.8500126341080132,MWOB,488.0
0.8155837746479709,0.7775003612517888,0.8477941819067012,MWOB,496.0
0.8131345741235021,0.7748398845880019,0.8455729307707731,MWOB,508.0
0.810685373599034,0.7721826824135559,0.8433489286269504,MWOB,512.0
0.8082361730745655,0.7695286888727814,0.8411222216901469,MWOB,521.0
0.8057869725500973,0.7668778407381405,0.838892854547279,MWOB,533.0
0.8033377720256293,0.7642300772691726,0.8366608702357365,MWOB,534.0
0.8008885715011606,0.7615853400810046,0.8344263103169371,MWOB,541.0
0.7984393709766923,0.7589435730216473,0.8321892149453414,MWOB,544.0
0.7959901704522236,0.7563047220573725,0.8299496229332612,MWOB,547.0
0.7935409699277551,0.7536687351655474,0.827707571811789,MWOB,555.0
0.791091769403287,0.7510355622343338,0.8254630978881171,MWOB,565.0
0.7886425688788188,0.7484051549687357,0.823216236299517,MWOB,579.0
0.7861933683543502,0.745777466802513,0.820967021064214,MWOB,586.0
0.7837441678298817,0.7431524528155229,0.8187154851293746,MWOB,590.0
0.7812949673054134,0.7405300696560881,0.8164616604164051,MWOB,596.0
0.7788457667809452,0.7379102754680291,0.8142055778637469,MWOB,615.0
0.7763965662564765,0.7352930298220222,0.8119472674673371,MWOB,625.0
0.7739473657320085,0.7326782936509831,0.8096867583188918,MWOB,633.0
0.77149816520754,0.7300660291891805,0.8074240786421452,MWOB,640.0
0.77149816520754,0.7300660291891805,0.8074240786421452,MWOB,651.0
0.7690411646814013,0.7274468078758961,0.8051528570056647,MWOB,663.0
0.7690411646814013,0.7274468078758961,0.8051528570056647,MWOB,669.0
0.766576289153576,0.7248205456767767,0.8028730302376441,MWOB,670.0
0.766576289153576,0.7248205456767767,0.8028730302376441,MWOB,673.0
0.7641034624143711,0.7221871575840834,0.8005845337289279,MWOB,674.0
0.7641034624143711,0.7221871575840834,0.8005845337289279,MWOB,676.0
0.761622607016922,0.7195465575835595,0.7982873014137966,MWOB,677.0
0.761622607016922,0.7195465575835595,0.7982873014137966,MWOB,678.0
0.761622607016922,0.7195465575835595,0.7982873014137966,MWOB,688.0
0.761622607016922,0.7195465575835595,0.7982873014137966,MWOB,691.0
0.761622607016922,0.7195465575835595,0.7982873014137966,MWOB,696.0
0.761622607016922,0.7195465575835595,0.7982873014137966,MWOB,698.0
0.761622607016922,0.7195465575835595,0.7982873014137966,MWOB,701.0
0.7590922993524141,0.7168489100592521,0.7959473445705687,MWOB,704.0
0.7565535291204659,0.714143692692345,0.7935981884738044,MWOB,711.0
0.7565535291204659,0.714143692692345,0.7935981884738044,MWOB,714.0
0.7565535291204659,0.714143692692345,0.7935981884738044,MWOB,715.0
0.7565535291204659,0.714143692692345,0.7935981884738044,MWOB,716.0
0.7539802177969274,0.711399486218909,0.7912184779628031,MWOB,717.0
0.751406906473388,0.7086580204987953,0.7888364220740407,MWOB,719.0
0.751406906473388,0.7086580204987953,0.7888364220740407,MWOB,720.0
0.751406906473388,0.7086580204987953,0.7888364220740407,MWOB,721.0
0.751406906473388,0.7086580204987953,0.7888364220740407,MWOB,724.0
0.751406906473388,0.7086580204987953,0.7888364220740407,MWOB,725.0
0.751406906473388,0.7086580204987953,0.7888364220740407,MWOB,726.0
0.751406906473388,0.7086580204987953,0.7888364220740407,MWOB,727.0
0.751406906473388,0.7086580204987953,0.7888364220740407,MWOB,728.0
0.751406906473388,0.7086580204987953,0.7888364220740407,MWOB,729.0
0.751406906473388,0.7086580204987953,0.7888364220740407,MWOB,730.0
0.751406906473388,0.7086580204987953,0.7888364220740407,MWOB,731.0
0.751406906473388,0.7086580204987953,0.7888364220740407,MWOB,732.0
0.751406906473388,0.7086580204987953,0.7888364220740407,MWOB,733.0
0.751406906473388,0.7086580204987953,0.7888364220740407,MWOB,734.0
0.751406906473388,0.7086580204987953,0.7888364220740407,MWOB,736.0
0.7485389411815053,0.7055602413222698,0.7862139197841582,MWOB,742.0
0.7485389411815053,0.7055602413222698,0.7862139197841582,MWOB,745.0
0.7485389411815053,0.7055602413222698,0.7862139197841582,MWOB,746.0
0.7485389411815053,0.7055602413222698,0.7862139197841582,MWOB,749.0
0.7485389411815053,0.7055602413222698,0.7862139197841582,MWOB,750.0
0.7485389411815053,0.7055602413222698,0.7862139197841582,MWOB,751.0
0.7485389411815053,0.7055602413222698,0.7862139197841582,MWOB,759.0
0.7485389411815053,0.7055602413222698,0.7862139197841582,MWOB,763.0
0.7455802892400765,0.7023546008872733,0.7835159948928939,MWOB,766.0
0.7455802892400765,0.7023546008872733,0.7835159948928939,MWOB,768.0
0.7455802892400765,0.7023546008872733,0.7835159948928939,MWOB,782.0
0.7455802892400765,0.7023546008872733,0.7835159948928939,MWOB,783.0
0.7425739171060438,0.6990945064904911,0.7807765949957652,MWOB,788.0
0.7425739171060438,0.6990945064904911,0.7807765949957652,MWOB,789.0
0.7425739171060438,0.6990945064904911,0.7807765949957652,MWOB,794.0
0.7425739171060438,0.6990945064904911,0.7807765949957652,MWOB,795.0
0.7425739171060438,0.6990945064904911,0.7807765949957652,MWOB,796.0
0.7425739171060438,0.6990945064904911,0.7807765949957652,MWOB,801.0
0.7394926975329899,0.6957462668534599,0.7779743346496995,MWOB,805.0
0.736411477959936,0.6924034340999722,0.775167857255406,MWOB,810.0
0.736411477959936,0.6924034340999722,0.775167857255406,MWOB,813.0
0.736411477959936,0.6924034340999722,0.775167857255406,MWOB,814.0
0.7333042565339448,0.689033560386529,0.7723367595186285,MWOB,818.0
0.7333042565339448,0.689033560386529,0.7723367595186285,MWOB,820.0
0.7301838128891197,0.6856526240862796,0.7694910423848806,MWOB,823.0
0.7270633692442939,0.6822770365401811,0.7666411321332941,MWOB,853.0
0.7239429255994688,0.6789066878928376,0.7637871005094915,MWOB,884.0
0.7208224819546434,0.6755414729720008,0.7609290162982535,MWOB,924.0
0.7177020383098185,0.6721812910298617,0.7580669454869261,MWOB,925.0
0.7145815946649933,0.6688260455024632,0.7552009514169543,MWOB,938.0
0.7114611510201679,0.6654756437857354,0.7523310949245988,MWOB,978.0
0.7114611510201679,0.6654756437857354,0.7523310949245988,MWOB,989.0
0.7083269609275682,0.6621131592181101,0.7494464372323149,MWOB,995.0
0.705192770834968,0.6587554313471136,0.7465579698981168,MWOB,1025.0
0.705192770834968,0.6587554313471136,0.7465579698981168,MWOB,1035.0
0.7020445888223122,0.6553852884217042,0.743654521650113,MWOB,1040.0
0.7020445888223122,0.6553852884217042,0.743654521650113,MWOB,1058.0
0.6988822258095989,0.6520025210784862,0.7407359234747583,MWOB,1069.0
0.6988822258095989,0.6520025210784862,0.7407359234747583,MWOB,1075.0
0.6988822258095989,0.6520025210784862,0.7407359234747583,MWOB,1077.0
0.6988822258095989,0.6520025210784862,0.7407359234747583,MWOB,1079.0
0.6988822258095989,0.6520025210784862,0.7407359234747583,MWOB,1081.0
0.6988822258095989,0.6520025210784862,0.7407359234747583,MWOB,1084.0
0.6988822258095989,0.6520025210784862,0.7407359234747583,MWOB,1087.0
0.6988822258095989,0.6520025210784862,0.7407359234747583,MWOB,1088.0
0.6988822258095989,0.6520025210784862,0.7407359234747583,MWOB,1089.0
0.6988822258095989,0.6520025210784862,0.7407359234747583,MWOB,1090.0
0.6988822258095989,0.6520025210784862,0.7407359234747583,MWOB,1094.0
0.6988822258095989,0.6520025210784862,0.7407359234747583,MWOB,1096.0
0.6988822258095989,0.6520025210784862,0.7407359234747583,MWOB,1097.0
0.6988822258095989,0.6520025210784862,0.7407359234747583,MWOB,1098.0
0.6988822258095989,0.6520025210784862,0.7407359234747583,MWOB,1099.0
0.6988822258095989,0.6520025210784862,0.7407359234747583,MWOB,1106.0
0.6988822258095989,0.6520025210784862,0.7407359234747583,MWOB,1107.0
0.6953346002978749,0.648148133029709,0.7375092763884384,MWOB,1108.0
0.6953346002978749,0.648148133029709,0.7375092763884384,MWOB,1113.0
0.6953346002978749,0.648148133029709,0.7375092763884384,MWOB,1114.0
0.6953346002978749,0.648148133029709,0.7375092763884384,MWOB,1118.0
0.6953346002978749,0.648148133029709,0.7375092763884384,MWOB,1137.0
0.6916749445068335,0.6441604590604907,0.734190215890205,MWOB,1138.0
0.6880152887157919,0.6401810234610379,0.7308648239283684,MWOB,1140.0
0.6880152887157919,0.6401810234610379,0.7308648239283684,MWOB,1145.0
0.6880152887157919,0.6401810234610379,0.7308648239283684,MWOB,1155.0
0.6843162817872118,0.6361602244990248,0.7275028006437863,MWOB,1156.0
0.6843162817872118,0.6361602244990248,0.7275028006437863,MWOB,1159.0
0.6843162817872118,0.6361602244990248,0.7275028006437863,MWOB,1161.0
0.6843162817872118,0.6361602244990248,0.7275028006437863,MWOB,1163.0
0.6805355288491607,0.6320448503126846,0.7240713853302928,MWOB,1169.0
0.6805355288491607,0.6320448503126846,0.7240713853302928,MWOB,1177.0
0.6805355288491607,0.6320448503126846,0.7240713853302928,MWOB,1178.0
0.6767122955410192,0.6278847615375617,0.72060052859512,MWOB,1257.0
0.6728890622328778,0.6237336440434745,0.71712276897938,MWOB,1269.0
0.669065828924737,0.6195912889456295,0.7136382461692391,MWOB,1273.0
0.6652425956165955,0.6154574977697599,0.7101470926481377,MWOB,1287.0
0.6652425956165955,0.6154574977697599,0.7101470926481377,MWOB,1319.0
0.6613972626939557,0.6113045143379529,0.7066322522748486,MWOB,1343.0
0.6575519297713169,0.6071599219127756,0.703110884681392,MWOB,1351.0
0.6537065968486776,0.6030235428573961,0.6995831080331514,MWOB,1356.0
0.6537065968486776,0.6030235428573961,0.6995831080331514,MWOB,1386.0
0.6537065968486776,0.6030235428573961,0.6995831080331514,MWOB,1414.0
0.6498154861531501,0.5988384395855187,0.696013224722584,MWOB,1425.0
0.6498154861531501,0.5988384395855187,0.696013224722584,MWOB,1427.0
0.6459009350317451,0.5946325536515044,0.6924185309091615,MWOB,1431.0
0.6419863839103409,0.5904349778487145,0.688817325595006,MWOB,1433.0
0.6419863839103409,0.5904349778487145,0.688817325595006,MWOB,1435.0
0.6419863839103409,0.5904349778487145,0.688817325595006,MWOB,1438.0
0.6419863839103409,0.5904349778487145,0.688817325595006,MWOB,1441.0
0.6419863839103409,0.5904349778487145,0.688817325595006,MWOB,1442.0
0.6419863839103409,0.5904349778487145,0.688817325595006,MWOB,1450.0
0.6419863839103409,0.5904349778487145,0.688817325595006,MWOB,1453.0
0.6419863839103409,0.5904349778487145,0.688817325595006,MWOB,1454.0
0.6419863839103409,0.5904349778487145,0.688817325595006,MWOB,1455.0
0.637734818453981,0.5858250228172179,0.6849486655040707,MWOB,1456.0
0.637734818453981,0.5858250228172179,0.6849486655040707,MWOB,1457.0
0.637734818453981,0.5858250228172179,0.6849486655040707,MWOB,1458.0
0.6333061044369391,0.5810022301728497,0.6809367078058908,MWOB,1459.0
0.6287824894052468,0.5760717010390893,0.6768432686583186,MWOB,1460.0
0.6287824894052468,0.5760717010390893,0.6768432686583186,MWOB,1461.0
0.6193976761305416,0.5658224523902919,0.6683707362681286,MWOB,1462.0
0.6193976761305416,0.5658224523902919,0.6683707362681286,MWOB,1463.0
0.6193976761305416,0.5658224523902919,0.6683707362681286,MWOB,1465.0
0.6193976761305416,0.5658224523902919,0.6683707362681286,MWOB,1466.0
0.6193976761305416,0.5658224523902919,0.6683707362681286,MWOB,1472.0
0.6193976761305416,0.5658224523902919,0.6683707362681286,MWOB,1477.0
0.6193976761305416,0.5658224523902919,0.6683707362681286,MWOB,1479.0
0.6193976761305416,0.5658224523902919,0.6683707362681286,MWOB,1483.0
0.6193976761305416,0.5658224523902919,0.6683707362681286,MWOB,1486.0
0.6193976761305416,0.5658224523902919,0.6683707362681286,MWOB,1491.0
0.6193976761305416,0.5658224523902919,0.6683707362681286,MWOB,1505.0
0.6193976761305416,0.5658224523902919,0.6683707362681286,MWOB,1510.0
0.6193976761305416,0.5658224523902919,0.6683707362681286,MWOB,1511.0
0.6193976761305416,0.5658224523902919,0.6683707362681286,MWOB,1512.0
0.6193976761305416,0.5658224523902919,0.6683707362681286,MWOB,1516.0
0.6193976761305416,0.5658224523902919,0.6683707362681286,MWOB,1517.0
0.6193976761305416,0.5658224523902919,0.6683707362681286,MWOB,1530.0
0.6193976761305416,0.5658224523902919,0.6683707362681286,MWOB,1534.0
0.6193976761305416,0.5658224523902919,0.6683707362681286,MWOB,1539.0
0.6138175168861227,0.5595600965970331,0.6634760312936469,MWOB,1575.0
0.6082373576417031,0.5533268153016211,0.6585593025168209,MWOB,1581.0
0.602657198397284,0.5471215026194813,0.6536213703604389,MWOB,1589.0
0.5970770391528644,0.540943140639148,0.6486629834248241,MWOB,1602.0
0.5914968799084451,0.5347907903502982,0.6436848264629083,MWOB,1672.0
0.5914968799084451,0.5347907903502982,0.6436848264629083,MWOB,1758.0
0.5914968799084451,0.5347907903502982,0.6436848264629083,MWOB,1782.0
0.5858094099093256,0.5285233355799909,0.6386104965577032,MWOB,1790.0
0.5858094099093256,0.5285233355799909,0.6386104965577032,MWOB,1793.0
0.5858094099093256,0.5285233355799909,0.6386104965577032,MWOB,1796.0
0.5858094099093256,0.5285233355799909,0.6386104965577032,MWOB,1804.0
0.5858094099093256,0.5285233355799909,0.6386104965577032,MWOB,1806.0
0.5858094099093256,0.5285233355799909,0.6386104965577032,MWOB,1814.0
0.5858094099093256,0.5285233355799909,0.6386104965577032,MWOB,1815.0
0.5858094099093256,0.5285233355799909,0.6386104965577032,MWOB,1817.0
0.5858094099093256,0.5285233355799909,0.6386104965577032,MWOB,1818.0
0.5858094099093256,0.5285233355799909,0.6386104965577032,MWOB,1819.0
0.5858094099093256,0.5285233355799909,0.6386104965577032,MWOB,1820.0
0.5858094099093256,0.5285233355799909,0.6386104965577032,MWOB,1821.0
0.5858094099093256,0.5285233355799909,0.6386104965577032,MWOB,1822.0
0.5858094099093256,0.5285233355799909,0.6386104965577032,MWOB,1824.0
0.5858094099093256,0.5285233355799909,0.6386104965577032,MWOB,1825.0
0.9930555555555551,0.9517324942387043,0.99901885442234,MSOP,0.0
0.9930555555555551,0.9517324942387043,0.99901885442234,MSOP,1.0
0.9790688575899834,0.9365144850564959,0.9932011363853777,MSOP,4.0
0.9720755086071979,0.9273121912961397,0.9894272019409259,MSOP,12.0
0.965082159624413,0.9181481300541313,0.9853162743943767,MSOP,16.0
0.9580888106416272,0.9090926966967405,0.9809503178904956,MSOP,23.0
0.9510954616588417,0.9001572863813175,0.9763818200290408,MSOP,25.0
0.944102112676056,0.8913373120938003,0.9716468514085846,MSOP,38.0
0.93710876369327,0.8826240007182574,0.9667714972369027,MSOP,65.0
0.9301154147104846,0.8740080531858194,0.9617753643789209,MSOP,91.0
0.9231220657276988,0.8654807994589037,0.9566736436052656,MSOP,119.0
0.9161287167449131,0.8570345062206397,0.9514783951209187,MSOP,131.0
0.9161287167449131,0.8570345062206397,0.9514783951209187,MSOP,175.0
0.9161287167449131,0.8570345062206397,0.9514783951209187,MSOP,180.0
0.9161287167449131,0.8570345062206397,0.9514783951209187,MSOP,181.0
0.9161287167449131,0.8570345062206397,0.9514783951209187,MSOP,182.0
0.9161287167449131,0.8570345062206397,0.9514783951209187,MSOP,183.0
0.9161287167449131,0.8570345062206397,0.9514783951209187,MSOP,193.0
0.9161287167449131,0.8570345062206397,0.9514783951209187,MSOP,197.0
0.9087405819324536,0.8480028715247643,0.9459701623342677,MSOP,223.0
0.9087405819324536,0.8480028715247643,0.9459701623342677,MSOP,243.0
0.9012918886379253,0.8389710690078479,0.9403394223754511,MSOP,246.0
0.8938431953433966,0.8300332654193461,0.9346279232741506,MSOP,276.0
0.8863945020488687,0.8211797986500878,0.9288426527669459,MSOP,290.0
0.8789458087543405,0.8124027529123781,0.9229895415448645,MSOP,313.0
0.871497115459812,0.8036955394186075,0.9170736747533533,MSOP,326.0
0.871497115459812,0.8036955394186075,0.9170736747533533,MSOP,346.0
0.871497115459812,0.8036955394186075,0.9170736747533533,MSOP,359.0
0.871497115459812,0.8036955394186075,0.9170736747533533,MSOP,361.0
0.871497115459812,0.8036955394186075,0.9170736747533533,MSOP,363.0
0.871497115459812,0.8036955394186075,0.9170736747533533,MSOP,364.0
0.871497115459812,0.8036955394186075,0.9170736747533533,MSOP,365.0
0.871497115459812,0.8036955394186075,0.9170736747533533,MSOP,367.0
0.871497115459812,0.8036955394186075,0.9170736747533533,MSOP,369.0
0.871497115459812,0.8036955394186075,0.9170736747533533,MSOP,370.0
0.8633522826050476,0.7939754642666622,0.9106652065277568,MSOP,372.0
0.8633522826050476,0.7939754642666622,0.9106652065277568,MSOP,375.0
0.8633522826050476,0.7939754642666622,0.9106652065277568,MSOP,377.0
0.8633522826050476,0.7939754642666622,0.9106652065277568,MSOP,378.0
0.8633522826050476,0.7939754642666622,0.9106652065277568,MSOP,379.0
0.8633522826050476,0.7939754642666622,0.9106652065277568,MSOP,383.0
0.8548042402030176,0.7837208074743721,0.9039394665983732,MSOP,394.0
0.8548042402030176,0.7837208074743721,0.9039394665983732,MSOP,395.0
0.8548042402030176,0.7837208074743721,0.9039394665983732,MSOP,432.0
0.8548042402030176,0.7837208074743721,0.9039394665983732,MSOP,435.0
0.8459918253555636,0.773164631927405,0.8969765810649059,MSOP,441.0
0.8459918253555636,0.773164631927405,0.8969765810649059,MSOP,451.0
0.8370866482465578,0.7625821615377618,0.8898792480773557,MSOP,457.0
0.8281814711375521,0.752111362208942,0.8827074150852575,MSOP,500.0
0.8281814711375521,0.752111362208942,0.8827074150852575,MSOP,518.0
0.819179498625187,0.7415957162737209,0.8754046736201813,MSOP,549.0
0.8101775261128226,0.7311776726356297,0.8680342018028063,MSOP,555.0
0.8101775261128226,0.7311776726356297,0.8680342018028063,MSOP,661.0
0.8101775261128226,0.7311776726356297,0.8680342018028063,MSOP,718.0
0.8101775261128226,0.7311776726356297,0.8680342018028063,MSOP,724.0
0.8101775261128226,0.7311776726356297,0.8680342018028063,MSOP,726.0
0.8101775261128226,0.7311776726356297,0.8680342018028063,MSOP,727.0
0.8101775261128226,0.7311776726356297,0.8680342018028063,MSOP,730.0
0.8101775261128226,0.7311776726356297,0.8680342018028063,MSOP,731.0
0.8101775261128226,0.7311776726356297,0.8680342018028063,MSOP,733.0
0.8101775261128226,0.7311776726356297,0.8680342018028063,MSOP,734.0
0.8101775261128226,0.7311776726356297,0.8680342018028063,MSOP,736.0
0.8101775261128226,0.7311776726356297,0.8680342018028063,MSOP,742.0
0.8101775261128226,0.7311776726356297,0.8680342018028063,MSOP,747.0
0.7992291811653515,0.717859816881355,0.8594053799813683,MSOP,750.0
0.7992291811653515,0.717859816881355,0.8594053799813683,MSOP,757.0
0.7881287758713883,0.7045027594169899,0.8505722354631478,MSOP,759.0
0.7881287758713883,0.7045027594169899,0.8505722354631478,MSOP,764.0
0.7881287758713883,0.7045027594169899,0.8505722354631478,MSOP,769.0
0.7881287758713883,0.7045027594169899,0.8505722354631478,MSOP,782.0
0.7881287758713883,0.7045027594169899,0.8505722354631478,MSOP,807.0
0.7763656598136064,0.690297772838123,0.8412368812236763,MSOP,819.0
0.7646025437558245,0.6763101346495838,0.8317761891564517,MSOP,852.0
0.7528394276980426,0.6625173521438354,0.8221994923936327,MSOP,901.0
0.7410763116402608,0.6489009095266691,0.8125145817355472,MSOP,917.0
0.7293131955824791,0.6354453941946886,0.8027280453339823,MSOP,919.0
0.7293131955824791,0.6354453941946886,0.8027280453339823,MSOP,923.0
0.7293131955824791,0.6354453941946886,0.8027280453339823,MSOP,1038.0
0.7293131955824791,0.6354453941946886,0.8027280453339823,MSOP,1059.0
0.7169519549793858,0.6212621840659093,0.7924669800201011,MSOP,1082.0
0.7169519549793858,0.6212621840659093,0.7924669800201011,MSOP,1088.0
0.704149241497611,0.6066015809497116,0.7818208452354712,MSOP,1089.0
0.704149241497611,0.6066015809497116,0.7818208452354712,MSOP,1090.0
0.704149241497611,0.6066015809497116,0.7818208452354712,MSOP,1096.0
0.704149241497611,0.6066015809497116,0.7818208452354712,MSOP,1097.0
0.704149241497611,0.6066015809497116,0.7818208452354712,MSOP,1098.0
0.6903423936251087,0.590641199702887,0.7704393929684471,MSOP,1099.0
0.6903423936251087,0.590641199702887,0.7704393929684471,MSOP,1100.0
0.6762537733470456,0.5744954942254005,0.7587436988282048,MSOP,1103.0
0.6762537733470456,0.5744954942254005,0.7587436988282048,MSOP,1105.0
0.6762537733470456,0.5744954942254005,0.7587436988282048,MSOP,1106.0
0.6762537733470456,0.5744954942254005,0.7587436988282048,MSOP,1108.0
0.6762537733470456,0.5744954942254005,0.7587436988282048,MSOP,1113.0
0.6762537733470456,0.5744954942254005,0.7587436988282048,MSOP,1116.0
0.6762537733470456,0.5744954942254005,0.7587436988282048,MSOP,1125.0
0.6597597788751662,0.554953542700208,0.7454945793184959,MSOP,1163.0
0.6597597788751662,0.554953542700208,0.7454945793184959,MSOP,1172.0
0.6597597788751662,0.554953542700208,0.7454945793184959,MSOP,1184.0
0.642397679431083,0.5344799868989494,0.7315228695146222,MSOP,1198.0
0.642397679431083,0.5344799868989494,0.7315228695146222,MSOP,1350.0
0.642397679431083,0.5344799868989494,0.7315228695146222,MSOP,1392.0
0.642397679431083,0.5344799868989494,0.7315228695146222,MSOP,1432.0
0.623503630036051,0.5120886984908463,0.7164493005034205,MSOP,1445.0
0.6046095806410192,0.49025373626355945,0.7010485453747091,MSOP,1447.0
0.6046095806410192,0.49025373626355945,0.7010485453747091,MSOP,1458.0
0.6046095806410192,0.49025373626355945,0.7010485453747091,MSOP,1459.0
0.6046095806410192,0.49025373626355945,0.7010485453747091,MSOP,1466.0
0.5837609744120184,0.4659550269121675,0.6842782663082771,MSOP,1469.0
0.5837609744120184,0.4659550269121675,0.6842782663082771,MSOP,1479.0
0.5837609744120184,0.4659550269121675,0.6842782663082771,MSOP,1480.0
0.5837609744120184,0.4659550269121675,0.6842782663082771,MSOP,1481.0
0.5837609744120184,0.4659550269121675,0.6842782663082771,MSOP,1484.0
0.5837609744120184,0.4659550269121675,0.6842782663082771,MSOP,1492.0
0.5837609744120184,0.4659550269121675,0.6842782663082771,MSOP,1505.0
0.5837609744120184,0.4659550269121675,0.6842782663082771,MSOP,1514.0
0.5837609744120184,0.4659550269121675,0.6842782663082771,MSOP,1558.0
0.5545729256914174,0.42880619150914256,0.6633291264936757,MSOP,1591.0
0.5253848769708165,0.3937521974232352,0.6411700845415457,MSOP,1779.0
0.5253848769708165,0.3937521974232352,0.6411700845415457,MSOP,1792.0
0.5253848769708165,0.3937521974232352,0.6411700845415457,MSOP,1821.0
0.5253848769708165,0.3937521974232352,0.6411700845415457,MSOP,1823.0
0.5253848769708165,0.3937521974232352,0.6411700845415457,MSOP,1825.0
0.9973544973544972,0.9813702114704049,0.9996269212780888,MOMA,0.0
0.9973544973544972,0.9813702114704049,0.9996269212780888,MOMA,1.0
0.9947019587977031,0.9789836687548757,0.9986723390143695,MOMA,2.0
0.9920494202409096,0.9755537659318999,0.9974288477745008,MOMA,3.0
0.9893968816841159,0.9719974465944076,0.9960072361299092,MOMA,5.0
0.9867443431273212,0.968448101328708,0.9944611810361573,MOMA,8.0
0.9867443431273212,0.968448101328708,0.9944611810361573,MOMA,11.0
0.9840846548709132,0.9649190395892956,0.9928183666598986,MOMA,15.0
0.9814249666145055,0.9614331654291215,0.9911013646655401,MOMA,16.0
0.9787652783580981,0.9579886264324406,0.9893238205745237,MOMA,17.0
0.9734459018452817,0.95120993423564,0.9856240491832016,MOMA,37.0
0.9707862135888741,0.9478689779841595,0.9837149318861764,MOMA,51.0
0.9681265253324661,0.9445562784133875,0.9817727663698712,MOMA,52.0
0.9654668370760581,0.9412692862716571,0.9798012202455544,MOMA,70.0
0.9628071488196509,0.9380057799022377,0.9778033114287246,MOMA,84.0
0.9601474605632423,0.9347638222078797,0.9757815593484727,MOMA,121.0
0.9574877723068349,0.9315417193071954,0.9737380936152319,MOMA,126.0
0.9548280840504266,0.9283379840217534,0.9716747339391174,MOMA,128.0
0.9495087075376109,0.9219805194013584,0.9674944077083691,MOMA,132.0
0.9468490192812032,0.9188245935474116,0.9653800037746881,MOMA,133.0
0.9441893310247955,0.915682602374838,0.9632508945770561,MOMA,134.0
0.9388699545119794,0.9094371844429977,0.9589522110371258,MOMA,140.0
0.9362102662555715,0.9063323317645857,0.9567842251280532,MOMA,142.0
0.9335505779991635,0.9032385423357598,0.9546047373255282,MOMA,156.0
0.9308832906334519,0.9001443097132094,0.9524091422364276,MOMA,162.0
0.9282160032677402,0.8970602426419613,0.9502031310312259,MOMA,165.0
0.9282160032677402,0.8970602426419613,0.9502031310312259,MOMA,167.0
0.9282160032677402,0.8970602426419613,0.9502031310312259,MOMA,168.0
0.9282160032677402,0.8970602426419613,0.9502031310312259,MOMA,173.0
0.9255255220988476,0.8939528626613393,0.9479710911242928,MOMA,174.0
0.9255255220988476,0.8939528626613393,0.9479710911242928,MOMA,175.0
0.9255255220988476,0.8939528626613393,0.9479710911242928,MOMA,177.0
0.9255255220988476,0.8939528626613393,0.9479710911242928,MOMA,180.0
0.9255255220988476,0.8939528626613393,0.9479710911242928,MOMA,181.0
0.9255255220988476,0.8939528626613393,0.9479710911242928,MOMA,183.0
0.9255255220988476,0.8939528626613393,0.9479710911242928,MOMA,187.0
0.9255255220988476,0.8939528626613393,0.9479710911242928,MOMA,190.0
0.9255255220988476,0.8939528626613393,0.9479710911242928,MOMA,193.0
0.9227461661766284,0.8907287051438052,0.945667643945984,MOMA,196.0
0.9227461661766284,0.8907287051438052,0.945667643945984,MOMA,197.0
0.9199584134087231,0.8875037541106866,0.9433482105385778,MOMA,199.0
0.9199584134087231,0.8875037541106866,0.9433482105385778,MOMA,212.0
0.9171536621483303,0.8842655111487974,0.9410071328517688,MOMA,216.0
0.9143489108879379,0.8810378351257211,0.9386565491798605,MOMA,221.0
0.9115441596275452,0.8778202117952444,0.9362968722843747,MOMA,227.0
0.9115441596275452,0.8778202117952444,0.9362968722843747,MOMA,232.0
0.9087307517274603,0.8746001368123603,0.9339223304197263,MOMA,247.0
0.9059173438273757,0.8713893657877679,0.9315393509513463,MOMA,248.0
0.9059173438273757,0.8713893657877679,0.9315393509513463,MOMA,257.0
0.9030951714166984,0.8681754324665559,0.9291419719195115,MOMA,259.0
0.9030951714166984,0.8681754324665559,0.9291419719195115,MOMA,271.0
0.9030951714166984,0.8681754324665559,0.9291419719195115,MOMA,272.0
0.9002552494940039,0.8649458341069369,0.926723927571343,MOMA,279.0
0.9002552494940039,0.8649458341069369,0.926723927571343,MOMA,280.0
0.8974063404766177,0.8617125474897316,0.9242916544239168,MOMA,290.0
0.8945574314592314,0.8584876327603892,0.9218518604189548,MOMA,299.0
0.8917085224418453,0.8552707575364767,0.9194048110886824,MOMA,304.0
0.8917085224418453,0.8552707575364767,0.9194048110886824,MOMA,326.0
0.8888504823058134,0.8520493131795742,0.916944059542186,MOMA,327.0
0.8888504823058134,0.8520493131795742,0.916944059542186,MOMA,349.0
0.8859832226854722,0.8488230616544173,0.9144696824404991,MOMA,355.0
0.8859832226854722,0.8488230616544173,0.9144696824404991,MOMA,357.0
0.8859832226854722,0.8488230616544173,0.9144696824404991,MOMA,359.0
0.8859832226854722,0.8488230616544173,0.9144696824404991,MOMA,360.0
0.8859832226854722,0.8488230616544173,0.9144696824404991,MOMA,361.0
0.8859832226854722,0.8488230616544173,0.9144696824404991,MOMA,362.0
0.8859832226854722,0.8488230616544173,0.9144696824404991,MOMA,363.0
0.8859832226854722,0.8488230616544173,0.9144696824404991,MOMA,364.0
0.8859832226854722,0.8488230616544173,0.9144696824404991,MOMA,365.0
0.8859832226854722,0.8488230616544173,0.9144696824404991,MOMA,366.0
0.8859832226854722,0.8488230616544173,0.9144696824404991,MOMA,367.0
0.8859832226854722,0.8488230616544173,0.9144696824404991,MOMA,368.0
0.8827731385453081,0.8451373024848869,0.9117404596631042,MOMA,369.0
0.8827731385453081,0.8451373024848869,0.9117404596631042,MOMA,370.0
0.8827731385453081,0.8451373024848869,0.9117404596631042,MOMA,371.0
0.8827731385453081,0.8451373024848869,0.9117404596631042,MOMA,372.0
0.8827731385453081,0.8451373024848869,0.9117404596631042,MOMA,373.0
0.8795036084025475,0.8413817219299152,0.9089596332986648,MOMA,379.0
0.8762218785204486,0.8376221571319734,0.9061605545202778,MOMA,380.0
0.8762218785204486,0.8376221571319734,0.9061605545202778,MOMA,381.0
0.8762218785204486,0.8376221571319734,0.9061605545202778,MOMA,384.0
0.8762218785204486,0.8376221571319734,0.9061605545202778,MOMA,387.0
0.8762218785204486,0.8376221571319734,0.9061605545202778,MOMA,391.0
0.8762218785204486,0.8376221571319734,0.9061605545202778,MOMA,395.0
0.8762218785204486,0.8376221571319734,0.9061605545202778,MOMA,398.0
0.8728647065720941,0.8337710864749471,0.9032983699795999,MOMA,404.0
0.8728647065720941,0.8337710864749471,0.9032983699795999,MOMA,412.0
0.8694945725698855,0.8299153586473218,0.9004172339079448,MOMA,413.0
0.8694945725698855,0.8299153586473218,0.9004172339079448,MOMA,426.0
0.8694945725698855,0.8299153586473218,0.9004172339079448,MOMA,431.0
0.8694945725698855,0.8299153586473218,0.9004172339079448,MOMA,435.0
0.8694945725698855,0.8299153586473218,0.9004172339079448,MOMA,445.0
0.8694945725698855,0.8299153586473218,0.9004172339079448,MOMA,450.0
0.8694945725698855,0.8299153586473218,0.9004172339079448,MOMA,451.0
0.8694945725698855,0.8299153586473218,0.9004172339079448,MOMA,454.0
0.8660165942796061,0.8259239964243321,0.8974497445790085,MOMA,462.0
0.862538615989327,0.821946698944381,0.8944720858741468,MOMA,463.0
0.8590606376990475,0.8179828041138397,0.891484630946231,MOMA,465.0
0.8555826594087674,0.8140317041144521,0.8884877267892258,MOMA,467.0
0.8521046811184885,0.8100928395083757,0.8854816968021433,MOMA,473.0
0.8486267028282088,0.8061656941286949,0.8824668430294995,MOMA,492.0
0.8451487245379289,0.8022497906329554,0.8794434481277902,MOMA,493.0
0.8416707462476498,0.7983446866189422,0.8764117770986313,MOMA,504.0
0.8381927679573699,0.7944499712193459,0.873372078822188,MOMA,511.0
0.8347147896670903,0.7905652621060465,0.8703245874188636,MOMA,515.0
0.8312368113768112,0.7866902028461209,0.8672695234626083,MOMA,556.0
0.8277588330865316,0.7828244605610384,0.8642070950655214,MOMA,578.0
0.824280854796252,0.77896772384813,0.861137498850347,MOMA,590.0
0.8208028765059726,0.7751197009297214,0.8580609208249566,MOMA,605.0
0.8173248982156927,0.7712801180005402,0.8549775371708386,MOMA,630.0
0.8138469199254134,0.7674487177483441,0.8518875149558874,MOMA,633.0
0.8138469199254134,0.7674487177483441,0.8518875149558874,MOMA,638.0
0.8103540146896823,0.7636060232743932,0.8487796296260799,MOMA,660.0
0.8068611094539507,0.7597711936866708,0.8456653214898737,MOMA,696.0
0.8033682042182198,0.7559440068587612,0.8425447373315591,MOMA,710.0
0.8033682042182198,0.7559440068587612,0.8425447373315591,MOMA,711.0
0.8033682042182198,0.7559440068587612,0.8425447373315591,MOMA,712.0
0.8033682042182198,0.7559440068587612,0.8425447373315591,MOMA,714.0
0.8033682042182198,0.7559440068587612,0.8425447373315591,MOMA,719.0
0.8033682042182198,0.7559440068587612,0.8425447373315591,MOMA,720.0
0.8033682042182198,0.7559440068587612,0.8425447373315591,MOMA,721.0
0.8033682042182198,0.7559440068587612,0.8425447373315591,MOMA,723.0
0.8033682042182198,0.7559440068587612,0.8425447373315591,MOMA,725.0
0.8033682042182198,0.7559440068587612,0.8425447373315591,MOMA,726.0
0.8033682042182198,0.7559440068587612,0.8425447373315591,MOMA,727.0
0.8033682042182198,0.7559440068587612,0.8425447373315591,MOMA,728.0
0.8033682042182198,0.7559440068587612,0.8425447373315591,MOMA,729.0
0.8033682042182198,0.7559440068587612,0.8425447373315591,MOMA,730.0
0.8033682042182198,0.7559440068587612,0.8425447373315591,MOMA,731.0
0.8033682042182198,0.7559440068587612,0.8425447373315591,MOMA,732.0
0.8033682042182198,0.7559440068587612,0.8425447373315591,MOMA,733.0
0.8033682042182198,0.7559440068587612,0.8425447373315591,MOMA,735.0
0.8033682042182198,0.7559440068587612,0.8425447373315591,MOMA,736.0
0.8033682042182198,0.7559440068587612,0.8425447373315591,MOMA,738.0
0.8033682042182198,0.7559440068587612,0.8425447373315591,MOMA,747.0
0.8033682042182198,0.7559440068587612,0.8425447373315591,MOMA,748.0
0.8033682042182198,0.7559440068587612,0.8425447373315591,MOMA,750.0
0.8033682042182198,0.7559440068587612,0.8425447373315591,MOMA,760.0
0.7991839948212499,0.751217166729357,0.8389027314873824,MOMA,768.0
0.7991839948212499,0.751217166729357,0.8389027314873824,MOMA,774.0
0.7991839948212499,0.751217166729357,0.8389027314873824,MOMA,776.0
0.7991839948212499,0.751217166729357,0.8389027314873824,MOMA,780.0
0.7949330161253924,0.7464165682893616,0.8352010728636733,MOMA,802.0
0.7949330161253924,0.7464165682893616,0.8352010728636733,MOMA,806.0
0.7906591827053626,0.7416016984944209,0.8314712033161513,MOMA,809.0
0.7906591827053626,0.7416016984944209,0.8314712033161513,MOMA,817.0
0.7863621219297902,0.7367718687445199,0.8277129460934838,MOMA,822.0
0.782065061154217,0.731957856883487,0.8239433201473549,MOMA,840.0
0.782065061154217,0.731957856883487,0.8239433201473549,MOMA,841.0
0.7777442597113758,0.727127580948508,0.8201452698849376,MOMA,903.0
0.7691026568256938,0.7175114915939741,0.8125167438899668,MOMA,934.0
0.7647818553828527,0.7127246340308847,0.8086868761066813,MOMA,944.0
0.7647818553828527,0.7127246340308847,0.8086868761066813,MOMA,996.0
0.7604365039318144,0.7079192309742544,0.8048286694645839,MOMA,1006.0
0.7560911524807752,0.703127194129472,0.8009604901510993,MOMA,1013.0
0.7560911524807752,0.703127194129472,0.8009604901510993,MOMA,1026.0
0.7560911524807752,0.703127194129472,0.8009604901510993,MOMA,1032.0
0.7472993948937898,0.6934510594484355,0.7931190133690198,MOMA,1046.0
0.7472993948937898,0.6934510594484355,0.7931190133690198,MOMA,1051.0
0.7428775049831756,0.6885987794264274,0.7891640727505588,MOMA,1053.0
0.7384556150725619,0.683759202126051,0.7851995091261872,MOMA,1061.0
0.7384556150725619,0.683759202126051,0.7851995091261872,MOMA,1063.0
0.7384556150725619,0.683759202126051,0.7851995091261872,MOMA,1070.0
0.7384556150725619,0.683759202126051,0.7851995091261872,MOMA,1084.0
0.7384556150725619,0.683759202126051,0.7851995091261872,MOMA,1087.0
0.7339252125261041,0.6787923729687739,0.7811435164574049,MOMA,1088.0
0.7339252125261041,0.6787923729687739,0.7811435164574049,MOMA,1089.0
0.7339252125261041,0.6787923729687739,0.7811435164574049,MOMA,1091.0
0.7339252125261041,0.6787923729687739,0.7811435164574049,MOMA,1092.0
0.7339252125261041,0.6787923729687739,0.7811435164574049,MOMA,1094.0
0.7339252125261041,0.6787923729687739,0.7811435164574049,MOMA,1095.0
0.7339252125261041,0.6787923729687739,0.7811435164574049,MOMA,1096.0
0.7339252125261041,0.6787923729687739,0.7811435164574049,MOMA,1097.0
0.7339252125261041,0.6787923729687739,0.7811435164574049,MOMA,1098.0
0.7339252125261041,0.6787923729687739,0.7811435164574049,MOMA,1104.0
0.7339252125261041,0.6787923729687739,0.7811435164574049,MOMA,1108.0
0.7339252125261041,0.6787923729687739,0.7811435164574049,MOMA,1112.0
0.7339252125261041,0.6787923729687739,0.7811435164574049,MOMA,1123.0
0.7339252125261041,0.6787923729687739,0.7811435164574049,MOMA,1136.0
0.7339252125261041,0.6787923729687739,0.7811435164574049,MOMA,1138.0
0.7339252125261041,0.6787923729687739,0.7811435164574049,MOMA,1150.0
0.7339252125261041,0.6787923729687739,0.7811435164574049,MOMA,1156.0
0.7339252125261041,0.6787923729687739,0.7811435164574049,MOMA,1158.0
0.7339252125261041,0.6787923729687739,0.7811435164574049,MOMA,1169.0
0.7339252125261041,0.6787923729687739,0.7811435164574049,MOMA,1179.0
0.7339252125261041,0.6787923729687739,0.7811435164574049,MOMA,1185.0
0.728322729987737,0.6724129909269531,0.7763021931357639,MOMA,1212.0
0.7227202474493698,0.6660645984485087,0.7714392832781015,MOMA,1223.0
0.7171177649110025,0.6597457922791461,0.7665556400734944,MOMA,1258.0
0.7115152823726354,0.6534552877923213,0.7616520412420045,MOMA,1288.0
0.7059127998342682,0.6471919059526662,0.7567291979560493,MOMA,1304.0
0.7003103172959013,0.6409545620728866,0.7517877624298427,MOMA,1340.0
0.694707834757534,0.6347422560708482,0.7468283344110831,MOMA,1387.0
0.694707834757534,0.6347422560708482,0.7468283344110831,MOMA,1391.0
0.6890598035806439,0.6284940095125041,0.7418184033908422,MOMA,1400.0
0.6890598035806439,0.6284940095125041,0.7418184033908422,MOMA,1424.0
0.6833650944601424,0.6222084333200207,0.7367570523051604,MOMA,1425.0
0.6833650944601424,0.6222084333200207,0.7367570523051604,MOMA,1427.0
0.6833650944601424,0.6222084333200207,0.7367570523051604,MOMA,1428.0
0.6833650944601424,0.6222084333200207,0.7367570523051604,MOMA,1432.0
0.6833650944601424,0.6222084333200207,0.7367570523051604,MOMA,1442.0
0.6833650944601424,0.6222084333200207,0.7367570523051604,MOMA,1443.0
0.6833650944601424,0.6222084333200207,0.7367570523051604,MOMA,1446.0
0.6833650944601424,0.6222084333200207,0.7367570523051604,MOMA,1447.0
0.6833650944601424,0.6222084333200207,0.7367570523051604,MOMA,1448.0
0.6833650944601424,0.6222084333200207,0.7367570523051604,MOMA,1450.0
0.6833650944601424,0.6222084333200207,0.7367570523051604,MOMA,1454.0
0.6769182539463674,0.6149416866556955,0.7311439788212216,MOMA,1456.0
0.6769182539463674,0.6149416866556955,0.7311439788212216,MOMA,1457.0
0.6769182539463674,0.6149416866556955,0.7311439788212216,MOMA,1459.0
0.6769182539463674,0.6149416866556955,0.7311439788212216,MOMA,1462.0
0.6701490714069034,0.6072734215971357,0.7252821859843959,MOMA,1463.0
0.6633108155762204,0.5995552802056023,0.7193417614883509,MOMA,1464.0
0.6633108155762204,0.5995552802056023,0.7193417614883509,MOMA,1465.0
0.6633108155762204,0.5995552802056023,0.7193417614883509,MOMA,1474.0
0.6633108155762204,0.5995552802056023,0.7193417614883509,MOMA,1485.0
0.6633108155762204,0.5995552802056023,0.7193417614883509,MOMA,1490.0
0.6561009154069134,0.591371644192668,0.7131175703395296,MOMA,1494.0
0.6488910152376068,0.5832402059897602,0.7068566562565982,MOMA,1502.0
0.6488910152376068,0.5832402059897602,0.7068566562565982,MOMA,1520.0
0.6488910152376068,0.5832402059897602,0.7068566562565982,MOMA,1522.0
0.6488910152376068,0.5832402059897602,0.7068566562565982,MOMA,1526.0
0.6488910152376068,0.5832402059897602,0.7068566562565982,MOMA,1533.0
0.6488910152376068,0.5832402059897602,0.7068566562565982,MOMA,1535.0
0.6412570032936347,0.574575348167739,0.7002747970936705,MOMA,1555.0
0.6336229913496633,0.5659699900448654,0.693651046710024,MOMA,1562.0
0.6259889794056913,0.5574212126957837,0.6869872801479306,MOMA,1580.0
0.6183549674617196,0.5489263890176379,0.6802851658417062,MOMA,1606.0
0.6107209555177472,0.5404831468283434,0.6735461941831598,MOMA,1657.0
0.6107209555177472,0.5404831468283434,0.6735461941831598,MOMA,1667.0
0.6029903105111935,0.5319602951252289,0.6667043217273801,MOMA,1705.0
0.5952596655046398,0.5234873864282196,0.6598264556472926,MOMA,1715.0
0.5875290204980859,0.51506249529311,0.6529137780497392,MOMA,1725.0
0.5875290204980859,0.51506249529311,0.6529137780497392,MOMA,1782.0
0.5875290204980859,0.51506249529311,0.6529137780497392,MOMA,1788.0
0.5875290204980859,0.51506249529311,0.6529137780497392,MOMA,1801.0
0.5794806777515369,0.5062649809816796,0.6457430797461593,MOMA,1802.0
0.5794806777515369,0.5062649809816796,0.6457430797461593,MOMA,1809.0
0.5794806777515369,0.5062649809816796,0.6457430797461593,MOMA,1811.0
0.5794806777515369,0.5062649809816796,0.6457430797461593,MOMA,1813.0
0.5794806777515369,0.5062649809816796,0.6457430797461593,MOMA,1818.0
0.5794806777515369,0.5062649809816796,0.6457430797461593,MOMA,1820.0
0.5794806777515369,0.5062649809816796,0.6457430797461593,MOMA,1821.0
0.5794806777515369,0.5062649809816796,0.6457430797461593,MOMA,1822.0
0.5794806777515369,0.5062649809816796,0.6457430797461593,MOMA,1824.0
0.5794806777515369,0.5062649809816796,0.6457430797461593,MOMA,1825.0
1.0,1.0,1.0,MNOP,0.0
0.9969135802469138,0.9782944175228594,0.9995646589419428,MNOP,3.0
0.990740740740741,0.9715691533881985,0.9970042875017198,MNOP,6.0
0.9876543209876545,0.9674429004164096,0.9953484877375317,MNOP,7.0
0.984567901234568,0.963323999136827,0.9935476169308415,MNOP,8.0
0.981481481481482,0.959246773736611,0.9916376180161829,MNOP,11.0
0.9783950617283951,0.9552176618567348,0.9896414768830603,MNOP,12.0
0.9753086419753092,0.9512353756984685,0.9875749694346503,MNOP,17.0
0.9722222222222225,0.9472964821138371,0.9854494902199638,MNOP,21.0
0.9691358024691359,0.9433971641499268,0.9832735939104668,MNOP,26.0
0.9660493827160495,0.9395337967587141,0.9810539011775833,MNOP,38.0
0.9660493827160495,0.9395337967587141,0.9810539011775833,MNOP,42.0
0.9629431146044227,0.9356687632928162,0.9787843378995991,MNOP,54.0
0.9598368464927957,0.9318351411596465,0.9764799367540947,MNOP,55.0
0.9567305783811677,0.9280301026701536,0.9741442662638115,MNOP,56.0
0.9536243102695406,0.9242512126238721,0.9717803044009111,MNOP,67.0
0.9505180421579137,0.9204963613885259,0.9693905675538967,MNOP,72.0
0.9474117740462868,0.9167637102076777,0.9669772053186071,MNOP,74.0
0.9443055059346596,0.913051646818346,0.9645420715842059,MNOP,87.0
0.9380929697114052,0.9056837575207757,0.9596127399836626,MNOP,103.0
0.9318804334881506,0.8983831142334391,0.9546132712070753,MNOP,105.0
0.928774165376524,0.8947555525985124,0.952089935808264,MNOP,120.0
0.9256678972648966,0.8911420460205143,0.9495520819365704,MNOP,130.0
0.9256678972648966,0.8911420460205143,0.9495520819365704,MNOP,156.0
0.9256678972648966,0.8911420460205143,0.9495520819365704,MNOP,168.0
0.9256678972648966,0.8911420460205143,0.9495520819365704,MNOP,169.0
0.9256678972648966,0.8911420460205143,0.9495520819365704,MNOP,170.0
0.9256678972648966,0.8911420460205143,0.9495520819365704,MNOP,178.0
0.9256678972648966,0.8911420460205143,0.9495520819365704,MNOP,181.0
0.9256678972648966,0.8911420460205143,0.9495520819365704,MNOP,182.0
0.9256678972648966,0.8911420460205143,0.9495520819365704,MNOP,186.0
0.9224085032604425,0.8873181412066227,0.9468970765817438,MNOP,193.0
0.9191491092559889,0.8835109998470287,0.9442271466559149,MNOP,194.0
0.9191491092559889,0.8835109998470287,0.9442271466559149,MNOP,200.0
0.9191491092559889,0.8835109998470287,0.9442271466559149,MNOP,202.0
0.9191491092559889,0.8835109998470287,0.9442271466559149,MNOP,204.0
0.9158546680041754,0.8796687375857614,0.9415192771130505,MNOP,205.0
0.9125602267523619,0.8758422294142103,0.9387975674753276,MNOP,210.0
0.9125602267523619,0.8758422294142103,0.9387975674753276,MNOP,211.0
0.9125602267523619,0.8758422294142103,0.9387975674753276,MNOP,212.0
0.9125602267523619,0.8758422294142103,0.9387975674753276,MNOP,223.0
0.9091803740606863,0.8719077646510571,0.9360041594529912,MNOP,238.0
0.9058005213690108,0.8679894161143489,0.9331972212412549,MNOP,248.0
0.9058005213690108,0.8679894161143489,0.9331972212412549,MNOP,253.0
0.9023824061940333,0.8640317366604764,0.9303509492511548,MNOP,255.0
0.8955461758440785,0.8561613179056302,0.9246207753817265,MNOP,256.0
0.8921280606691016,0.852247022267147,0.9217379637949448,MNOP,267.0
0.8921280606691016,0.852247022267147,0.9217379637949448,MNOP,269.0
0.8921280606691016,0.852247022267147,0.9217379637949448,MNOP,270.0
0.8921280606691016,0.852247022267147,0.9217379637949448,MNOP,272.0
0.8886701999688341,0.8482904178098614,0.9188158758793579,MNOP,307.0
0.8852123392685658,0.8443469822852182,0.9158826811892241,MNOP,311.0
0.8817544785682978,0.8404160984848572,0.9129388158360794,MNOP,322.0
0.8817544785682978,0.8404160984848572,0.9129388158360794,MNOP,332.0
0.8782830042432259,0.8364785376515261,0.9099749070694187,MNOP,339.0
0.8782830042432259,0.8364785376515261,0.9099749070694187,MNOP,342.0
0.8782830042432259,0.8364785376515261,0.9099749070694187,MNOP,355.0
0.8782830042432259,0.8364785376515261,0.9099749070694187,MNOP,358.0
0.8782830042432259,0.8364785376515261,0.9099749070694187,MNOP,359.0
0.8782830042432259,0.8364785376515261,0.9099749070694187,MNOP,361.0
0.8782830042432259,0.8364785376515261,0.9099749070694187,MNOP,362.0
0.8782830042432259,0.8364785376515261,0.9099749070694187,MNOP,364.0
0.8782830042432259,0.8364785376515261,0.9099749070694187,MNOP,365.0
0.8782830042432259,0.8364785376515261,0.9099749070694187,MNOP,366.0
0.8743967962598485,0.8319756753970969,0.9067081729618748,MNOP,368.0
0.8743967962598485,0.8319756753970969,0.9067081729618748,MNOP,369.0
0.8704580719523715,0.8274179847779713,0.9033910772593325,MNOP,370.0
0.8704580719523715,0.8274179847779713,0.9033910772593325,MNOP,371.0
0.8704580719523715,0.8274179847779713,0.9033910772593325,MNOP,372.0
0.8664833775598947,0.8228290840067659,0.9000350008858552,MNOP,373.0
0.8664833775598947,0.8228290840067659,0.9000350008858552,MNOP,374.0
0.8664833775598947,0.8228290840067659,0.9000350008858552,MNOP,376.0
0.8664833775598947,0.8228290840067659,0.9000350008858552,MNOP,379.0
0.8664833775598947,0.8228290840067659,0.9000350008858552,MNOP,382.0
0.8623768212681413,0.8180737713955532,0.8965735144534763,MNOP,383.0
0.8623768212681413,0.8180737713955532,0.8965735144534763,MNOP,390.0
0.8582506163816909,0.8133118262819441,0.8930836036584303,MNOP,393.0
0.8582506163816909,0.8133118262819441,0.8930836036584303,MNOP,394.0
0.8582506163816909,0.8133118262819441,0.8930836036584303,MNOP,395.0
0.8540435055170749,0.8084567362406705,0.889522959520729,MNOP,396.0
0.8540435055170749,0.8084567362406705,0.889522959520729,MNOP,417.0
0.8540435055170749,0.8084567362406705,0.889522959520729,MNOP,420.0
0.8540435055170749,0.8084567362406705,0.889522959520729,MNOP,425.0
0.8497732879894897,0.8035342302294515,0.8859035988012856,MNOP,426.0
0.8497732879894897,0.8035342302294515,0.8859035988012856,MNOP,429.0
0.8497732879894897,0.8035342302294515,0.8859035988012856,MNOP,437.0
0.8497732879894897,0.8035342302294515,0.8859035988012856,MNOP,441.0
0.8497732879894897,0.8035342302294515,0.8859035988012856,MNOP,449.0
0.8454154762562103,0.7985103848163467,0.8822083140785223,MNOP,486.0
0.8410576645229308,0.7935085344276926,0.8784976855230962,MNOP,506.0
0.8366998527896513,0.7885275308401598,0.8747723285864702,MNOP,528.0
0.8323420410563719,0.7835663305544768,0.8710328099781847,MNOP,531.0
0.8279842293230925,0.7786239822635342,0.8672796530546041,MNOP,539.0
0.8236264175898133,0.7736996161522951,0.8635133424407292,MNOP,553.0
0.8192686058565336,0.7687924347172478,0.8597343280169074,MNOP,570.0
0.8149107941232544,0.7639017048535042,0.8559430283759963,MNOP,587.0
0.8105529823899751,0.7590267510050098,0.8521398338361321,MNOP,620.0
0.806195170656695,0.7541669492108186,0.8483251090783409,MNOP,629.0
0.8018373589234161,0.7493217219102098,0.8444991954656489,MNOP,633.0
0.8018373589234161,0.7493217219102098,0.8444991954656489,MNOP,687.0
0.8018373589234161,0.7493217219102098,0.8444991954656489,MNOP,694.0
0.8018373589234161,0.7493217219102098,0.8444991954656489,MNOP,701.0
0.8018373589234161,0.7493217219102098,0.8444991954656489,MNOP,703.0
0.7973827069293971,0.7443623912796191,0.8405909387871054,MNOP,705.0
0.7973827069293971,0.7443623912796191,0.8405909387871054,MNOP,715.0
0.79290302880058,0.739384906265636,0.8366528147416703,MNOP,716.0
0.79290302880058,0.739384906265636,0.8366528147416703,MNOP,717.0
0.79290302880058,0.739384906265636,0.8366528147416703,MNOP,721.0
0.79290302880058,0.739384906265636,0.8366528147416703,MNOP,725.0
0.79290302880058,0.739384906265636,0.8366528147416703,MNOP,726.0
0.79290302880058,0.739384906265636,0.8366528147416703,MNOP,728.0
0.79290302880058,0.739384906265636,0.8366528147416703,MNOP,729.0
0.79290302880058,0.739384906265636,0.8366528147416703,MNOP,730.0
0.7880085656598361,0.7338678386542514,0.8324014313186406,MNOP,731.0
0.7880085656598361,0.7338678386542514,0.8324014313186406,MNOP,734.0
0.7880085656598361,0.7338678386542514,0.8324014313186406,MNOP,737.0
0.7880085656598361,0.7338678386542514,0.8324014313186406,MNOP,740.0
0.7828916269217848,0.7280697741976719,0.8279763884126877,MNOP,745.0
0.7828916269217848,0.7280697741976719,0.8279763884126877,MNOP,747.0
0.7777410241130888,0.7222502200589356,0.8235104133844747,MNOP,752.0
0.7777410241130888,0.7222502200589356,0.8235104133844747,MNOP,754.0
0.7777410241130888,0.7222502200589356,0.8235104133844747,MNOP,756.0
0.7777410241130888,0.7222502200589356,0.8235104133844747,MNOP,757.0
0.7777410241130888,0.7222502200589356,0.8235104133844747,MNOP,760.0
0.7777410241130888,0.7222502200589356,0.8235104133844747,MNOP,762.0
0.7777410241130888,0.7222502200589356,0.8235104133844747,MNOP,763.0
0.7777410241130888,0.7222502200589356,0.8235104133844747,MNOP,767.0
0.7777410241130888,0.7222502200589356,0.8235104133844747,MNOP,769.0
0.7777410241130888,0.7222502200589356,0.8235104133844747,MNOP,776.0
0.7777410241130888,0.7222502200589356,0.8235104133844747,MNOP,781.0
0.7777410241130888,0.7222502200589356,0.8235104133844747,MNOP,784.0
0.7777410241130888,0.7222502200589356,0.8235104133844747,MNOP,786.0
0.7777410241130888,0.7222502200589356,0.8235104133844747,MNOP,787.0
0.7720640823312416,0.7157303604944548,0.8186598045191337,MNOP,797.0
0.7720640823312416,0.7157303604944548,0.8186598045191337,MNOP,802.0
0.7606260959263341,0.7026758612824882,0.8088316250256777,MNOP,830.0
0.7549071027238803,0.6961972353380037,0.8038842863644864,MNOP,841.0
0.7491881095214266,0.689748954816254,0.7989159275641038,MNOP,897.0
0.7434691163189731,0.6833296375873296,0.7939273154439248,MNOP,921.0
0.7377501231165194,0.6769380194319193,0.7889191531894901,MNOP,924.0
0.7320311299140657,0.670572941078572,0.7838920875022871,MNOP,961.0
0.7263121367116122,0.6642333370039253,0.7788467147171796,MNOP,978.0
0.7205931435091586,0.6579182257139058,0.7737835860647896,MNOP,987.0
0.7205931435091586,0.6579182257139058,0.7737835860647896,MNOP,994.0
0.7148283983610852,0.6515664687015412,0.7686697417000553,MNOP,1018.0
0.7090636532130116,0.6452382423258112,0.7635386352348886,MNOP,1020.0
0.7090636532130116,0.6452382423258112,0.7635386352348886,MNOP,1021.0
0.7090636532130116,0.6452382423258112,0.7635386352348886,MNOP,1024.0
0.7090636532130116,0.6452382423258112,0.7635386352348886,MNOP,1039.0
0.6972459256594618,0.6322740773834877,0.7530131343107184,MNOP,1040.0
0.6972459256594618,0.6322740773834877,0.7530131343107184,MNOP,1045.0
0.6972459256594618,0.6322740773834877,0.7530131343107184,MNOP,1049.0
0.6972459256594618,0.6322740773834877,0.7530131343107184,MNOP,1060.0
0.6972459256594618,0.6322740773834877,0.7530131343107184,MNOP,1064.0
0.6911297333291155,0.6255564483327916,0.747571841082612,MNOP,1068.0
0.6911297333291155,0.6255564483327916,0.747571841082612,MNOP,1070.0
0.6849589321386772,0.6187935991470218,0.7420713346124054,MNOP,1074.0
0.6849589321386772,0.6187935991470218,0.7420713346124054,MNOP,1081.0
0.6849589321386772,0.6187935991470218,0.7420713346124054,MNOP,1084.0
0.6849589321386772,0.6187935991470218,0.7420713346124054,MNOP,1086.0
0.6849589321386772,0.6187935991470218,0.7420713346124054,MNOP,1091.0
0.6784970554203877,0.6116744208611339,0.7363397999809039,MNOP,1092.0
0.6784970554203877,0.6116744208611339,0.7363397999809039,MNOP,1093.0
0.6784970554203877,0.6116744208611339,0.7363397999809039,MNOP,1094.0
0.6784970554203877,0.6116744208611339,0.7363397999809039,MNOP,1095.0
0.6784970554203877,0.6116744208611339,0.7363397999809039,MNOP,1096.0
0.6784970554203877,0.6116744208611339,0.7363397999809039,MNOP,1097.0
0.6784970554203877,0.6116744208611339,0.7363397999809039,MNOP,1102.0
0.6784970554203877,0.6116744208611339,0.7363397999809039,MNOP,1103.0
0.6713549811528047,0.6036753256846933,0.7301044911391538,MNOP,1105.0
0.6642129068852219,0.5957211590039075,0.7238376947198556,MNOP,1108.0
0.6642129068852219,0.5957211590039075,0.7238376947198556,MNOP,1121.0
0.6642129068852219,0.5957211590039075,0.7238376947198556,MNOP,1124.0
0.6642129068852219,0.5957211590039075,0.7238376947198556,MNOP,1125.0
0.656832763475386,0.5874888401366637,0.7173744743187852,MNOP,1132.0
0.656832763475386,0.5874888401366637,0.7173744743187852,MNOP,1144.0
0.649368754799529,0.5791904665772534,0.7108197315518996,MNOP,1147.0
0.649368754799529,0.5791904665772534,0.7108197315518996,MNOP,1151.0
0.649368754799529,0.5791904665772534,0.7108197315518996,MNOP,1154.0
0.649368754799529,0.5791904665772534,0.7108197315518996,MNOP,1161.0
0.649368754799529,0.5791904665772534,0.7108197315518996,MNOP,1178.0
0.649368754799529,0.5791904665772534,0.7108197315518996,MNOP,1185.0
0.6414496236434374,0.5703225685528823,0.7039176811925225,MNOP,1208.0
0.633530492487345,0.5615120700847955,0.6969754324284948,MNOP,1211.0
0.6256113613312535,0.5527563704750644,0.6899945344629256,MNOP,1240.0
0.6176922301751616,0.5440531197126154,0.6829763749541797,MNOP,1241.0
0.6097730990190701,0.5354001887533374,0.6759222007057034,MNOP,1267.0
0.6018539678629781,0.5267956443089079,0.6688331349288716,MNOP,1288.0
0.5938292482914721,0.5180993602341573,0.6616347028529204,MNOP,1359.0
0.5938292482914721,0.5180993602341573,0.6616347028529204,MNOP,1415.0
0.5938292482914721,0.5180993602341573,0.6616347028529204,MNOP,1441.0
0.5938292482914721,0.5180993602341573,0.6616347028529204,MNOP,1442.0
0.5938292482914721,0.5180993602341573,0.6616347028529204,MNOP,1448.0
0.5938292482914721,0.5180993602341573,0.6616347028529204,MNOP,1449.0
0.5938292482914721,0.5180993602341573,0.6616347028529204,MNOP,1450.0
0.5938292482914721,0.5180993602341573,0.6616347028529204,MNOP,1453.0
0.5938292482914721,0.5180993602341573,0.6616347028529204,MNOP,1456.0
0.5938292482914721,0.5180993602341573,0.6616347028529204,MNOP,1457.0
0.5938292482914721,0.5180993602341573,0.6616347028529204,MNOP,1459.0
0.5938292482914721,0.5180993602341573,0.6616347028529204,MNOP,1461.0
0.5938292482914721,0.5180993602341573,0.6616347028529204,MNOP,1495.0
0.5938292482914721,0.5180993602341573,0.6616347028529204,MNOP,1510.0
0.5938292482914721,0.5180993602341573,0.6616347028529204,MNOP,1511.0
0.5938292482914721,0.5180993602341573,0.6616347028529204,MNOP,1525.0
0.5938292482914721,0.5180993602341573,0.6616347028529204,MNOP,1526.0
0.5938292482914721,0.5180993602341573,0.6616347028529204,MNOP,1531.0
0.5938292482914721,0.5180993602341573,0.6616347028529204,MNOP,1533.0
0.5938292482914721,0.5180993602341573,0.6616347028529204,MNOP,1547.0
0.5821855375406589,0.5043832441665175,0.6520847772445267,MNOP,1571.0
0.5705418267898457,0.49086622724741313,0.6423970517716435,MNOP,1636.0
0.5588981160390327,0.4775330961222769,0.6325820646235293,MNOP,1657.0
0.5472544052882193,0.4643710002731801,0.6226484879341142,MNOP,1712.0
0.5472544052882193,0.4643710002731801,0.6226484879341142,MNOP,1792.0
0.5472544052882193,0.4643710002731801,0.6226484879341142,MNOP,1814.0
0.5472544052882193,0.4643710002731801,0.6226484879341142,MNOP,1817.0
0.5472544052882193,0.4643710002731801,0.6226484879341142,MNOP,1821.0
0.5472544052882193,0.4643710002731801,0.6226484879341142,MNOP,1823.0
0.5472544052882193,0.4643710002731801,0.6226484879341142,MNOP,1824.0
0.5472544052882193,0.4643710002731801,0.6226484879341142,MNOP,1825.0
1.0,1.0,1.0,MIOP,0.0
0.9982174688057042,0.9874142600298464,0.9997487140132226,MIOP,2.0
0.9964317488257297,0.985808678210501,0.9991063944310372,MIOP,3.0
0.9946460288457556,0.983492756681414,0.9982700936773105,MIOP,12.0
0.9928603088657809,0.9810897312950027,0.9973143570837502,MIOP,13.0
0.9910745888858065,0.9786903938272534,0.9962752873445606,MIOP,16.0
0.9892888689058322,0.9763145981880162,0.9951736619013404,MIOP,19.0
0.985717428945883,0.9716441105453384,0.9928316876149044,MIOP,24.0
0.9785745490259858,0.9625807277001126,0.9877755175867245,MIOP,30.0
0.976788829046011,0.9603612210317054,0.9864561432263733,MIOP,31.0
0.9750031090660368,0.9581570376957069,0.9851194053566845,MIOP,34.0
0.9732173890860621,0.9559669100825949,0.9837669837795034,MIOP,36.0
0.9732173890860621,0.9559669100825949,0.9837669837795034,MIOP,39.0
0.9696393839791286,0.9516140745333108,0.9810164605065025,MIOP,50.0
0.967850381425661,0.9494549620751918,0.9796225808330916,MIOP,55.0
0.9660613788721948,0.9473063065130548,0.9782175551671172,MIOP,56.0
0.9642723763187278,0.9451674104270656,0.9768021854068911,MIOP,64.0
0.9606943712117936,0.9409164692395525,0.973943163551132,MIOP,70.0
0.9571163661048591,0.9366978743023707,0.97105028955385,MIOP,72.0
0.9553273635513925,0.9345995928952899,0.9695923863775217,MIOP,80.0
0.9535383609979249,0.9325081417048745,0.9681273998676004,MIOP,113.0
0.9517459956577031,0.9304183361902506,0.9666533831462966,MIOP,119.0
0.9499536303174814,0.9283347732835907,0.9651729606515127,MIOP,121.0
0.9481612649772598,0.9262571574812145,0.9636864452011047,MIOP,122.0
0.9463688996370381,0.9241852167566854,0.9621941238265084,MIOP,124.0
0.9445765342968167,0.9221187000392683,0.960696260667069,MIOP,125.0
0.9427841689565951,0.9200573750280985,0.9591930994586975,MIOP,126.0
0.9427841689565951,0.9200573750280985,0.9591930994586975,MIOP,127.0
0.9409883895871539,0.9179962882266669,0.957682423534344,MIOP,128.0
0.9391926102177133,0.9159400302567438,0.956166856784433,MIOP,133.0
0.9373968308482722,0.9138884109284449,0.9546465950410457,MIOP,143.0
0.9356010514788307,0.9118412528888941,0.9531218206767469,MIOP,144.0
0.9338052721093896,0.9097983904396156,0.9515927038709143,MIOP,151.0
0.9320094927399483,0.9077596684903229,0.9500594037265109,MIOP,153.0
0.9302137133705071,0.9057249416303972,0.9485220692583705,MIOP,154.0
0.9284179340010661,0.9036940733022906,0.9469808402706318,MIOP,157.0
0.926622154631625,0.9016669350635247,0.9454358481381694,MIOP,158.0
0.9248263752621841,0.8996434059259668,0.9438872165045732,MIOP,159.0
0.9230305958927432,0.8976233717627251,0.9423350619073283,MIOP,164.0
0.9212278017601402,0.895597436025504,0.9407742359371996,MIOP,166.0
0.919425007627537,0.8935748557300489,0.9392100610654286,MIOP,170.0
0.919425007627537,0.8935748557300489,0.9392100610654286,MIOP,179.0
0.919425007627537,0.8935748557300489,0.9392100610654286,MIOP,180.0
0.919425007627537,0.8935748557300489,0.9392100610654286,MIOP,181.0
0.919425007627537,0.8935748557300489,0.9392100610654286,MIOP,182.0
0.919425007627537,0.8935748557300489,0.9392100610654286,MIOP,183.0
0.919425007627537,0.8935748557300489,0.9392100610654286,MIOP,184.0
0.9175861576122822,0.8915079497546664,0.9376155199525252,MIOP,185.0
0.9157436151271173,0.8894396830393799,0.9360148467545989,MIOP,191.0
0.9138973578385543,0.887369967912421,0.934408094324154,MIOP,195.0
0.9120436106624111,0.8852937934393037,0.9327924750420153,MIOP,196.0
0.9101898634862681,0.8832209581671562,0.9311737018927088,MIOP,198.0
0.9083323331526232,0.881146426683268,0.9295489855332312,MIOP,200.0
0.9083323331526232,0.881146426683268,0.9295489855332312,MIOP,204.0
0.9064709964043592,0.879070121311839,0.9279183643640154,MIOP,206.0
0.9064709964043592,0.879070121311839,0.9279183643640154,MIOP,209.0
0.9064709964043592,0.879070121311839,0.9279183643640154,MIOP,210.0
0.9064709964043592,0.879070121311839,0.9279183643640154,MIOP,211.0
0.9045981224448453,0.8769819484110616,0.9262759908398212,MIOP,217.0
0.9027252484853324,0.8748969102173001,0.9246306928651143,MIOP,223.0
0.9008523745258193,0.8728149200982163,0.9229825453010394,MIOP,249.0
0.8989795005663063,0.8707358957618591,0.9213316195529074,MIOP,251.0
0.8989795005663063,0.8707358957618591,0.9213316195529074,MIOP,253.0
0.8971027166402813,0.8686547299550288,0.9196749679764581,MIOP,256.0
0.8971027166402813,0.8686547299550288,0.9196749679764581,MIOP,257.0
0.8971027166402813,0.8686547299550288,0.9196749679764581,MIOP,260.0
0.8971027166402813,0.8686547299550288,0.9196749679764581,MIOP,265.0
0.8971027166402813,0.8686547299550288,0.9196749679764581,MIOP,268.0
0.8971027166402813,0.8686547299550288,0.9196749679764581,MIOP,270.0
0.8952020752914673,0.8665457422030155,0.9179972416247596,MIOP,276.0
0.8933014339426533,0.8644397048313525,0.9163168066650744,MIOP,285.0
0.887599509896211,0.8581385484871029,0.9112598754983997,MIOP,287.0
0.8856988685473963,0.8560435833310123,0.9095692183374011,MIOP,293.0
0.8837982271985821,0.8539512203416325,0.9078761460847772,MIOP,313.0
0.8818975858497683,0.8518613990230078,0.9061807103840319,MIOP,315.0
0.8818975858497683,0.8518613990230078,0.9061807103840319,MIOP,330.0
0.8818975858497683,0.8518613990230078,0.9061807103840319,MIOP,333.0
0.8799887166163275,0.8497636693461267,0.9044764999456653,MIOP,334.0
0.8799887166163275,0.8497636693461267,0.9044764999456653,MIOP,340.0
0.8799887166163275,0.8497636693461267,0.9044764999456653,MIOP,345.0
0.8799887166163275,0.8497636693461267,0.9044764999456653,MIOP,346.0
0.8799887166163275,0.8497636693461267,0.9044764999456653,MIOP,348.0
0.8799887166163275,0.8497636693461267,0.9044764999456653,MIOP,349.0
0.8799887166163275,0.8497636693461267,0.9044764999456653,MIOP,352.0
0.8799887166163275,0.8497636693461267,0.9044764999456653,MIOP,354.0
0.878050415478406,0.8476312357094841,0.9027468897937527,MIOP,356.0
0.878050415478406,0.8476312357094841,0.9027468897937527,MIOP,357.0
0.878050415478406,0.8476312357094841,0.9027468897937527,MIOP,358.0
0.878050415478406,0.8476312357094841,0.9027468897937527,MIOP,360.0
0.878050415478406,0.8476312357094841,0.9027468897937527,MIOP,361.0
0.878050415478406,0.8476312357094841,0.9027468897937527,MIOP,363.0
0.878050415478406,0.8476312357094841,0.9027468897937527,MIOP,364.0
0.878050415478406,0.8476312357094841,0.9027468897937527,MIOP,365.0
0.878050415478406,0.8476312357094841,0.9027468897937527,MIOP,366.0
0.878050415478406,0.8476312357094841,0.9027468897937527,MIOP,367.0
0.878050415478406,0.8476312357094841,0.9027468897937527,MIOP,370.0
0.8759697272900682,0.8453198924454507,0.9009042475240414,MIOP,373.0
0.8759697272900682,0.8453198924454507,0.9009042475240414,MIOP,374.0
0.8738741059329149,0.8429929322961581,0.8990471485961876,MIOP,376.0
0.8717734470244219,0.8406630932091883,0.8971832098097655,MIOP,379.0
0.8696677140605954,0.8383302830920363,0.89531243797429,MIOP,380.0
0.8696677140605954,0.8383302830920363,0.89531243797429,MIOP,383.0
0.8696677140605954,0.8383302830920363,0.89531243797429,MIOP,385.0
0.8675361755457408,0.8359679343061774,0.8934188319272418,MIOP,386.0
0.8675361755457408,0.8359679343061774,0.8934188319272418,MIOP,387.0
0.8675361755457408,0.8359679343061774,0.8934188319272418,MIOP,388.0
0.8675361755457408,0.8359679343061774,0.8934188319272418,MIOP,389.0
0.8675361755457408,0.8359679343061774,0.8934188319272418,MIOP,391.0
0.8675361755457408,0.8359679343061774,0.8934188319272418,MIOP,393.0
0.8675361755457408,0.8359679343061774,0.8934188319272418,MIOP,394.0
0.8675361755457408,0.8359679343061774,0.8934188319272418,MIOP,395.0
0.8675361755457408,0.8359679343061774,0.8934188319272418,MIOP,396.0
0.8675361755457408,0.8359679343061774,0.8934188319272418,MIOP,402.0
0.8675361755457408,0.8359679343061774,0.8934188319272418,MIOP,403.0
0.8675361755457408,0.8359679343061774,0.8934188319272418,MIOP,406.0
0.865339881430435,0.8335260855567491,0.8914723756519638,MIOP,410.0
0.865339881430435,0.8335260855567491,0.8914723756519638,MIOP,411.0
0.865339881430435,0.8335260855567491,0.8914723756519638,MIOP,426.0
0.865339881430435,0.8335260855567491,0.8914723756519638,MIOP,427.0
0.8631210612216387,0.8310592446622709,0.8895054312830871,MIOP,428.0
0.8631210612216387,0.8310592446622709,0.8895054312830871,MIOP,429.0
0.8608965224040571,0.8285891053606368,0.8875308717356454,MIOP,432.0
0.8608965224040571,0.8285891053606368,0.8875308717356454,MIOP,445.0
0.8608965224040571,0.8285891053606368,0.8875308717356454,MIOP,448.0
0.8608965224040571,0.8285891053606368,0.8875308717356454,MIOP,452.0
0.8608965224040571,0.8285891053606368,0.8875308717356454,MIOP,453.0
0.8608965224040571,0.8285891053606368,0.8875308717356454,MIOP,455.0
0.8608965224040571,0.8285891053606368,0.8875308717356454,MIOP,456.0
0.8586369514791119,0.8260779580100521,0.8855261884594123,MIOP,500.0
0.8563773805541668,0.8235709613957509,0.8835182303087116,MIOP,510.0
0.854117809629222,0.8210680005806057,0.8815070716929827,MIOP,512.0
0.8518582387042769,0.8185689663839673,0.8794927837559402,MIOP,517.0
0.8495986677793318,0.8160737549929369,0.8774754345762303,MIOP,526.0
0.8473390968543866,0.8135822676063645,0.8754550893521322,MIOP,537.0
0.8450795259294419,0.811094410108311,0.8734318105718554,MIOP,555.0
0.8405603840795512,0.8061292299642341,0.8693766896770199,MIOP,576.0
0.8360412422296613,0.8011775445206193,0.8653105232852429,MIOP,587.0
0.8337816713047164,0.7987065689928023,0.8632734295710959,MIOP,594.0
0.8315221003797717,0.7962387418081979,0.86123372835591,MIOP,606.0
0.8292625294548268,0.7937739944458343,0.8591914669689339,MIOP,615.0
0.8270029585298811,0.7913122612304029,0.8571466910099367,MIOP,620.0
0.8247433876049364,0.7888534791724872,0.8550994444366699,MIOP,624.0
0.8224838166799913,0.7863975878200665,0.8530497696465883,MIOP,627.0
0.820224245755046,0.7839445291203627,0.8509977075533064,MIOP,642.0
0.8179646748301016,0.7814942472911544,0.8489432976581907,MIOP,645.0
0.8157051039051559,0.7790466887007912,0.8468865781174686,MIOP,651.0
0.8134455329802114,0.7766018017562153,0.8448275858052103,MIOP,654.0
0.8111859620552659,0.7741595367983307,0.8427663563724674,MIOP,659.0
0.8111859620552659,0.7741595367983307,0.8427663563724674,MIOP,666.0
0.8089200794796924,0.7717121063983562,0.8406978346968029,MIOP,668.0
0.8066541969041192,0.7692672358724908,0.8386271223074386,MIOP,678.0
0.804388314328546,0.7668248798952795,0.8365542520220827,MIOP,687.0
0.804388314328546,0.7668248798952795,0.8365542520220827,MIOP,693.0
0.804388314328546,0.7668248798952795,0.8365542520220827,MIOP,695.0
0.8021095938913546,0.7643693170192312,0.8344688615024382,MIOP,698.0
0.7998308734541631,0.7619162449857971,0.8323813333983071,MIOP,706.0
0.7998308734541631,0.7619162449857971,0.8323813333983071,MIOP,714.0
0.7998308734541631,0.7619162449857971,0.8323813333983071,MIOP,716.0
0.7998308734541631,0.7619162449857971,0.8323813333983071,MIOP,718.0
0.7998308734541631,0.7619162449857971,0.8323813333983071,MIOP,720.0
0.7998308734541631,0.7619162449857971,0.8323813333983071,MIOP,722.0
0.7998308734541631,0.7619162449857971,0.8323813333983071,MIOP,723.0
0.7998308734541631,0.7619162449857971,0.8323813333983071,MIOP,724.0
0.7998308734541631,0.7619162449857971,0.8323813333983071,MIOP,726.0
0.7998308734541631,0.7619162449857971,0.8323813333983071,MIOP,727.0
0.7998308734541631,0.7619162449857971,0.8323813333983071,MIOP,728.0
0.7974645099232335,0.7593583991900396,0.8302209051060301,MIOP,729.0
0.7974645099232335,0.7593583991900396,0.8302209051060301,MIOP,730.0
0.7974645099232335,0.7593583991900396,0.8302209051060301,MIOP,731.0
0.7974645099232335,0.7593583991900396,0.8302209051060301,MIOP,733.0
0.7974645099232335,0.7593583991900396,0.8302209051060301,MIOP,735.0
0.7974645099232335,0.7593583991900396,0.8302209051060301,MIOP,738.0
0.7949801968082078,0.7566578720011274,0.8279637567961601,MIOP,741.0
0.7924958836931821,0.7539607990271666,0.8257038207575006,MIOP,748.0
0.7924958836931821,0.7539607990271666,0.8257038207575006,MIOP,751.0
0.7924958836931821,0.7539607990271666,0.8257038207575006,MIOP,753.0
0.7899958966783774,0.7512477224104884,0.8234286490262807,MIOP,761.0
0.7874959096635724,0.7485380547377176,0.8211507186445814,MIOP,762.0
0.7874959096635724,0.7485380547377176,0.8211507186445814,MIOP,764.0
0.7874959096635724,0.7485380547377176,0.8211507186445814,MIOP,768.0
0.7849799482908456,0.7458120166996307,0.8188573110617643,MIOP,778.0
0.7849799482908456,0.7458120166996307,0.8188573110617643,MIOP,785.0
0.7849799482908456,0.7458120166996307,0.8188573110617643,MIOP,787.0
0.7849799482908456,0.7458120166996307,0.8188573110617643,MIOP,789.0
0.782439560108674,0.7430592054256658,0.8165416579177387,MIOP,791.0
0.782439560108674,0.7430592054256658,0.8165416579177387,MIOP,792.0
0.782439560108674,0.7430592054256658,0.8165416579177387,MIOP,793.0
0.782439560108674,0.7430592054256658,0.8165416579177387,MIOP,796.0
0.782439560108674,0.7430592054256658,0.8165416579177387,MIOP,801.0
0.7798572513294377,0.7402580485563451,0.814189786256053,MIOP,807.0
0.7798572513294377,0.7402580485563451,0.814189786256053,MIOP,811.0
0.777266363451267,0.7374499128214151,0.8118281671086971,MIOP,815.0
0.777266363451267,0.7374499128214151,0.8118281671086971,MIOP,816.0
0.7746668103962457,0.7346346840249579,0.8094567364375223,MIOP,818.0
0.7720672573412248,0.7318230391756295,0.807082419784758,MIOP,823.0
0.7694677042862036,0.7290149092874557,0.8047052630461843,MIOP,827.0
0.7668681512311831,0.7262102280492305,0.8023253104818604,MIOP,834.0
0.7642685981761617,0.7234089316874982,0.7999426047956821,MIOP,847.0
0.7616690451211412,0.7206109588384025,0.7975571872098669,MIOP,849.0
0.75906949206612,0.7178162504276917,0.7951690975347394,MIOP,863.0
0.7564699390110992,0.7150247495582905,0.792778374234203,MIOP,865.0
0.7538703859560779,0.7122364014048443,0.7903850544872023,MIOP,876.0
0.7512708329010571,0.7094511531147408,0.7879891742454912,MIOP,932.0
0.7486712798460362,0.7066689537151192,0.7855907682879663,MIOP,946.0
0.7460717267910153,0.7038897540254478,0.7831898702718245,MIOP,952.0
0.743472173735994,0.7011135065752645,0.7807865127807639,MIOP,973.0
0.7408726206809734,0.6983401655267217,0.7783807273704421,MIOP,983.0
0.7382730676259524,0.695569686601595,0.7759725446113739,MIOP,990.0
0.7356735145709313,0.6928020270124592,0.7735619941294577,MIOP,991.0
0.7330739615159105,0.6900371453977385,0.7711491046442773,MIOP,1018.0
0.7304744084608891,0.6872750017603748,0.7687339040053334,MIOP,1020.0
0.7278748554058682,0.6845155574098779,0.7663164192263455,MIOP,1027.0
0.7278748554058682,0.6845155574098779,0.7663164192263455,MIOP,1030.0
0.7278748554058682,0.6845155574098779,0.7663164192263455,MIOP,1034.0
0.7278748554058682,0.6845155574098779,0.7663164192263455,MIOP,1037.0
0.7278748554058682,0.6845155574098779,0.7663164192263455,MIOP,1038.0
0.725237627668891,0.6817136473963148,0.7638656825796646,MIOP,1045.0
0.725237627668891,0.6817136473963148,0.7638656825796646,MIOP,1053.0
0.725237627668891,0.6817136473963148,0.7638656825796646,MIOP,1062.0
0.725237627668891,0.6817136473963148,0.7638656825796646,MIOP,1065.0
0.725237627668891,0.6817136473963148,0.7638656825796646,MIOP,1069.0
0.7225614740612568,0.6788678216456289,0.7613806422943147,MIOP,1070.0
0.7225614740612568,0.6788678216456289,0.7613806422943147,MIOP,1073.0
0.7225614740612568,0.6788678216456289,0.7613806422943147,MIOP,1076.0
0.7225614740612568,0.6788678216456289,0.7613806422943147,MIOP,1077.0
0.7225614740612568,0.6788678216456289,0.7613806422943147,MIOP,1080.0
0.7225614740612568,0.6788678216456289,0.7613806422943147,MIOP,1081.0
0.7225614740612568,0.6788678216456289,0.7613806422943147,MIOP,1082.0
0.7225614740612568,0.6788678216456289,0.7613806422943147,MIOP,1084.0
0.7225614740612568,0.6788678216456289,0.7613806422943147,MIOP,1085.0
0.7225614740612568,0.6788678216456289,0.7613806422943147,MIOP,1086.0
0.7225614740612568,0.6788678216456289,0.7613806422943147,MIOP,1087.0
0.7225614740612568,0.6788678216456289,0.7613806422943147,MIOP,1089.0
0.7225614740612568,0.6788678216456289,0.7613806422943147,MIOP,1090.0
0.7225614740612568,0.6788678216456289,0.7613806422943147,MIOP,1091.0
0.7225614740612568,0.6788678216456289,0.7613806422943147,MIOP,1092.0
0.7225614740612568,0.6788678216456289,0.7613806422943147,MIOP,1093.0
0.7225614740612568,0.6788678216456289,0.7613806422943147,MIOP,1094.0
0.7225614740612568,0.6788678216456289,0.7613806422943147,MIOP,1095.0
0.7225614740612568,0.6788678216456289,0.7613806422943147,MIOP,1096.0
0.7225614740612568,0.6788678216456289,0.7613806422943147,MIOP,1097.0
0.7225614740612568,0.6788678216456289,0.7613806422943147,MIOP,1102.0
0.7225614740612568,0.6788678216456289,0.7613806422943147,MIOP,1105.0
0.7225614740612568,0.6788678216456289,0.7613806422943147,MIOP,1108.0
0.7225614740612568,0.6788678216456289,0.7613806422943147,MIOP,1113.0
0.7225614740612568,0.6788678216456289,0.7613806422943147,MIOP,1122.0
0.7193500897320955,0.6753680775627453,0.7584654750176874,MIOP,1124.0
0.7161243045763459,0.6718565150121267,0.7555342898803239,MIOP,1125.0
0.7161243045763459,0.6718565150121267,0.7555342898803239,MIOP,1126.0
0.7128839231076752,0.6683328895885351,0.7525869296987598,MIOP,1128.0
0.7128839231076752,0.6683328895885351,0.7525869296987598,MIOP,1132.0
0.7096287453765898,0.6647969543796897,0.7496232317423326,MIOP,1145.0
0.706343427110957,0.6612295643805718,0.7466311984532649,MIOP,1147.0
0.706343427110957,0.6612295643805718,0.7466311984532649,MIOP,1150.0
0.706343427110957,0.6612295643805718,0.7466311984532649,MIOP,1155.0
0.706343427110957,0.6612295643805718,0.7466311984532649,MIOP,1160.0
0.7030116184925093,0.6576104000354674,0.7435980019452892,MIOP,1165.0
0.7030116184925093,0.6576104000354674,0.7435980019452892,MIOP,1166.0
0.7030116184925093,0.6576104000354674,0.7435980019452892,MIOP,1169.0
0.7030116184925093,0.6576104000354674,0.7435980019452892,MIOP,1179.0
0.7030116184925093,0.6576104000354674,0.7435980019452892,MIOP,1181.0
0.7030116184925093,0.6576104000354674,0.7435980019452892,MIOP,1182.0
0.6995822935242527,0.6538756530176955,0.7404839323556266,MIOP,1211.0
0.6961529685559966,0.6501480305191382,0.7373643637958767,MIOP,1222.0
0.6927236435877409,0.6464273722675141,0.7342394037030832,MIOP,1233.0
0.6892943186194844,0.6427135254713044,0.7311091543937082,MIOP,1241.0
0.6858649936512281,0.6390063443682537,0.7279737133863416,MIOP,1272.0
0.6824356686829721,0.6353056898086815,0.7248331736979441,MIOP,1274.0
0.679006343714716,0.6316114288703965,0.7216876241162278,MIOP,1275.0
0.6755770187464599,0.6279234345023343,0.7185371494504712,MIOP,1286.0
0.6721476937782035,0.6242415851943581,0.7153818307628097,MIOP,1318.0
0.6721476937782035,0.6242415851943581,0.7153818307628097,MIOP,1342.0
0.6687007825280589,0.620544149257448,0.712207797589078,MIOP,1351.0
0.6652538712779142,0.6168527568808576,0.7090289802404228,MIOP,1354.0
0.6618069600277695,0.613167297697672,0.7058454522837444,MIOP,1355.0
0.6618069600277695,0.613167297697672,0.7058454522837444,MIOP,1374.0
0.658342002121865,0.6094656048634013,0.7026428899185412,MIOP,1382.0
0.658342002121865,0.6094656048634013,0.7026428899185412,MIOP,1396.0
0.6548587111053471,0.6057473715482937,0.6994210304224483,MIOP,1397.0
0.6548587111053471,0.6057473715482937,0.6994210304224483,MIOP,1402.0
0.6513567928641422,0.6020122842254895,0.696179603135278,MIOP,1405.0
0.6478548746229366,0.5982831024978916,0.6929334584869218,MIOP,1410.0
0.6478548746229366,0.5982831024978916,0.6929334584869218,MIOP,1413.0
0.6478548746229366,0.5982831024978916,0.6929334584869218,MIOP,1421.0
0.6478548746229366,0.5982831024978916,0.6929334584869218,MIOP,1424.0
0.6478548746229366,0.5982831024978916,0.6929334584869218,MIOP,1428.0
0.6442755659233621,0.5944653738357203,0.6896208272686335,MIOP,1430.0
0.6406962572237879,0.5906538948612691,0.6863032122821825,MIOP,1431.0
0.6406962572237879,0.5906538948612691,0.6863032122821825,MIOP,1433.0
0.6406962572237879,0.5906538948612691,0.6863032122821825,MIOP,1434.0
0.6406962572237879,0.5906538948612691,0.6863032122821825,MIOP,1441.0
0.6406962572237879,0.5906538948612691,0.6863032122821825,MIOP,1445.0
0.6406962572237879,0.5906538948612691,0.6863032122821825,MIOP,1447.0
0.6406962572237879,0.5906538948612691,0.6863032122821825,MIOP,1449.0
0.6406962572237879,0.5906538948612691,0.6863032122821825,MIOP,1450.0
0.6369274557107065,0.5866164139268153,0.6828303413026127,MIOP,1451.0
0.6369274557107065,0.5866164139268153,0.6828303413026127,MIOP,1452.0
0.633136220855286,0.5825587857302945,0.6793338939710267,MIOP,1453.0
0.633136220855286,0.5825587857302945,0.6793338939710267,MIOP,1454.0
0.633136220855286,0.5825587857302945,0.6793338939710267,MIOP,1456.0
0.633136220855286,0.5825587857302945,0.6793338939710267,MIOP,1457.0
0.633136220855286,0.5825587857302945,0.6793338939710267,MIOP,1458.0
0.633136220855286,0.5825587857302945,0.6793338939710267,MIOP,1459.0
0.633136220855286,0.5825587857302945,0.6793338939710267,MIOP,1460.0
0.633136220855286,0.5825587857302945,0.6793338939710267,MIOP,1461.0
0.633136220855286,0.5825587857302945,0.6793338939710267,MIOP,1463.0
0.633136220855286,0.5825587857302945,0.6793338939710267,MIOP,1472.0
0.633136220855286,0.5825587857302945,0.6793338939710267,MIOP,1482.0
0.6287697641597325,0.5777881450953952,0.6753888259587469,MIOP,1484.0
0.6244033074641785,0.5730305504940737,0.6714336999384746,MIOP,1485.0
0.6244033074641785,0.5730305504940737,0.6714336999384746,MIOP,1491.0
0.6244033074641785,0.5730305504940737,0.6714336999384746,MIOP,1494.0
0.6244033074641785,0.5730305504940737,0.6714336999384746,MIOP,1496.0
0.6244033074641785,0.5730305504940737,0.6714336999384746,MIOP,1508.0
0.6244033074641785,0.5730305504940737,0.6714336999384746,MIOP,1513.0
0.6198786458158873,0.5680842054065142,0.6673499352246789,MIOP,1520.0
0.6198786458158873,0.5680842054065142,0.6673499352246789,MIOP,1524.0
0.6198786458158873,0.5680842054065142,0.6673499352246789,MIOP,1525.0
0.6198786458158873,0.5680842054065142,0.6673499352246789,MIOP,1533.0
0.6198786458158873,0.5680842054065142,0.6673499352246789,MIOP,1548.0
0.6198786458158873,0.5680842054065142,0.6673499352246789,MIOP,1551.0
0.615182595468797,0.5629324911013848,0.6631277273781899,MIOP,1577.0
0.6104865451217072,0.5577969180020164,0.6588931040294894,MIOP,1613.0
0.6057904947746171,0.5526770368322721,0.6546463873700724,MIOP,1615.0
0.601094444427527,0.5475724260364919,0.6503878779921684,MIOP,1649.0
0.601094444427527,0.5475724260364919,0.6503878779921684,MIOP,1653.0
0.5963614173060504,0.5424357536753733,0.6460900732857886,MIOP,1658.0
0.5916283901845741,0.5373140459099413,0.6417806728680929,MIOP,1675.0
0.5868953630630974,0.5322069336807707,0.6374599365255752,MIOP,1717.0
0.5868953630630974,0.5322069336807707,0.6374599365255752,MIOP,1745.0
0.5821238560463246,0.5270656616448828,0.633098897718798,MIOP,1747.0
0.5773523490295515,0.5219387708265257,0.628726649288504,MIOP,1751.0
0.5773523490295515,0.5219387708265257,0.628726649288504,MIOP,1757.0
0.5773523490295515,0.5219387708265257,0.628726649288504,MIOP,1765.0
0.5773523490295515,0.5219387708265257,0.628726649288504,MIOP,1769.0
0.5773523490295515,0.5219387708265257,0.628726649288504,MIOP,1770.0
0.5773523490295515,0.5219387708265257,0.628726649288504,MIOP,1774.0
0.5723751736068831,0.5165672178680555,0.6241875638223912,MIOP,1778.0
0.5723751736068831,0.5165672178680555,0.6241875638223912,MIOP,1782.0
0.5723751736068831,0.5165672178680555,0.6241875638223912,MIOP,1783.0
0.5723751736068831,0.5165672178680555,0.6241875638223912,MIOP,1788.0
0.5672646809853932,0.5110432646127115,0.6195357251340842,MIOP,1789.0
0.5672646809853932,0.5110432646127115,0.6195357251340842,MIOP,1792.0
0.5672646809853932,0.5110432646127115,0.6195357251340842,MIOP,1795.0
0.5672646809853932,0.5110432646127115,0.6195357251340842,MIOP,1803.0
0.5672646809853932,0.5110432646127115,0.6195357251340842,MIOP,1804.0
0.5672646809853932,0.5110432646127115,0.6195357251340842,MIOP,1805.0
0.5619131273911913,0.5052299987176555,0.6146910941187833,MIOP,1806.0
0.5565101165508916,0.4993716941764497,0.6097924299213875,MIOP,1807.0
0.5565101165508916,0.4993716941764497,0.6097924299213875,MIOP,1808.0
0.5565101165508916,0.4993716941764497,0.6097924299213875,MIOP,1809.0
0.5510001153969224,0.4933976431444436,0.6047986254857655,MIOP,1810.0
0.5510001153969224,0.4933976431444436,0.6047986254857655,MIOP,1811.0
0.5510001153969224,0.4933976431444436,0.6047986254857655,MIOP,1814.0
0.5510001153969224,0.4933976431444436,0.6047986254857655,MIOP,1815.0
0.5510001153969224,0.4933976431444436,0.6047986254857655,MIOP,1816.0
0.5510001153969224,0.4933976431444436,0.6047986254857655,MIOP,1817.0
0.5510001153969224,0.4933976431444436,0.6047986254857655,MIOP,1818.0
0.5510001153969224,0.4933976431444436,0.6047986254857655,MIOP,1819.0
0.5510001153969224,0.4933976431444436,0.6047986254857655,MIOP,1820.0
0.5510001153969224,0.4933976431444436,0.6047986254857655,MIOP,1821.0
0.5510001153969224,0.4933976431444436,0.6047986254857655,MIOP,1822.0
0.5510001153969224,0.4933976431444436,0.6047986254857655,MIOP,1823.0
0.5510001153969224,0.4933976431444436,0.6047986254857655,MIOP,1825.0
0.9968750000000001,0.978025679953284,0.9995592098638687,MDPC,0.0
0.9937500000000004,0.975242894143185,0.9984332167461029,MDPC,3.0
0.990625,0.9712172742759587,0.9969667216166735,MDPC,5.0
0.9875000000000004,0.9670401852576044,0.9952901153713362,MDPC,8.0
0.9843750000000002,0.9628705980084649,0.99346659132236,MDPC,9.0
0.98125,0.9587432515110682,0.9915325432574672,MDPC,10.0
0.98125,0.9587432515110682,0.9915325432574672,MDPC,21.0
0.9781150159744413,0.954644052279744,0.9895064694920774,MDPC,24.0
0.9749800319488818,0.9505942885536182,0.9874086351569191,MDPC,29.0
0.9749800319488818,0.9505942885536182,0.9874086351569191,MDPC,42.0
0.9718349350716275,0.946570733268794,0.9852453961632223,MDPC,43.0
0.9686898381943723,0.9425896049882339,0.9830303818049103,MDPC,94.0
0.9655447413171179,0.9386466610337966,0.9807704092371468,MDPC,97.0
0.9623996444398637,0.9347382083793733,0.9784708819711635,MDPC,99.0
0.9592545475626095,0.9308610571614286,0.9761361707460844,MDPC,107.0
0.956109450685355,0.9270124529052651,0.9737698715536176,MDPC,108.0
0.9529643538081001,0.9231900098148265,0.9713749860874589,MDPC,115.0
0.949819256930846,0.9193916519997347,0.9689540513859611,MDPC,128.0
0.9466741600535912,0.9156155638923609,0.9665092351514517,MDPC,148.0
0.9435290631763369,0.9118601491653878,0.964042407253998,MDPC,152.0
0.9435290631763369,0.9118601491653878,0.964042407253998,MDPC,158.0
0.9403734475804292,0.9081078319469147,0.9615484371974594,MDPC,159.0
0.9372178319845217,0.9043739288652287,0.9590353363898227,MDPC,160.0
0.9372178319845217,0.9043739288652287,0.9590353363898227,MDPC,168.0
0.9372178319845217,0.9043739288652287,0.9590353363898227,MDPC,172.0
0.9372178319845217,0.9043739288652287,0.9590353363898227,MDPC,173.0
0.9372178319845217,0.9043739288652287,0.9590353363898227,MDPC,175.0
0.9372178319845217,0.9043739288652287,0.9590353363898227,MDPC,178.0
0.9340081818749859,0.9005757740839236,0.9564690174975368,MDPC,179.0
0.9340081818749859,0.9005757740839236,0.9564690174975368,MDPC,180.0
0.9340081818749859,0.9005757740839236,0.9564690174975368,MDPC,182.0
0.9340081818749859,0.9005757740839236,0.9564690174975368,MDPC,184.0
0.9340081818749859,0.9005757740839236,0.9564690174975368,MDPC,188.0
0.9307077996068766,0.8966590188397141,0.9538257279374854,MDPC,201.0
0.9273956722061404,0.8927446032838393,0.9511569056937069,MDPC,203.0
0.9273956722061404,0.8927446032838393,0.9511569056937069,MDPC,209.0
0.9273956722061404,0.8927446032838393,0.9511569056937069,MDPC,210.0
0.9240476733895113,0.8887957837372118,0.9484474097539316,MDPC,211.0
0.9240476733895113,0.8887957837372118,0.9484474097539316,MDPC,212.0
0.9240476733895113,0.8887957837372118,0.9484474097539316,MDPC,220.0
0.917302799861121,0.8808819438874524,0.9429471060416067,MDPC,233.0
0.917302799861121,0.8808819438874524,0.9429471060416067,MDPC,237.0
0.9139179186808217,0.8769333139655133,0.9401655952181278,MDPC,242.0
0.9139179186808217,0.8769333139655133,0.9401655952181278,MDPC,244.0
0.9105204542991084,0.8729830207284577,0.9373611174199441,MDPC,253.0
0.9071229899173956,0.8690486079984764,0.9345428198350828,MDPC,254.0
0.9071229899173956,0.8690486079984764,0.9345428198350828,MDPC,255.0
0.9037127531131947,0.865111003585226,0.931702527903833,MDPC,257.0
0.9037127531131947,0.865111003585226,0.931702527903833,MDPC,258.0
0.9037127531131947,0.865111003585226,0.931702527903833,MDPC,259.0
0.9037127531131947,0.865111003585226,0.931702527903833,MDPC,260.0
0.9037127531131947,0.865111003585226,0.931702527903833,MDPC,261.0
0.9037127531131947,0.865111003585226,0.931702527903833,MDPC,263.0
0.9037127531131947,0.865111003585226,0.931702527903833,MDPC,268.0
0.9037127531131947,0.865111003585226,0.931702527903833,MDPC,271.0
0.9037127531131947,0.865111003585226,0.931702527903833,MDPC,272.0
0.9001963610777344,0.8610368726694987,0.9287760531082674,MDPC,275.0
0.9001963610777344,0.8610368726694987,0.9287760531082674,MDPC,284.0
0.8966661792695867,0.8569592913837433,0.9258267086871332,MDPC,291.0
0.8931359974614389,0.8528972832570263,0.9228644905227174,MDPC,306.0
0.8931359974614389,0.8528972832570263,0.9228644905227174,MDPC,309.0
0.8895918069953216,0.8488303777329108,0.9198801285405719,MDPC,313.0
0.8895918069953216,0.8488303777329108,0.9198801285405719,MDPC,324.0
0.8860334397673405,0.8447579860313081,0.9168738225036058,MDPC,338.0
0.8824750725393596,0.8406994715462865,0.9138559116353357,MDPC,344.0
0.8824750725393596,0.8406994715462865,0.9138559116353357,MDPC,353.0
0.8824750725393596,0.8406994715462865,0.9138559116353357,MDPC,354.0
0.8824750725393596,0.8406994715462865,0.9138559116353357,MDPC,356.0
0.8824750725393596,0.8406994715462865,0.9138559116353357,MDPC,358.0
0.8824750725393596,0.8406994715462865,0.9138559116353357,MDPC,360.0
0.8824750725393596,0.8406994715462865,0.9138559116353357,MDPC,361.0
0.8824750725393596,0.8406994715462865,0.9138559116353357,MDPC,362.0
0.8824750725393596,0.8406994715462865,0.9138559116353357,MDPC,363.0
0.8824750725393596,0.8406994715462865,0.9138559116353357,MDPC,364.0
0.8824750725393596,0.8406994715462865,0.9138559116353357,MDPC,365.0
0.8824750725393596,0.8406994715462865,0.9138559116353357,MDPC,366.0
0.8824750725393596,0.8406994715462865,0.9138559116353357,MDPC,367.0
0.8824750725393596,0.8406994715462865,0.9138559116353357,MDPC,368.0
0.8824750725393596,0.8406994715462865,0.9138559116353357,MDPC,369.0
0.8824750725393596,0.8406994715462865,0.9138559116353357,MDPC,370.0
0.8824750725393596,0.8406994715462865,0.9138559116353357,MDPC,371.0
0.8824750725393596,0.8406994715462865,0.9138559116353357,MDPC,374.0
0.8824750725393596,0.8406994715462865,0.9138559116353357,MDPC,375.0
0.8824750725393596,0.8406994715462865,0.9138559116353357,MDPC,377.0
0.8824750725393596,0.8406994715462865,0.9138559116353357,MDPC,379.0
0.8824750725393596,0.8406994715462865,0.9138559116353357,MDPC,380.0
0.8824750725393596,0.8406994715462865,0.9138559116353357,MDPC,383.0
0.8824750725393596,0.8406994715462865,0.9138559116353357,MDPC,384.0
0.8824750725393596,0.8406994715462865,0.9138559116353357,MDPC,386.0
0.8824750725393596,0.8406994715462865,0.9138559116353357,MDPC,392.0
0.8824750725393596,0.8406994715462865,0.9138559116353357,MDPC,393.0
0.8824750725393596,0.8406994715462865,0.9138559116353357,MDPC,396.0
0.8824750725393596,0.8406994715462865,0.9138559116353357,MDPC,409.0
0.8824750725393596,0.8406994715462865,0.9138559116353357,MDPC,412.0
0.8824750725393596,0.8406994715462865,0.9138559116353357,MDPC,416.0
0.8824750725393596,0.8406994715462865,0.9138559116353357,MDPC,417.0
0.8824750725393596,0.8406994715462865,0.9138559116353357,MDPC,421.0
0.8824750725393596,0.8406994715462865,0.9138559116353357,MDPC,426.0
0.8824750725393596,0.8406994715462865,0.9138559116353357,MDPC,433.0
0.8824750725393596,0.8406994715462865,0.9138559116353357,MDPC,446.0
0.8824750725393596,0.8406994715462865,0.9138559116353357,MDPC,454.0
0.8824750725393596,0.8406994715462865,0.9138559116353357,MDPC,455.0
0.8777305829020505,0.8349266396153852,0.9100327773572615,MDPC,475.0
0.8729860932647427,0.8292004535637523,0.9061815185326665,MDPC,511.0
0.8682416036274345,0.8235170907257242,0.902303942037012,MDPC,538.0
0.8634971139901255,0.8178732300187228,0.8984016359147057,MDPC,571.0
0.8587526243528176,0.8122659672503997,0.8944760063396014,MDPC,582.0
0.8540081347155091,0.8066927476110743,0.8905283067176518,MDPC,606.0
0.8492636450782005,0.8011513113257538,0.8865596609035544,MDPC,611.0
0.8397746658035835,0.7901559679559309,0.878563487357784,MDPC,622.0
0.8350301761662751,0.7846986573609486,0.8745377117565101,MDPC,630.0
0.8302856865289674,0.7792662684159538,0.8704945172955189,MDPC,635.0
0.8302856865289674,0.7792662684159538,0.8704945172955189,MDPC,643.0
0.8255139297098356,0.7738197010182567,0.8664154621877256,MDPC,664.0
0.8255139297098356,0.7738197010182567,0.8664154621877256,MDPC,673.0
0.8255139297098356,0.7738197010182567,0.8664154621877256,MDPC,685.0
0.8206863628694271,0.7683190745631432,0.8622806947006173,MDPC,693.0
0.8206863628694271,0.7683190745631432,0.8622806947006173,MDPC,696.0
0.8206863628694271,0.7683190745631432,0.8622806947006173,MDPC,699.0
0.8206863628694271,0.7683190745631432,0.8622806947006173,MDPC,700.0
0.8206863628694271,0.7683190745631432,0.8622806947006173,MDPC,708.0
0.8206863628694271,0.7683190745631432,0.8622806947006173,MDPC,713.0
0.8206863628694271,0.7683190745631432,0.8622806947006173,MDPC,726.0
0.8206863628694271,0.7683190745631432,0.8622806947006173,MDPC,727.0
0.8206863628694271,0.7683190745631432,0.8622806947006173,MDPC,728.0
0.8206863628694271,0.7683190745631432,0.8622806947006173,MDPC,729.0
0.8154921453829114,0.7623311269174798,0.8578741252363495,MDPC,730.0
0.8154921453829114,0.7623311269174798,0.8578741252363495,MDPC,731.0
0.8154921453829114,0.7623311269174798,0.8578741252363495,MDPC,739.0
0.8154921453829114,0.7623311269174798,0.8578741252363495,MDPC,745.0
0.8154921453829114,0.7623311269174798,0.8578741252363495,MDPC,757.0
0.8154921453829114,0.7623311269174798,0.8578741252363495,MDPC,760.0
0.8154921453829114,0.7623311269174798,0.8578741252363495,MDPC,772.0
0.8154921453829114,0.7623311269174798,0.8578741252363495,MDPC,773.0
0.8154921453829114,0.7623311269174798,0.8578741252363495,MDPC,774.0
0.8154921453829114,0.7623311269174798,0.8578741252363495,MDPC,787.0
0.8154921453829114,0.7623311269174798,0.8578741252363495,MDPC,802.0
0.8154921453829114,0.7623311269174798,0.8578741252363495,MDPC,805.0
0.8154921453829114,0.7623311269174798,0.8578741252363495,MDPC,807.0
0.8154921453829114,0.7623311269174798,0.8578741252363495,MDPC,813.0
0.8154921453829114,0.7623311269174798,0.8578741252363495,MDPC,816.0
0.8154921453829114,0.7623311269174798,0.8578741252363495,MDPC,817.0
0.8097085131461527,0.7555327735278781,0.8530500255872477,MDPC,827.0
0.8039248809093946,0.7487792189253037,0.8481971243833755,MDPC,833.0
0.7923576164358784,0.7353954066887619,0.8384106778716994,MDPC,852.0
0.7865739841991204,0.7287603316957189,0.8334796454159642,MDPC,865.0
0.780790351962362,0.7221603408507464,0.8285248783638737,MDPC,868.0
0.780790351962362,0.7221603408507464,0.8285248783638737,MDPC,937.0
0.7749635582910013,0.7155338996861054,0.8235173371217316,MDPC,939.0
0.7691367646196402,0.7089400388127928,0.8184873352715534,MDPC,963.0
0.7633099709482791,0.7023771686117509,0.8134357227624268,MDPC,1007.0
0.7574831772769184,0.6958438429555643,0.8083632779723932,MDPC,1009.0
0.7574831772769184,0.6958438429555643,0.8083632779723932,MDPC,1012.0
0.7516112146623686,0.6892777922363742,0.8032384561210046,MDPC,1029.0
0.7516112146623686,0.6892777922363742,0.8032384561210046,MDPC,1045.0
0.7516112146623686,0.6892777922363742,0.8032384561210046,MDPC,1054.0
0.7516112146623686,0.6892777922363742,0.8032384561210046,MDPC,1065.0
0.7516112146623686,0.6892777922363742,0.8032384561210046,MDPC,1077.0
0.7516112146623686,0.6892777922363742,0.8032384561210046,MDPC,1080.0
0.7516112146623686,0.6892777922363742,0.8032384561210046,MDPC,1081.0
0.7516112146623686,0.6892777922363742,0.8032384561210046,MDPC,1083.0
0.7516112146623686,0.6892777922363742,0.8032384561210046,MDPC,1085.0
0.7516112146623686,0.6892777922363742,0.8032384561210046,MDPC,1086.0
0.7516112146623686,0.6892777922363742,0.8032384561210046,MDPC,1088.0
0.7516112146623686,0.6892777922363742,0.8032384561210046,MDPC,1093.0
0.7516112146623686,0.6892777922363742,0.8032384561210046,MDPC,1096.0
0.7516112146623686,0.6892777922363742,0.8032384561210046,MDPC,1098.0
0.7449004002457403,0.6815868699654768,0.7975097783145181,MDPC,1099.0
0.7449004002457403,0.6815868699654768,0.7975097783145181,MDPC,1111.0
0.7449004002457403,0.6815868699654768,0.7975097783145181,MDPC,1112.0
0.7449004002457403,0.6815868699654768,0.7975097783145181,MDPC,1123.0
0.7449004002457403,0.6815868699654768,0.7975097783145181,MDPC,1124.0
0.7379387142621354,0.6735908653025504,0.7915803662362044,MDPC,1126.0
0.7309770282785304,0.6656463657894454,0.785616565908676,MDPC,1136.0
0.7239484030066216,0.6576575246159959,0.7795743141917264,MDPC,1142.0
0.7169197777347123,0.6497166770132309,0.7734994794921084,MDPC,1145.0
0.7169197777347123,0.6497166770132309,0.7734994794921084,MDPC,1148.0
0.7169197777347123,0.6497166770132309,0.7734994794921084,MDPC,1154.0
0.7097505799573648,0.6416282121000697,0.767296462124104,MDPC,1158.0
0.7097505799573648,0.6416282121000697,0.767296462124104,MDPC,1170.0
0.7097505799573648,0.6416282121000697,0.767296462124104,MDPC,1176.0
0.7024335636691444,0.6333838747033227,0.760959260653117,MDPC,1193.0
0.6951165473809242,0.6251882742385925,0.754588551139342,MDPC,1221.0
0.687799531092704,0.61703908988161,0.7481856087826849,MDPC,1241.0
0.680482514804484,0.6089342204795181,0.7417515864580922,MDPC,1259.0
0.6731654985162636,0.6008717584376579,0.7352875299034644,MDPC,1261.0
0.6731654985162636,0.6008717584376579,0.7352875299034644,MDPC,1289.0
0.6657680754556454,0.5927430264536095,0.7287370202098067,MDPC,1316.0
0.6657680754556454,0.5927430264536095,0.7287370202098067,MDPC,1363.0
0.6657680754556454,0.5927430264536095,0.7287370202098067,MDPC,1381.0
0.6582025291436493,0.5844318531290116,0.7220372394111207,MDPC,1387.0
0.650636982831653,0.5761638999643309,0.7153065084088684,MDPC,1394.0
0.650636982831653,0.5761638999643309,0.7153065084088684,MDPC,1397.0
0.650636982831653,0.5761638999643309,0.7153065084088684,MDPC,1427.0
0.650636982831653,0.5761638999643309,0.7153065084088684,MDPC,1430.0
0.650636982831653,0.5761638999643309,0.7153065084088684,MDPC,1434.0
0.650636982831653,0.5761638999643309,0.7153065084088684,MDPC,1438.0
0.650636982831653,0.5761638999643309,0.7153065084088684,MDPC,1444.0
0.650636982831653,0.5761638999643309,0.7153065084088684,MDPC,1451.0
0.650636982831653,0.5761638999643309,0.7153065084088684,MDPC,1454.0
0.650636982831653,0.5761638999643309,0.7153065084088684,MDPC,1458.0
0.650636982831653,0.5761638999643309,0.7153065084088684,MDPC,1459.0
0.6420759698996574,0.5665992960154737,0.707850704713062,MDPC,1460.0
0.6420759698996574,0.5665992960154737,0.707850704713062,MDPC,1461.0
0.6420759698996574,0.5665992960154737,0.707850704713062,MDPC,1463.0
0.6420759698996574,0.5665992960154737,0.707850704713062,MDPC,1482.0
0.6420759698996574,0.5665992960154737,0.707850704713062,MDPC,1483.0
0.6420759698996574,0.5665992960154737,0.707850704713062,MDPC,1486.0
0.6220110958402935,0.5435983719469129,0.6908465011111937,MDPC,1503.0
0.6220110958402935,0.5435983719469129,0.6908465011111937,MDPC,1511.0
0.6116442442429555,0.5317963897465497,0.6820153445536528,MDPC,1520.0
0.601277392645617,0.5201142119592587,0.6731028025473141,MDPC,1533.0
0.601277392645617,0.5201142119592587,0.6731028025473141,MDPC,1540.0
0.5907286664588519,0.5082915252496036,0.6639952539461051,MDPC,1546.0
0.5801799402720866,0.49658309541216616,0.6548092013486214,MDPC,1728.0
0.5801799402720866,0.49658309541216616,0.6548092013486214,MDPC,1791.0
0.5801799402720866,0.49658309541216616,0.6548092013486214,MDPC,1799.0
0.5801799402720866,0.49658309541216616,0.6548092013486214,MDPC,1801.0
0.5801799402720866,0.49658309541216616,0.6548092013486214,MDPC,1816.0
0.5801799402720866,0.49658309541216616,0.6548092013486214,MDPC,1818.0
0.5801799402720866,0.49658309541216616,0.6548092013486214,MDPC,1824.0
0.5801799402720866,0.49658309541216616,0.6548092013486214,MDPC,1825.0
0.9978813559322037,0.9850564141726235,0.999701288535881,MAOB,0.0
0.9957627118644072,0.9831647741107556,0.9989385774291101,MAOB,1.0
0.9936440677966103,0.9804242028764381,0.9979456504225521,MAOB,3.0
0.9915254237288142,0.977579149613743,0.9968108916792483,MAOB,4.0
0.9915254237288142,0.977579149613743,0.9968108916792483,MAOB,8.0
0.9894022429499513,0.9747273701066124,0.9955752237385963,MAOB,9.0
0.9872790621710886,0.9719050667505132,0.9942648779720479,MAOB,11.0
0.9830327006133639,0.966359350651359,0.9914785008637871,MAOB,14.0
0.9809095198345011,0.9636322861341924,0.9900211643181968,MAOB,16.0
0.9787863390556388,0.9609322129241618,0.9885295554986661,MAOB,21.0
0.9787863390556388,0.9609322129241618,0.9885295554986661,MAOB,26.0
0.9766539069444068,0.9582400697237334,0.9870030869253189,MAOB,28.0
0.9745214748331744,0.9555709604378768,0.9854502274551055,MAOB,33.0
0.972389042721942,0.9529227102590047,0.9838739325305079,MAOB,37.0
0.9702566106107092,0.9502934451813372,0.9822766325831652,MAOB,47.0
0.9681241784994774,0.9476815446650573,0.9806603554702535,MAOB,65.0
0.965991746388245,0.9450856005104178,0.9790268144108195,MAOB,66.0
0.9638593142770128,0.9425043824405229,0.9773774726213609,MAOB,75.0
0.9595944500545478,0.937381927957905,0.974036269063618,MAOB,85.0
0.9574620179433156,0.9348388898886854,0.9723464657459215,MAOB,86.0
0.9553295858320829,0.932306939810463,0.97064502982187,MAOB,95.0
0.9531971537208511,0.9297854005488776,0.9689327139069668,MAOB,98.0
0.9510647216096186,0.9272736627035311,0.9672101896832827,MAOB,110.0
0.948932289498386,0.9247711756605224,0.9654780596371108,MAOB,119.0
0.9467998573871538,0.9222774400497114,0.963736866689861,MAOB,121.0
0.9446674252759215,0.9197920013803822,0.9619871021672851,MAOB,129.0
0.9425349931646889,0.9173144446429863,0.9602292124449906,MAOB,131.0
0.9404025610534569,0.9148443897070672,0.9584636045297865,MAOB,132.0
0.9361376968309922,0.9099254160078762,0.9549106929104846,MAOB,136.0
0.93400526471976,0.9074758785541123,0.9531240454433938,MAOB,142.0
0.9318728326085273,0.9050326000408481,0.951330998643653,MAOB,146.0
0.9297404004972951,0.9025953253351017,0.9495318210795568,MAOB,152.0
0.927607968386063,0.9001638172051701,0.947726761836817,MAOB,153.0
0.9254755362748307,0.8977378546147675,0.9459160524508402,MAOB,164.0
0.9254755362748307,0.8977378546147675,0.9459160524508402,MAOB,166.0
0.9254755362748307,0.8977378546147675,0.9459160524508402,MAOB,172.0
0.9233332317927123,0.8953037726625708,0.944092730204913,MAOB,175.0
0.9233332317927123,0.8953037726625708,0.944092730204913,MAOB,176.0
0.9233332317927123,0.8953037726625708,0.944092730204913,MAOB,178.0
0.9233332317927123,0.8953037726625708,0.944092730204913,MAOB,179.0
0.9233332317927123,0.8953037726625708,0.944092730204913,MAOB,181.0
0.9233332317927123,0.8953037726625708,0.944092730204913,MAOB,182.0
0.9233332317927123,0.8953037726625708,0.944092730204913,MAOB,187.0
0.9233332317927123,0.8953037726625708,0.944092730204913,MAOB,188.0
0.9233332317927123,0.8953037726625708,0.944092730204913,MAOB,190.0
0.9233332317927123,0.8953037726625708,0.944092730204913,MAOB,191.0
0.9233332317927123,0.8953037726625708,0.944092730204913,MAOB,202.0
0.9233332317927123,0.8953037726625708,0.944092730204913,MAOB,205.0
0.9233332317927123,0.8953037726625708,0.944092730204913,MAOB,207.0
0.9210921317155449,0.8927398267717278,0.9421925347904216,MAOB,208.0
0.9188510316383789,0.8901823845418064,0.9402864726478353,MAOB,215.0
0.9188510316383789,0.8901823845418064,0.9402864726478353,MAOB,218.0
0.9166044520989202,0.8876236988374385,0.9383707845160615,MAOB,224.0
0.9143578725594619,0.8850710745830782,0.9364496098559527,MAOB,225.0
0.912111293020004,0.8825242747481402,0.934523141540516,MAOB,227.0
0.9098647134805457,0.8799830787424416,0.9325915604771375,MAOB,228.0
0.9098647134805457,0.8799830787424416,0.9325915604771375,MAOB,231.0
0.9098647134805457,0.8799830787424416,0.9325915604771375,MAOB,233.0
0.9076069846629764,0.877432320482684,0.9306468068562836,MAOB,234.0
0.9053492558454069,0.8748869030269472,0.928697195447314,MAOB,236.0
0.9053492558454069,0.8748869030269472,0.928697195447314,MAOB,237.0
0.9053492558454069,0.8748869030269472,0.928697195447314,MAOB,240.0
0.9030745089714238,0.8723239459407495,0.9267302411822873,MAOB,243.0
0.9030745089714238,0.8723239459407495,0.9267302411822873,MAOB,260.0
0.9030745089714238,0.8723239459407495,0.9267302411822873,MAOB,263.0
0.9007824416897704,0.8697431034919938,0.9247457357180477,MAOB,269.0
0.8984903744081167,0.8671674529582363,0.9227565938599217,MAOB,271.0
0.8961924450618044,0.8645890626930701,0.9207585679017216,MAOB,298.0
0.8938945157154917,0.8620155862116925,0.918756140391071,MAOB,318.0
0.8915965863691799,0.8594468650311865,0.9167494374277679,MAOB,328.0
0.8892986570228676,0.8568827499638534,0.9147385785414799,MAOB,338.0
0.8892986570228676,0.8568827499638534,0.9147385785414799,MAOB,340.0
0.8892986570228676,0.8568827499638534,0.9147385785414799,MAOB,342.0
0.8892986570228676,0.8568827499638534,0.9147385785414799,MAOB,345.0
0.8892986570228676,0.8568827499638534,0.9147385785414799,MAOB,346.0
0.8892986570228676,0.8568827499638534,0.9147385785414799,MAOB,349.0
0.8892986570228676,0.8568827499638534,0.9147385785414799,MAOB,356.0
0.8892986570228676,0.8568827499638534,0.9147385785414799,MAOB,362.0
0.8892986570228676,0.8568827499638534,0.9147385785414799,MAOB,364.0
0.8892986570228676,0.8568827499638534,0.9147385785414799,MAOB,365.0
0.8892986570228676,0.8568827499638534,0.9147385785414799,MAOB,366.0
0.8892986570228676,0.8568827499638534,0.9147385785414799,MAOB,367.0
0.8868487984635766,0.8541229307749213,0.912609590440474,MAOB,368.0
0.8868487984635766,0.8541229307749213,0.912609590440474,MAOB,369.0
0.8843784675486365,0.8513418724487946,0.9104604941469174,MAOB,370.0
0.8819081366336958,0.8485667511286268,0.9083065530453548,MAOB,371.0
0.8819081366336958,0.8485667511286268,0.9083065530453548,MAOB,372.0
0.8819081366336958,0.8485667511286268,0.9083065530453548,MAOB,373.0
0.8819081366336958,0.8485667511286268,0.9083065530453548,MAOB,374.0
0.8794098133004559,0.8457604070944218,0.9061269523748428,MAOB,375.0
0.8794098133004559,0.8457604070944218,0.9061269523748428,MAOB,376.0
0.8794098133004559,0.8457604070944218,0.9061269523748428,MAOB,377.0
0.8794098133004559,0.8457604070944218,0.9061269523748428,MAOB,380.0
0.8794098133004559,0.8457604070944218,0.9061269523748428,MAOB,381.0
0.8768533894245822,0.8428831003267864,0.9038991903546852,MAOB,382.0
0.8768533894245822,0.8428831003267864,0.9038991903546852,MAOB,383.0
0.8742894906250956,0.840002192411084,0.9016608533894672,MAOB,385.0
0.8742894906250956,0.840002192411084,0.9016608533894672,MAOB,387.0
0.871702835327388,0.8370974088492339,0.8994005879401579,MAOB,389.0
0.871702835327388,0.8370974088492339,0.8994005879401579,MAOB,398.0
0.871702835327388,0.8370974088492339,0.8994005879401579,MAOB,399.0
0.8690929465988626,0.8341681926068469,0.8971180119432736,MAOB,405.0
0.8690929465988626,0.8341681926068469,0.8971180119432736,MAOB,406.0
0.8690929465988626,0.8341681926068469,0.8971180119432736,MAOB,407.0
0.8638416297009843,0.8282868916750475,0.8925144728751276,MAOB,411.0
0.8612159712520455,0.8253553097133219,0.890205502058347,MAOB,413.0
0.8612159712520455,0.8253553097133219,0.890205502058347,MAOB,414.0
0.8559485952810848,0.8194884654287049,0.8855615758518403,MAOB,415.0
0.8559485952810848,0.8194884654287049,0.8855615758518403,MAOB,419.0
0.8559485952810848,0.8194884654287049,0.8855615758518403,MAOB,423.0
0.8559485952810848,0.8194884654287049,0.8855615758518403,MAOB,424.0
0.8559485952810848,0.8194884654287049,0.8855615758518403,MAOB,428.0
0.8559485952810848,0.8194884654287049,0.8855615758518403,MAOB,431.0
0.8559485952810848,0.8194884654287049,0.8855615758518403,MAOB,434.0
0.8532653708444672,0.8164990464600195,0.8831952601883064,MAOB,436.0
0.850582146407849,0.8135154438701659,0.8808243180390974,MAOB,440.0
0.850582146407849,0.8135154438701659,0.8808243180390974,MAOB,443.0
0.850582146407849,0.8135154438701659,0.8808243180390974,MAOB,452.0
0.850582146407849,0.8135154438701659,0.8808243180390974,MAOB,453.0
0.850582146407849,0.8135154438701659,0.8808243180390974,MAOB,454.0
0.850582146407849,0.8135154438701659,0.8808243180390974,MAOB,455.0
0.8478559215796184,0.8104817178308619,0.8784161651774586,MAOB,472.0
0.8451296967513885,0.807453870342391,0.8760033601960856,MAOB,487.0
0.8451296967513885,0.807453870342391,0.8760033601960856,MAOB,504.0
0.8396596016267834,0.8013923985862337,0.8711507259426008,MAOB,505.0
0.8341895065021795,0.795352752755177,0.8662805838309341,MAOB,534.0
0.8314544589398772,0.7923407371371579,0.8638391945820761,MAOB,539.0
0.8314544589398772,0.7923407371371579,0.8638391945820761,MAOB,542.0
0.8287103848179638,0.7893222398595384,0.8613867295084644,MAOB,544.0
0.8259663106960496,0.7863087044119919,0.8589302163109871,MAOB,586.0
0.823222236574136,0.7833000038479845,0.8564697399528299,MAOB,597.0
0.8204781624522227,0.7802960174361498,0.854005381773239,MAOB,603.0
0.8204781624522227,0.7802960174361498,0.854005381773239,MAOB,606.0
0.8204781624522227,0.7802960174361498,0.854005381773239,MAOB,610.0
0.817715609716693,0.7772733035100695,0.8515227836782453,MAOB,618.0
0.8149530569811642,0.7742552171746554,0.849036368084229,MAOB,627.0
0.8121905042456343,0.7712416488822342,0.846546209417442,MAOB,643.0
0.8094279515101054,0.7682324941553534,0.8440523790905649,MAOB,655.0
0.8094279515101054,0.7682324941553534,0.8440523790905649,MAOB,667.0
0.8066559379775368,0.7652158110253278,0.8415474920061705,MAOB,669.0
0.8038839244449676,0.7622034119258465,0.8390390251852567,MAOB,677.0
0.801111910912399,0.759195203517198,0.8365270431880603,MAOB,679.0
0.7983398973798301,0.7561910965354605,0.8340116080981808,MAOB,684.0
0.7955678838472613,0.7531910055542194,0.831492779651879,MAOB,698.0
0.7955678838472613,0.7531910055542194,0.831492779651879,MAOB,716.0
0.7955678838472613,0.7531910055542194,0.831492779651879,MAOB,718.0
0.7955678838472613,0.7531910055542194,0.831492779651879,MAOB,720.0
0.7955678838472613,0.7531910055542194,0.831492779651879,MAOB,722.0
0.7955678838472613,0.7531910055542194,0.831492779651879,MAOB,724.0
0.7955678838472613,0.7531910055542194,0.831492779651879,MAOB,725.0
0.7955678838472613,0.7531910055542194,0.831492779651879,MAOB,726.0
0.7955678838472613,0.7531910055542194,0.831492779651879,MAOB,727.0
0.7925993469672344,0.7499493218739823,0.8288156674036701,MAOB,728.0
0.7925993469672344,0.7499493218739823,0.8288156674036701,MAOB,729.0
0.7925993469672344,0.7499493218739823,0.8288156674036701,MAOB,730.0
0.7925993469672344,0.7499493218739823,0.8288156674036701,MAOB,731.0
0.7925993469672344,0.7499493218739823,0.8288156674036701,MAOB,735.0
0.7925993469672344,0.7499493218739823,0.8288156674036701,MAOB,737.0
0.7925993469672344,0.7499493218739823,0.8288156674036701,MAOB,740.0
0.7925993469672344,0.7499493218739823,0.8288156674036701,MAOB,742.0
0.7925993469672344,0.7499493218739823,0.8288156674036701,MAOB,745.0
0.7925993469672344,0.7499493218739823,0.8288156674036701,MAOB,747.0
0.7925993469672344,0.7499493218739823,0.8288156674036701,MAOB,748.0
0.7894033818584956,0.7464241111333338,0.8259584560065409,MAOB,750.0
0.7894033818584956,0.7464241111333338,0.8259584560065409,MAOB,754.0
0.7894033818584956,0.7464241111333338,0.8259584560065409,MAOB,757.0
0.7894033818584956,0.7464241111333338,0.8259584560065409,MAOB,758.0
0.7894033818584956,0.7464241111333338,0.8259584560065409,MAOB,759.0
0.7894033818584956,0.7464241111333338,0.8259584560065409,MAOB,761.0
0.7894033818584956,0.7464241111333338,0.8259584560065409,MAOB,762.0
0.7894033818584956,0.7464241111333338,0.8259584560065409,MAOB,769.0
0.7894033818584956,0.7464241111333338,0.8259584560065409,MAOB,778.0
0.7894033818584956,0.7464241111333338,0.8259584560065409,MAOB,803.0
0.786058452274349,0.7427143027560379,0.822982513624263,MAOB,806.0
0.786058452274349,0.7427143027560379,0.822982513624263,MAOB,807.0
0.7826992281193299,0.7389943205792094,0.8199895554627298,MAOB,812.0
0.7826992281193299,0.7389943205792094,0.8199895554627298,MAOB,836.0
0.7793255245498498,0.7352638684404385,0.8169794714490518,MAOB,847.0
0.7759518209803704,0.7315415037070683,0.8139633039942852,MAOB,852.0
0.7759518209803704,0.7315415037070683,0.8139633039942852,MAOB,896.0
0.7725633850808927,0.7278081229434935,0.8109299475219666,MAOB,912.0
0.7691749491814152,0.7240825240692881,0.8078906903459842,MAOB,931.0
0.7691749491814152,0.7240825240692881,0.8078906903459842,MAOB,940.0
0.7657715202027361,0.7203453845379235,0.8048341566104005,MAOB,951.0
0.7657715202027361,0.7203453845379235,0.8048341566104005,MAOB,963.0
0.7623528973446885,0.7165964221163427,0.8017602037687176,MAOB,984.0
0.7589342744866403,0.7128549110537118,0.7986805437369785,MAOB,1013.0
0.7555156516285922,0.7091206599826186,0.7955952961442235,MAOB,1024.0
0.7520970287705449,0.7053934872352137,0.7925045749147286,MAOB,1030.0
0.7486784059124968,0.7016732201998205,0.7894084886389299,MAOB,1035.0
0.7486784059124968,0.7016732201998205,0.7894084886389299,MAOB,1038.0
0.7486784059124968,0.7016732201998205,0.7894084886389299,MAOB,1047.0
0.7486784059124968,0.7016732201998205,0.7894084886389299,MAOB,1049.0
0.7486784059124968,0.7016732201998205,0.7894084886389299,MAOB,1052.0
0.7486784059124968,0.7016732201998205,0.7894084886389299,MAOB,1054.0
0.7486784059124968,0.7016732201998205,0.7894084886389299,MAOB,1056.0
0.7486784059124968,0.7016732201998205,0.7894084886389299,MAOB,1061.0
0.7486784059124968,0.7016732201998205,0.7894084886389299,MAOB,1072.0
0.7486784059124968,0.7016732201998205,0.7894084886389299,MAOB,1073.0
0.7486784059124968,0.7016732201998205,0.7894084886389299,MAOB,1074.0
0.7486784059124968,0.7016732201998205,0.7894084886389299,MAOB,1076.0
0.7486784059124968,0.7016732201998205,0.7894084886389299,MAOB,1077.0
0.7486784059124968,0.7016732201998205,0.7894084886389299,MAOB,1078.0
0.7486784059124968,0.7016732201998205,0.7894084886389299,MAOB,1080.0
0.7486784059124968,0.7016732201998205,0.7894084886389299,MAOB,1083.0
0.7486784059124968,0.7016732201998205,0.7894084886389299,MAOB,1086.0
0.7486784059124968,0.7016732201998205,0.7894084886389299,MAOB,1087.0
0.7486784059124968,0.7016732201998205,0.7894084886389299,MAOB,1088.0
0.7486784059124968,0.7016732201998205,0.7894084886389299,MAOB,1091.0
0.7486784059124968,0.7016732201998205,0.7894084886389299,MAOB,1092.0
0.7486784059124968,0.7016732201998205,0.7894084886389299,MAOB,1094.0
0.7486784059124968,0.7016732201998205,0.7894084886389299,MAOB,1096.0
0.7486784059124968,0.7016732201998205,0.7894084886389299,MAOB,1098.0
0.7486784059124968,0.7016732201998205,0.7894084886389299,MAOB,1099.0
0.7486784059124968,0.7016732201998205,0.7894084886389299,MAOB,1101.0
0.7446314956102675,0.6971521450016154,0.7858313566952401,MAOB,1102.0
0.7364934464779148,0.6880916861076256,0.7786154994438517,MAOB,1103.0
0.7364934464779148,0.6880916861076256,0.7786154994438517,MAOB,1104.0
0.7364934464779148,0.6880916861076256,0.7786154994438517,MAOB,1105.0
0.7364934464779148,0.6880916861076256,0.7786154994438517,MAOB,1106.0
0.7364934464779148,0.6880916861076256,0.7786154994438517,MAOB,1109.0
0.7364934464779148,0.6880916861076256,0.7786154994438517,MAOB,1110.0
0.7364934464779148,0.6880916861076256,0.7786154994438517,MAOB,1113.0
0.7364934464779148,0.6880916861076256,0.7786154994438517,MAOB,1114.0
0.7364934464779148,0.6880916861076256,0.7786154994438517,MAOB,1115.0
0.7364934464779148,0.6880916861076256,0.7786154994438517,MAOB,1116.0
0.7321611320868681,0.6832349300049123,0.7748000201178294,MAOB,1118.0
0.7321611320868681,0.6832349300049123,0.7748000201178294,MAOB,1122.0
0.7321611320868681,0.6832349300049123,0.7748000201178294,MAOB,1123.0
0.7321611320868681,0.6832349300049123,0.7748000201178294,MAOB,1125.0
0.7321611320868681,0.6832349300049123,0.7748000201178294,MAOB,1126.0
0.7277237918924027,0.6782549829698445,0.7708967842121477,MAOB,1143.0
0.7232864516979365,0.6732918985267532,0.766981319946302,MAOB,1162.0
0.7232864516979365,0.6732918985267532,0.766981319946302,MAOB,1166.0
0.7188217205146163,0.6683089901448928,0.7630340241827956,MAOB,1178.0
0.7143569893312954,0.6633421778913631,0.759074972867971,MAOB,1185.0
0.7098922581479751,0.6583909177299383,0.7551045136681511,MAOB,1202.0
0.7054275269646545,0.6534547012476614,0.7511229706518009,MAOB,1220.0
0.7009627957813336,0.6485330526133635,0.7471306464327843,MAOB,1266.0
0.6964980645980133,0.6436255258641299,0.7431278240649833,MAOB,1291.0
0.6964980645980133,0.6436255258641299,0.7431278240649833,MAOB,1314.0
0.692004528697381,0.6386946414780249,0.7390931620093772,MAOB,1337.0
0.6875109927967483,0.6337774222244383,0.7350482703335147,MAOB,1341.0
0.6875109927967483,0.6337774222244383,0.7350482703335147,MAOB,1369.0
0.6829878941599276,0.6288356660793777,0.7309710787461632,MAOB,1370.0
0.6784647955231068,0.6239071788396958,0.7268838864811523,MAOB,1386.0
0.6784647955231068,0.6239071788396958,0.7268838864811523,MAOB,1393.0
0.6784647955231068,0.6239071788396958,0.7268838864811523,MAOB,1404.0
0.6784647955231068,0.6239071788396958,0.7268838864811523,MAOB,1409.0
0.6784647955231068,0.6239071788396958,0.7268838864811523,MAOB,1412.0
0.6738177763756882,0.618833493166073,0.7226932020366876,MAOB,1413.0
0.6738177763756882,0.618833493166073,0.7226932020366876,MAOB,1429.0
0.6738177763756882,0.618833493166073,0.7226932020366876,MAOB,1433.0
0.6738177763756882,0.618833493166073,0.7226932020366876,MAOB,1448.0
0.6738177763756882,0.618833493166073,0.7226932020366876,MAOB,1449.0
0.6738177763756882,0.618833493166073,0.7226932020366876,MAOB,1450.0
0.6738177763756882,0.618833493166073,0.7226932020366876,MAOB,1451.0
0.6738177763756882,0.618833493166073,0.7226932020366876,MAOB,1452.0
0.6738177763756882,0.618833493166073,0.7226932020366876,MAOB,1454.0
0.6738177763756882,0.618833493166073,0.7226932020366876,MAOB,1455.0
0.6738177763756882,0.618833493166073,0.7226932020366876,MAOB,1456.0
0.6738177763756882,0.618833493166073,0.7226932020366876,MAOB,1457.0
0.6687130962516298,0.613181703685204,0.718152616749734,MAOB,1458.0
0.6687130962516298,0.613181703685204,0.718152616749734,MAOB,1459.0
0.6687130962516298,0.613181703685204,0.718152616749734,MAOB,1460.0
0.6687130962516298,0.613181703685204,0.718152616749734,MAOB,1465.0
0.6687130962516298,0.613181703685204,0.718152616749734,MAOB,1469.0
0.6687130962516298,0.613181703685204,0.718152616749734,MAOB,1471.0
0.6687130962516298,0.613181703685204,0.718152616749734,MAOB,1474.0
0.6687130962516298,0.613181703685204,0.718152616749734,MAOB,1475.0
0.663046036113904,0.6068036655585776,0.7131955248850813,MAOB,1479.0
0.663046036113904,0.6068036655585776,0.7131955248850813,MAOB,1482.0
0.663046036113904,0.6068036655585776,0.7131955248850813,MAOB,1485.0
0.663046036113904,0.6068036655585776,0.7131955248850813,MAOB,1487.0
0.663046036113904,0.6068036655585776,0.7131955248850813,MAOB,1489.0
0.6571783720774974,0.6001846991454773,0.7080771755193572,MAOB,1494.0
0.6513107080410913,0.593598138066152,0.7029352171389706,MAOB,1500.0
0.6454430440046854,0.5870426506530939,0.6977705573016204,MAOB,1505.0
0.6454430440046854,0.5870426506530939,0.6977705573016204,MAOB,1507.0
0.639521548188129,0.5804453380828491,0.6925459644478604,MAOB,1508.0
0.639521548188129,0.5804453380828491,0.6925459644478604,MAOB,1513.0
0.639521548188129,0.5804453380828491,0.6925459644478604,MAOB,1520.0
0.639521548188129,0.5804453380828491,0.6925459644478604,MAOB,1529.0
0.6334308667768135,0.5736525629749092,0.6871800444405637,MAOB,1543.0
0.6273401853654982,0.5668918850518596,0.6817905679523398,MAOB,1545.0
0.6212495039541823,0.560162096098461,0.6763783466188757,MAOB,1640.0
0.6212495039541823,0.560162096098461,0.6763783466188757,MAOB,1678.0
0.6212495039541823,0.560162096098461,0.6763783466188757,MAOB,1694.0
0.6150370089146402,0.5533015964826421,0.6708571219769092,MAOB,1704.0
0.6088245138750987,0.546472215570322,0.6653128909979406,MAOB,1722.0
0.6026120188355566,0.5396728777828672,0.6597463662750594,MAOB,1724.0
0.6026120188355566,0.5396728777828672,0.6597463662750594,MAOB,1742.0
0.6026120188355566,0.5396728777828672,0.6597463662750594,MAOB,1744.0
0.6026120188355566,0.5396728777828672,0.6597463662750594,MAOB,1757.0
0.6026120188355566,0.5396728777828672,0.6597463662750594,MAOB,1761.0
0.5961323197082925,0.5325531512266783,0.6539661144787753,MAOB,1776.0
0.5961323197082925,0.5325531512266783,0.6539661144787753,MAOB,1780.0
0.5961323197082925,0.5325531512266783,0.6539661144787753,MAOB,1794.0
0.5961323197082925,0.5325531512266783,0.6539661144787753,MAOB,1795.0
0.5961323197082925,0.5325531512266783,0.6539661144787753,MAOB,1796.0
0.5961323197082925,0.5325531512266783,0.6539661144787753,MAOB,1806.0
0.5961323197082925,0.5325531512266783,0.6539661144787753,MAOB,1807.0
0.5961323197082925,0.5325531512266783,0.6539661144787753,MAOB,1811.0
0.5961323197082925,0.5325531512266783,0.6539661144787753,MAOB,1813.0
0.5961323197082925,0.5325531512266783,0.6539661144787753,MAOB,1814.0
0.5961323197082925,0.5325531512266783,0.6539661144787753,MAOB,1815.0
0.5961323197082925,0.5325531512266783,0.6539661144787753,MAOB,1818.0
0.5961323197082925,0.5325531512266783,0.6539661144787753,MAOB,1819.0
0.5961323197082925,0.5325531512266783,0.6539661144787753,MAOB,1820.0
0.5961323197082925,0.5325531512266783,0.6539661144787753,MAOB,1824.0
0.5876161437124597,0.5226709813207308,0.6468101911748779,MAOB,1825.0
1.0,1.0,1.0,LAOP,0.0
0.996978851963746,0.9787492236975218,0.9995738775141879,LAOP,1.0
0.9939577039274925,0.9760581795915433,0.9984854033832804,LAOP,2.0
0.9909365558912391,0.9721646739777764,0.9970678363342798,LAOP,3.0
0.9848942598187312,0.9640913656892122,0.9936846785538849,LAOP,7.0
0.9818731117824772,0.9600989848008532,0.991815357136436,LAOP,8.0
0.9788519637462233,0.9561536388831359,0.9898617649320658,LAOP,9.0
0.9758308157099697,0.9522540734787159,0.9878393421969132,LAOP,16.0
0.9728096676737162,0.948396932025509,0.9857592407421966,LAOP,29.0
0.9697885196374622,0.9445784811454314,0.9836298327749128,LAOP,34.0
0.9667673716012083,0.9407951746370797,0.9814575975843668,LAOP,39.0
0.9637462235649545,0.9370438190954503,0.9792476739156936,LAOP,44.0
0.960725075528701,0.9333215969079564,0.9770042204739161,LAOP,50.0
0.9577039274924468,0.9296260395522147,0.9747306603310288,LAOP,82.0
0.9546827794561935,0.9259549864673755,0.9724298519644868,LAOP,118.0
0.9516616314199396,0.9223065429190279,0.9701042122110597,LAOP,120.0
0.9486404833836856,0.9186790416374119,0.9677558067161417,LAOP,127.0
0.9456193353474318,0.9150710095402177,0.9653864178167748,LAOP,128.0
0.9425981873111784,0.9114811394906214,0.962997596390111,LAOP,139.0
0.9395770392749243,0.9079082665577533,0.9605907020736235,LAOP,148.0
0.9395770392749243,0.9079082665577533,0.9605907020736235,LAOP,149.0
0.9395770392749243,0.9079082665577533,0.9605907020736235,LAOP,175.0
0.9395770392749243,0.9079082665577533,0.9605907020736235,LAOP,176.0
0.9395770392749243,0.9079082665577533,0.9605907020736235,LAOP,177.0
0.9395770392749243,0.9079082665577533,0.9605907020736235,LAOP,178.0
0.9395770392749243,0.9079082665577533,0.9605907020736235,LAOP,179.0
0.9395770392749243,0.9079082665577533,0.9605907020736235,LAOP,180.0
0.9395770392749243,0.9079082665577533,0.9605907020736235,LAOP,181.0
0.9395770392749243,0.9079082665577533,0.9605907020736235,LAOP,182.0
0.9395770392749243,0.9079082665577533,0.9605907020736235,LAOP,184.0
0.9395770392749243,0.9079082665577533,0.9605907020736235,LAOP,185.0
0.9395770392749243,0.9079082665577533,0.9605907020736235,LAOP,190.0
0.9363032516816314,0.903965619457199,0.9580036277213665,LAOP,200.0
0.9363032516816314,0.903965619457199,0.9580036277213665,LAOP,201.0
0.9363032516816314,0.903965619457199,0.9580036277213665,LAOP,210.0
0.9363032516816314,0.903965619457199,0.9580036277213665,LAOP,216.0
0.9329947596262195,0.8999939732637735,0.9553744794234943,LAOP,221.0
0.9296862675708067,0.8960460447209102,0.952726238557813,LAOP,232.0
0.9263659594723397,0.8921022055061272,0.9500523741879302,LAOP,234.0
0.9230456513738725,0.888179040927426,0.9473615187080886,LAOP,236.0
0.9230456513738725,0.888179040927426,0.9473615187080886,LAOP,240.0
0.9230456513738725,0.888179040927426,0.9473615187080886,LAOP,246.0
0.919701283071794,0.8842395439902684,0.944638610193284,LAOP,257.0
0.9163447090459844,0.8803008089709102,0.9418920457766541,LAOP,258.0
0.9163447090459844,0.8803008089709102,0.9418920457766541,LAOP,265.0
0.9163447090459844,0.8803008089709102,0.9418920457766541,LAOP,271.0
0.9129633632561469,0.8763437902541552,0.939113937036335,LAOP,300.0
0.9095820174663091,0.8724041520364533,0.9363214734127101,LAOP,304.0
0.9062006716764713,0.8684808503428265,0.9335153678335255,LAOP,305.0
0.902819325886634,0.8645729504443724,0.9306962709843893,LAOP,308.0
0.8994379800967964,0.8606796114199879,0.9278647787033327,LAOP,322.0
0.8960566343069586,0.8568000734139621,0.9250214382751935,LAOP,326.0
0.892675288517121,0.852933647037452,0.922166753820617,LAOP,333.0
0.892675288517121,0.852933647037452,0.922166753820617,LAOP,341.0
0.892675288517121,0.852933647037452,0.922166753820617,LAOP,342.0
0.8892681309273616,0.8490438746802859,0.9192828713135093,LAOP,344.0
0.8892681309273616,0.8490438746802859,0.9192828713135093,LAOP,346.0
0.8892681309273616,0.8490438746802859,0.9192828713135093,LAOP,351.0
0.8892681309273616,0.8490438746802859,0.9192828713135093,LAOP,354.0
0.8892681309273616,0.8490438746802859,0.9192828713135093,LAOP,356.0
0.8892681309273616,0.8490438746802859,0.9192828713135093,LAOP,359.0
0.8892681309273616,0.8490438746802859,0.9192828713135093,LAOP,360.0
0.8892681309273616,0.8490438746802859,0.9192828713135093,LAOP,361.0
0.8892681309273616,0.8490438746802859,0.9192828713135093,LAOP,362.0
0.8892681309273616,0.8490438746802859,0.9192828713135093,LAOP,363.0
0.8892681309273616,0.8490438746802859,0.9192828713135093,LAOP,364.0
0.8892681309273616,0.8490438746802859,0.9192828713135093,LAOP,365.0
0.8892681309273616,0.8490438746802859,0.9192828713135093,LAOP,366.0
0.8892681309273616,0.8490438746802859,0.9192828713135093,LAOP,367.0
0.8892681309273616,0.8490438746802859,0.9192828713135093,LAOP,369.0
0.8855317102091793,0.8447041271156057,0.9161577272053216,LAOP,371.0
0.8855317102091793,0.8447041271156057,0.9161577272053216,LAOP,372.0
0.8855317102091793,0.8447041271156057,0.9161577272053216,LAOP,373.0
0.8855317102091793,0.8447041271156057,0.9161577272053216,LAOP,375.0
0.8855317102091793,0.8447041271156057,0.9161577272053216,LAOP,378.0
0.8855317102091793,0.8447041271156057,0.9161577272053216,LAOP,385.0
0.8855317102091793,0.8447041271156057,0.9161577272053216,LAOP,393.0
0.8855317102091793,0.8447041271156057,0.9161577272053216,LAOP,396.0
0.8855317102091793,0.8447041271156057,0.9161577272053216,LAOP,397.0
0.8855317102091793,0.8447041271156057,0.9161577272053216,LAOP,408.0
0.8816306894593592,0.8401480892566514,0.9129057757476521,LAOP,411.0
0.8777296687095387,0.8356135575376982,0.9096386149499953,LAOP,414.0
0.8738286479597184,0.8310992565945795,0.9063569322281789,LAOP,416.0
0.8738286479597184,0.8310992565945795,0.9063569322281789,LAOP,420.0
0.8738286479597184,0.8310992565945795,0.9063569322281789,LAOP,422.0
0.8738286479597184,0.8310992565945795,0.9063569322281789,LAOP,424.0
0.8738286479597184,0.8310992565945795,0.9063569322281789,LAOP,430.0
0.8738286479597184,0.8310992565945795,0.9063569322281789,LAOP,432.0
0.8738286479597184,0.8310992565945795,0.9063569322281789,LAOP,434.0
0.8738286479597184,0.8310992565945795,0.9063569322281789,LAOP,436.0
0.8738286479597184,0.8310992565945795,0.9063569322281789,LAOP,437.0
0.8697643286668825,0.8263728012258936,0.9029485398514469,LAOP,444.0
0.8697643286668825,0.8263728012258936,0.9029485398514469,LAOP,445.0
0.8697643286668825,0.8263728012258936,0.9029485398514469,LAOP,453.0
0.8656616667392087,0.8216137601155438,0.8994984523506906,LAOP,455.0
0.8615590048115345,0.8168761450995661,0.8960332838044914,LAOP,456.0
0.857436712922484,0.8121312699190741,0.8925399767213892,LAOP,473.0
0.8533144210334335,0.8074059745040296,0.8890325904638497,LAOP,478.0
0.8491921291443835,0.802699251058845,0.8855116810098745,LAOP,484.0
0.8491921291443835,0.802699251058845,0.8855116810098745,LAOP,494.0
0.8450497285144104,0.7979825161719025,0.8819634666126857,LAOP,513.0
0.8409073278844379,0.7932829767994876,0.8784025100785483,LAOP,515.0
0.8367649272544657,0.788599841279083,0.8748292647319467,LAOP,536.0
0.8326225266244928,0.7839323836461507,0.8712441520945038,LAOP,544.0
0.8284801259945199,0.7792799364168466,0.8676475649736747,LAOP,558.0
0.8243377253645475,0.7746418843456181,0.8640398701649995,LAOP,612.0
0.820195324734575,0.7700176590035855,0.8604214108265732,LAOP,655.0
0.820195324734575,0.7700176590035855,0.8604214108265732,LAOP,672.0
0.8160318966902367,0.7653788211775419,0.8567769998834645,LAOP,677.0
0.8160318966902367,0.7653788211775419,0.8567769998834645,LAOP,684.0
0.8118471177328509,0.7607248405906064,0.8531064798737641,LAOP,711.0
0.8118471177328509,0.7607248405906064,0.8531064798737641,LAOP,712.0
0.8118471177328509,0.7607248405906064,0.8531064798737641,LAOP,714.0
0.8118471177328509,0.7607248405906064,0.8531064798737641,LAOP,717.0
0.8075966092630454,0.7559969287346021,0.8493770995539676,LAOP,721.0
0.8033461007932401,0.75128242438563,0.845637260269233,LAOP,722.0
0.8033461007932401,0.75128242438563,0.845637260269233,LAOP,723.0
0.8033461007932401,0.75128242438563,0.845637260269233,LAOP,724.0
0.8033461007932401,0.75128242438563,0.845637260269233,LAOP,726.0
0.8033461007932401,0.75128242438563,0.845637260269233,LAOP,728.0
0.7946140779585306,0.7415888037555605,0.8379551245288235,LAOP,730.0
0.7946140779585306,0.7415888037555605,0.8379551245288235,LAOP,731.0
0.7946140779585306,0.7415888037555605,0.8379551245288235,LAOP,735.0
0.7946140779585306,0.7415888037555605,0.8379551245288235,LAOP,738.0
0.7946140779585306,0.7415888037555605,0.8379551245288235,LAOP,740.0
0.7946140779585306,0.7415888037555605,0.8379551245288235,LAOP,746.0
0.7900209329992323,0.7364622682594802,0.8339305346586534,LAOP,753.0
0.7900209329992323,0.7364622682594802,0.8339305346586534,LAOP,754.0
0.7900209329992323,0.7364622682594802,0.8339305346586534,LAOP,755.0
0.7900209329992323,0.7364622682594802,0.8339305346586534,LAOP,758.0
0.7900209329992323,0.7364622682594802,0.8339305346586534,LAOP,761.0
0.7900209329992323,0.7364622682594802,0.8339305346586534,LAOP,765.0
0.7900209329992323,0.7364622682594802,0.8339305346586534,LAOP,767.0
0.7900209329992323,0.7364622682594802,0.8339305346586534,LAOP,771.0
0.7900209329992323,0.7364622682594802,0.8339305346586534,LAOP,772.0
0.7900209329992323,0.7364622682594802,0.8339305346586534,LAOP,774.0
0.7900209329992323,0.7364622682594802,0.8339305346586534,LAOP,782.0
0.7900209329992323,0.7364622682594802,0.8339305346586534,LAOP,784.0
0.7900209329992323,0.7364622682594802,0.8339305346586534,LAOP,797.0
0.7900209329992323,0.7364622682594802,0.8339305346586534,LAOP,803.0
0.7900209329992323,0.7364622682594802,0.8339305346586534,LAOP,815.0
0.7850208005118949,0.7308049213037413,0.8295998431297397,LAOP,835.0
0.7850208005118949,0.7308049213037413,0.8295998431297397,LAOP,852.0
0.779988615893229,0.725126955773832,0.8252301915839672,LAOP,855.0
0.7749564312745632,0.7194714436490215,0.8208446377041628,LAOP,862.0
0.764892062037231,0.7082240316704765,0.8120279073930963,LAOP,884.0
0.7598598774185649,0.7026304396782082,0.8075976794414176,LAOP,892.0
0.7548276927998988,0.6970559021745015,0.8031534534877984,LAOP,895.0
0.749795508181233,0.6914997235758544,0.7986956257944876,LAOP,938.0
0.7447633235625667,0.6859612582874587,0.7942245665413094,LAOP,964.0
0.7397311389439007,0.6804399060684014,0.7897406221381726,LAOP,1020.0
0.7397311389439007,0.6804399060684014,0.7897406221381726,LAOP,1036.0
0.7397311389439007,0.6804399060684014,0.7897406221381726,LAOP,1049.0
0.7397311389439007,0.6804399060684014,0.7897406221381726,LAOP,1065.0
0.7345941171456789,0.6747987517165591,0.7851659388490214,LAOP,1070.0
0.7294570953474577,0.6691751249913162,0.78057806338468,LAOP,1077.0
0.7294570953474577,0.6691751249913162,0.78057806338468,LAOP,1081.0
0.7294570953474577,0.6691751249913162,0.78057806338468,LAOP,1085.0
0.7294570953474577,0.6691751249913162,0.78057806338468,LAOP,1086.0
0.7294570953474577,0.6691751249913162,0.78057806338468,LAOP,1087.0
0.7294570953474577,0.6691751249913162,0.78057806338468,LAOP,1088.0
0.7294570953474577,0.6691751249913162,0.78057806338468,LAOP,1090.0
0.7294570953474577,0.6691751249913162,0.78057806338468,LAOP,1092.0
0.723972455532815,0.6631143361453566,0.7757200236843156,LAOP,1093.0
0.723972455532815,0.6631143361453566,0.7757200236843156,LAOP,1094.0
0.723972455532815,0.6631143361453566,0.7757200236843156,LAOP,1095.0
0.723972455532815,0.6631143361453566,0.7757200236843156,LAOP,1096.0
0.723972455532815,0.6631143361453566,0.7757200236843156,LAOP,1099.0
0.723972455532815,0.6631143361453566,0.7757200236843156,LAOP,1104.0
0.723972455532815,0.6631143361453566,0.7757200236843156,LAOP,1109.0
0.723972455532815,0.6631143361453566,0.7757200236843156,LAOP,1111.0
0.723972455532815,0.6631143361453566,0.7757200236843156,LAOP,1115.0
0.723972455532815,0.6631143361453566,0.7757200236843156,LAOP,1119.0
0.7177313136747737,0.6560607398635944,0.7703058548570071,LAOP,1120.0
0.7114901718167322,0.6490430102596917,0.7648667858613777,LAOP,1133.0
0.7114901718167322,0.6490430102596917,0.7648667858613777,LAOP,1141.0
0.7051375809969401,0.6419085912622452,0.7593254794449606,LAOP,1149.0
0.7051375809969401,0.6419085912622452,0.7593254794449606,LAOP,1151.0
0.7051375809969401,0.6419085912622452,0.7593254794449606,LAOP,1168.0
0.6986085293210421,0.634570252984508,0.7536358800859222,LAOP,1171.0
0.6920794776451447,0.6272696395284879,0.7479198990619993,LAOP,1189.0
0.685550425969247,0.6200051103854033,0.7421784872230932,LAOP,1206.0
0.6790213742933495,0.6127751666951736,0.736412510723657,LAOP,1230.0
0.6724923226174521,0.6055784357456333,0.7306227608379086,LAOP,1298.0
0.6659632709415542,0.5984136576015917,0.7248099623133805,LAOP,1306.0
0.6594342192656569,0.5912796735180597,0.7189747805189624,LAOP,1355.0
0.6594342192656569,0.5912796735180597,0.7189747805189624,LAOP,1392.0
0.6528398770730001,0.5840902098179168,0.7130701378674594,LAOP,1399.0
0.6528398770730001,0.5840902098179168,0.7130701378674594,LAOP,1404.0
0.6528398770730001,0.5840902098179168,0.7130701378674594,LAOP,1410.0
0.6461095690619381,0.5767533849104467,0.7070442400605491,LAOP,1412.0
0.6461095690619381,0.5767533849104467,0.7070442400605491,LAOP,1420.0
0.6461095690619381,0.5767533849104467,0.7070442400605491,LAOP,1423.0
0.6461095690619381,0.5767533849104467,0.7070442400605491,LAOP,1426.0
0.6461095690619381,0.5767533849104467,0.7070442400605491,LAOP,1436.0
0.6461095690619381,0.5767533849104467,0.7070442400605491,LAOP,1440.0
0.6461095690619381,0.5767533849104467,0.7070442400605491,LAOP,1441.0
0.6461095690619381,0.5767533849104467,0.7070442400605491,LAOP,1444.0
0.6461095690619381,0.5767533849104467,0.7070442400605491,LAOP,1446.0
0.6461095690619381,0.5767533849104467,0.7070442400605491,LAOP,1448.0
0.6461095690619381,0.5767533849104467,0.7070442400605491,LAOP,1450.0
0.6461095690619381,0.5767533849104467,0.7070442400605491,LAOP,1451.0
0.6461095690619381,0.5767533849104467,0.7070442400605491,LAOP,1457.0
0.6461095690619381,0.5767533849104467,0.7070442400605491,LAOP,1458.0
0.6461095690619381,0.5767533849104467,0.7070442400605491,LAOP,1459.0
0.6461095690619381,0.5767533849104467,0.7070442400605491,LAOP,1460.0
0.6461095690619381,0.5767533849104467,0.7070442400605491,LAOP,1461.0
0.6461095690619381,0.5767533849104467,0.7070442400605491,LAOP,1462.0
0.6461095690619381,0.5767533849104467,0.7070442400605491,LAOP,1464.0
0.6461095690619381,0.5767533849104467,0.7070442400605491,LAOP,1466.0
0.6461095690619381,0.5767533849104467,0.7070442400605491,LAOP,1479.0
0.6461095690619381,0.5767533849104467,0.7070442400605491,LAOP,1484.0
0.6461095690619381,0.5767533849104467,0.7070442400605491,LAOP,1485.0
0.637135825047189,0.5663758573544238,0.6994744132991445,LAOP,1486.0
0.637135825047189,0.5663758573544238,0.6994744132991445,LAOP,1489.0
0.637135825047189,0.5663758573544238,0.6994744132991445,LAOP,1494.0
0.637135825047189,0.5663758573544238,0.6994744132991445,LAOP,1504.0
0.637135825047189,0.5663758573544238,0.6994744132991445,LAOP,1514.0
0.637135825047189,0.5663758573544238,0.6994744132991445,LAOP,1521.0
0.6274822519404134,0.5551165132755136,0.6914158075513047,LAOP,1545.0
0.6178286788336378,0.5439778156769364,0.6832743239625962,LAOP,1593.0
0.6178286788336378,0.5439778156769364,0.6832743239625962,LAOP,1649.0
0.6178286788336378,0.5439778156769364,0.6832743239625962,LAOP,1736.0
0.6178286788336378,0.5439778156769364,0.6832743239625962,LAOP,1745.0
0.6077003398363648,0.5322711065759154,0.6747607808024714,LAOP,1764.0
0.6077003398363648,0.5322711065759154,0.6747607808024714,LAOP,1769.0
0.5974003340764261,0.5204460885232608,0.66605323646795,LAOP,1776.0
0.587100328316488,0.5087484398679047,0.657257825963569,LAOP,1786.0
0.5768003225565498,0.49717034542479294,0.6483795941855809,LAOP,1805.0
0.5768003225565498,0.49717034542479294,0.6483795941855809,LAOP,1810.0
0.5768003225565498,0.49717034542479294,0.6483795941855809,LAOP,1816.0
0.5768003225565498,0.49717034542479294,0.6483795941855809,LAOP,1820.0
0.5768003225565498,0.49717034542479294,0.6483795941855809,LAOP,1821.0
0.5768003225565498,0.49717034542479294,0.6483795941855809,LAOP,1822.0
0.5768003225565498,0.49717034542479294,0.6483795941855809,LAOP,1823.0
0.5768003225565498,0.49717034542479294,0.6483795941855809,LAOP,1824.0
0.5768003225565498,0.49717034542479294,0.6483795941855809,LAOP,1825.0
1.0,1.0,1.0,KYDA,0.0
0.9951690821256043,0.9662060138238209,0.9993180849120095,KYDA,1.0
0.9903381642512082,0.9619235472576589,0.9975748071313328,KYDA,5.0
0.9855072463768115,0.9557441341098444,0.9953026888667144,KYDA,11.0
0.9806763285024156,0.9493374946449801,0.9927033569380773,KYDA,15.0
0.9758454106280199,0.9429464495303647,0.9898746065294033,KYDA,26.0
0.9710144927536234,0.9366237345505533,0.986872801849836,KYDA,45.0
0.966183574879227,0.9303789716056053,0.9837340153546327,KYDA,51.0
0.9613526570048311,0.924209888468669,0.9804830224338579,KYDA,65.0
0.956521739130435,0.9181109453298689,0.9771377300746314,KYDA,97.0
0.9516908212560389,0.9120760495700637,0.9737115911399676,KYDA,100.0
0.9468599033816424,0.9060994374020918,0.9702150236665426,KYDA,123.0
0.9420289855072467,0.9001759283017268,0.9666562953586206,KYDA,125.0
0.9371980676328506,0.8943009559135564,0.9630421010587613,KYDA,141.0
0.9323671497584544,0.88847052179115,0.9593779543910104,KYDA,152.0
0.9275362318840582,0.8826811273317585,0.9556684619351972,KYDA,172.0
0.9275362318840582,0.8826811273317585,0.9556684619351972,KYDA,176.0
0.9275362318840582,0.8826811273317585,0.9556684619351972,KYDA,177.0
0.9275362318840582,0.8826811273317585,0.9556684619351972,KYDA,180.0
0.9275362318840582,0.8826811273317585,0.9556684619351972,KYDA,181.0
0.9275362318840582,0.8826811273317585,0.9556684619351972,KYDA,182.0
0.9275362318840582,0.8826811273317585,0.9556684619351972,KYDA,183.0
0.9275362318840582,0.8826811273317585,0.9556684619351972,KYDA,186.0
0.9275362318840582,0.8826811273317585,0.9556684619351972,KYDA,188.0
0.9275362318840582,0.8826811273317585,0.9556684619351972,KYDA,193.0
0.922266139657445,0.8762210739666008,0.9516511008873877,KYDA,205.0
0.9169960474308307,0.8698223439219931,0.9475855809272128,KYDA,231.0
0.9169960474308307,0.8698223439219931,0.9475855809272128,KYDA,246.0
0.9116954922433687,0.8634301508722942,0.9434571206153699,KYDA,262.0
0.9116954922433687,0.8634301508722942,0.9434571206153699,KYDA,272.0
0.9116954922433687,0.8634301508722942,0.9434571206153699,KYDA,284.0
0.9063325775831133,0.8569914150041039,0.9392483822655103,KYDA,304.0
0.9063325775831133,0.8569914150041039,0.9392483822655103,KYDA,352.0
0.9063325775831133,0.8569914150041039,0.9392483822655103,KYDA,360.0
0.9063325775831133,0.8569914150041039,0.9392483822655103,KYDA,361.0
0.9063325775831133,0.8569914150041039,0.9392483822655103,KYDA,362.0
0.9063325775831133,0.8569914150041039,0.9392483822655103,KYDA,363.0
0.9063325775831133,0.8569914150041039,0.9392483822655103,KYDA,364.0
0.9063325775831133,0.8569914150041039,0.9392483822655103,KYDA,365.0
0.9063325775831133,0.8569914150041039,0.9392483822655103,KYDA,366.0
0.9063325775831133,0.8569914150041039,0.9392483822655103,KYDA,367.0
0.9063325775831133,0.8569914150041039,0.9392483822655103,KYDA,368.0
0.9063325775831133,0.8569914150041039,0.9392483822655103,KYDA,384.0
0.9063325775831133,0.8569914150041039,0.9392483822655103,KYDA,386.0
0.9063325775831133,0.8569914150041039,0.9392483822655103,KYDA,391.0
0.9063325775831133,0.8569914150041039,0.9392483822655103,KYDA,394.0
0.9063325775831133,0.8569914150041039,0.9392483822655103,KYDA,396.0
0.9063325775831133,0.8569914150041039,0.9392483822655103,KYDA,398.0
0.9063325775831133,0.8569914150041039,0.9392483822655103,KYDA,404.0
0.9000386013498969,0.8491049301678838,0.9344382818959575,KYDA,407.0
0.9000386013498969,0.8491049301678838,0.9344382818959575,KYDA,416.0
0.8937003013403906,0.8412478882578169,0.9295421554674749,KYDA,417.0
0.887316727759388,0.8334107190832613,0.9245627658606835,KYDA,453.0
0.887316727759388,0.8334107190832613,0.9245627658606835,KYDA,454.0
0.8808868963988125,0.8255853664589387,0.9195023244666014,KYDA,494.0
0.8744570650382373,0.8178388533244527,0.9143917685599272,KYDA,518.0
0.8680272336776619,0.8101634171121872,0.9092345991036529,KYDA,550.0
0.8615974023170863,0.8025525547399508,0.9040338648156435,KYDA,569.0
0.8551675709565112,0.7950007604784918,0.8987922423642671,KYDA,577.0
0.8487377395959357,0.7875033287794996,0.8935120985873698,KYDA,645.0
0.8423079082353604,0.7800562037136384,0.888195539540468,KYDA,672.0
0.8358780768747852,0.7726558624210533,0.8828444497054522,KYDA,676.0
0.8358780768747852,0.7726558624210533,0.8828444497054522,KYDA,692.0
0.8293984018602519,0.7652277320447052,0.8774268600731305,KYDA,698.0
0.8293984018602519,0.7652277320447052,0.8774268600731305,KYDA,706.0
0.8293984018602519,0.7652277320447052,0.8774268600731305,KYDA,711.0
0.8293984018602519,0.7652277320447052,0.8774268600731305,KYDA,716.0
0.8227632146453697,0.7576198876948653,0.8718718948291643,KYDA,719.0
0.8227632146453697,0.7576198876948653,0.8718718948291643,KYDA,723.0
0.8227632146453697,0.7576198876948653,0.8718718948291643,KYDA,725.0
0.8227632146453697,0.7576198876948653,0.8718718948291643,KYDA,728.0
0.8227632146453697,0.7576198876948653,0.8718718948291643,KYDA,729.0
0.8227632146453697,0.7576198876948653,0.8718718948291643,KYDA,730.0
0.8227632146453697,0.7576198876948653,0.8718718948291643,KYDA,731.0
0.8227632146453697,0.7576198876948653,0.8718718948291643,KYDA,732.0
0.8227632146453697,0.7576198876948653,0.8718718948291643,KYDA,738.0
0.8227632146453697,0.7576198876948653,0.8718718948291643,KYDA,744.0
0.8227632146453697,0.7576198876948653,0.8718718948291643,KYDA,754.0
0.8153509334323489,0.7489274005419838,0.8657695348542351,KYDA,758.0
0.8078706496393919,0.7402049203162443,0.8595774080650944,KYDA,766.0
0.8078706496393919,0.7402049203162443,0.8595774080650944,KYDA,767.0
0.8078706496393919,0.7402049203162443,0.8595774080650944,KYDA,773.0
0.8078706496393919,0.7402049203162443,0.8595774080650944,KYDA,788.0
0.8078706496393919,0.7402049203162443,0.8595774080650944,KYDA,796.0
0.8001026626236287,0.7311281873513166,0.8531534708405056,KYDA,806.0
0.792334675607865,0.7221254453099587,0.8466816286992557,KYDA,853.0
0.7845666885921021,0.7131913704047557,0.8401643886591887,KYDA,873.0
0.7767987015763389,0.704321318257071,0.8336039764658999,KYDA,875.0
0.7767987015763389,0.704321318257071,0.8336039764658999,KYDA,970.0
0.7689522500452651,0.6954001527219097,0.8269494037703049,KYDA,981.0
0.7611057985141907,0.6865379089870042,0.8202540626218664,KYDA,984.0
0.7532593469831165,0.6777311740786945,0.8135196571625846,KYDA,1047.0
0.7454128954520424,0.668976914418933,0.8067477265585988,KYDA,1048.0
0.7454128954520424,0.668976914418933,0.8067477265585988,KYDA,1049.0
0.7374829710323401,0.6601580370374313,0.7998814121508127,KYDA,1060.0
0.7294668517819882,0.6512711961097878,0.7929185982151364,KYDA,1062.0
0.7294668517819882,0.6512711961097878,0.7929185982151364,KYDA,1068.0
0.7213616645399661,0.6423129610510411,0.7858569931684447,KYDA,1069.0
0.7213616645399661,0.6423129610510411,0.7858569931684447,KYDA,1077.0
0.7131643728974661,0.63327979966733,0.7786941211005742,KYDA,1079.0
0.7131643728974661,0.63327979966733,0.7786941211005742,KYDA,1083.0
0.7131643728974661,0.63327979966733,0.7786941211005742,KYDA,1091.0
0.7131643728974661,0.63327979966733,0.7786941211005742,KYDA,1092.0
0.7131643728974661,0.63327979966733,0.7786941211005742,KYDA,1093.0
0.7131643728974661,0.63327979966733,0.7786941211005742,KYDA,1096.0
0.7131643728974661,0.63327979966733,0.7786941211005742,KYDA,1097.0
0.7131643728974661,0.63327979966733,0.7786941211005742,KYDA,1098.0
0.7131643728974661,0.63327979966733,0.7786941211005742,KYDA,1127.0
0.7131643728974661,0.63327979966733,0.7786941211005742,KYDA,1132.0
0.7036555145921671,0.6224819183420778,0.7705994936710588,KYDA,1133.0
0.7036555145921671,0.6224819183420778,0.7705994936710588,KYDA,1138.0
0.6940163979539183,0.6115907837457502,0.7623588502897181,KYDA,1140.0
0.6843772813156696,0.6007895309304784,0.7540583378981676,KYDA,1142.0
0.6648236447066503,0.5790598121266307,0.7370991344189136,KYDA,1163.0
0.6550468264021404,0.5683181480118885,0.7285348770570155,KYDA,1179.0
0.6550468264021404,0.5683181480118885,0.7285348770570155,KYDA,1181.0
0.6451218744869565,0.5574527740531061,0.719814524478206,KYDA,1234.0
0.6351969225717725,0.54666542347818,0.7110393174754435,KYDA,1283.0
0.6351969225717725,0.54666542347818,0.7110393174754435,KYDA,1302.0
0.6251144317373001,0.5357421682556344,0.7021008793136136,KYDA,1323.0
0.6150319409028274,0.5248953061414777,0.693107882309909,KYDA,1348.0
0.6150319409028274,0.5248953061414777,0.693107882309909,KYDA,1371.0
0.6150319409028274,0.5248953061414777,0.693107882309909,KYDA,1383.0
0.6150319409028274,0.5248953061414777,0.693107882309909,KYDA,1386.0
0.6150319409028274,0.5248953061414777,0.693107882309909,KYDA,1420.0
0.6150319409028274,0.5248953061414777,0.693107882309909,KYDA,1434.0
0.6150319409028274,0.5248953061414777,0.693107882309909,KYDA,1451.0
0.6150319409028274,0.5248953061414777,0.693107882309909,KYDA,1455.0
0.6150319409028274,0.5248953061414777,0.693107882309909,KYDA,1457.0
0.6150319409028274,0.5248953061414777,0.693107882309909,KYDA,1459.0
0.6150319409028274,0.5248953061414777,0.693107882309909,KYDA,1462.0
0.6150319409028274,0.5248953061414777,0.693107882309909,KYDA,1470.0
0.6150319409028274,0.5248953061414777,0.693107882309909,KYDA,1510.0
0.6150319409028274,0.5248953061414777,0.693107882309909,KYDA,1515.0
0.6022187754673517,0.5103551976709071,0.6822579487285215,KYDA,1528.0
0.6022187754673517,0.5103551976709071,0.6822579487285215,KYDA,1592.0
0.5891270629571917,0.4956066186985724,0.6711112996075086,KYDA,1604.0
0.5760353504470319,0.4810498342593959,0.6598379788049712,KYDA,1641.0
0.5760353504470319,0.4810498342593959,0.6598379788049712,KYDA,1711.0
0.5760353504470319,0.4810498342593959,0.6598379788049712,KYDA,1712.0
0.5623202230554359,0.465799949458401,0.6480511324658249,KYDA,1715.0
0.5623202230554359,0.465799949458401,0.6480511324658249,KYDA,1783.0
0.5623202230554359,0.465799949458401,0.6480511324658249,KYDA,1788.0
0.5623202230554359,0.465799949458401,0.6480511324658249,KYDA,1811.0
0.5475223224487139,0.44922545458189483,0.6354610951926916,KYDA,1813.0
0.5475223224487139,0.44922545458189483,0.6354610951926916,KYDA,1816.0
0.5475223224487139,0.44922545458189483,0.6354610951926916,KYDA,1819.0
0.5475223224487139,0.44922545458189483,0.6354610951926916,KYDA,1822.0
0.5475223224487139,0.44922545458189483,0.6354610951926916,KYDA,1823.0
0.5475223224487139,0.44922545458189483,0.6354610951926916,KYDA,1825.0
1.0,1.0,1.0,INOP,0.0
0.9958932238193021,0.9836801187722983,0.9989713205582109,INOP,1.0
0.9917779625638499,0.9782426421759,0.9969061789247825,INOP,2.0
0.9897203319361241,0.9754804155399447,0.9957084361532311,INOP,3.0
0.9897203319361241,0.9754804155399447,0.9957084361532311,INOP,4.0
0.9876584145779236,0.9727364766441691,0.9944364999541487,INOP,6.0
0.985596497219724,0.9700254825158972,0.993107376251047,INOP,9.0
0.9835345798615236,0.9673460951640158,0.9917316259381123,INOP,12.0
0.9814726625033234,0.9646957649251454,0.9903168709570225,INOP,16.0
0.9794107451451228,0.962071793874853,0.9888688295279863,INOP,17.0
0.9773488277869229,0.9594716700983885,0.9873919241820395,INOP,26.0
0.975286910428722,0.9568931558397842,0.9858896603511145,INOP,30.0
0.975286910428722,0.9568931558397842,0.9858896603511145,INOP,34.0
0.975286910428722,0.9568931558397842,0.9858896603511145,INOP,36.0
0.9732162375828012,0.9543193779618133,0.9843597750735442,INOP,42.0
0.971136715707624,0.9517493510945831,0.9828042381553963,INOP,43.0
0.9690571938324467,0.9491968286981963,0.9812300697872656,INOP,55.0
0.9669776719572697,0.946660331692988,0.9796389603177909,INOP,81.0
0.9648981500820931,0.9441385790701742,0.9780323525919177,INOP,83.0
0.9648981500820931,0.9441385790701742,0.9780323525919177,INOP,86.0
0.9628141367989783,0.9416233982845709,0.9764086546245105,INOP,99.0
0.9628141367989783,0.9416233982845709,0.9764086546245105,INOP,113.0
0.9607256028796748,0.9391140331075643,0.9747688185402549,INOP,114.0
0.958637068960371,0.9366167823778476,0.9731166140174077,INOP,115.0
0.9565485350410676,0.9341308348038047,0.9714528884140058,INOP,118.0
0.954460001121764,0.93165546861762,0.9697783932087377,INOP,143.0
0.954460001121764,0.93165546861762,0.9697783932087377,INOP,153.0
0.9523668870842158,0.9291832222224035,0.9680907468569887,INOP,155.0
0.9523668870842158,0.9291832222224035,0.9680907468569887,INOP,158.0
0.9523668870842158,0.9291832222224035,0.9680907468569887,INOP,160.0
0.9502645319250896,0.9267068148260303,0.9663873382666397,INOP,163.0
0.9481621767659631,0.924239600822566,0.9646748055334755,INOP,169.0
0.9481621767659631,0.924239600822566,0.9646748055334755,INOP,170.0
0.9481621767659631,0.924239600822566,0.9646748055334755,INOP,171.0
0.9481621767659631,0.924239600822566,0.9646748055334755,INOP,174.0
0.9460410085852785,0.9217536828767132,0.9629408377771016,INOP,177.0
0.9460410085852785,0.9217536828767132,0.9629408377771016,INOP,178.0
0.9460410085852785,0.9217536828767132,0.9629408377771016,INOP,179.0
0.9460410085852785,0.9217536828767132,0.9629408377771016,INOP,180.0
0.9438909153839489,0.9192344795575274,0.9611787233178852,INOP,181.0
0.9438909153839489,0.9192344795575274,0.9611787233178852,INOP,182.0
0.9438909153839489,0.9192344795575274,0.9611787233178852,INOP,184.0
0.9438909153839489,0.9192344795575274,0.9611787233178852,INOP,185.0
0.9438909153839489,0.9192344795575274,0.9611787233178852,INOP,186.0
0.9416699955830451,0.9166213365583235,0.9593599983610636,INOP,189.0
0.9416699955830451,0.9166213365583235,0.9593599983610636,INOP,191.0
0.939438550095881,0.9140029860917583,0.9575254389524653,INOP,194.0
0.939438550095881,0.9140029860917583,0.9575254389524653,INOP,196.0
0.9349543565393377,0.9087644087906935,0.9538169865104853,INOP,201.0
0.9349543565393377,0.9087644087906935,0.9538169865104853,INOP,203.0
0.9327014544753877,0.9061433250652899,0.9519435623122531,INOP,204.0
0.930448552411438,0.9035308753465306,0.9500627173585575,INOP,205.0
0.9281956503474877,0.9009266161729506,0.9481747794925389,INOP,209.0
0.9281956503474877,0.9009266161729506,0.9481747794925389,INOP,210.0
0.9281956503474877,0.9009266161729506,0.9481747794925389,INOP,211.0
0.9259317585173719,0.8983147701437088,0.9462722716903785,INOP,214.0
0.9259317585173719,0.8983147701437088,0.9462722716903785,INOP,217.0
0.9259317585173719,0.8983147701437088,0.9462722716903785,INOP,218.0
0.9236511384225012,0.8956872201297547,0.9443512701791542,INOP,219.0
0.9236511384225012,0.8956872201297547,0.9443512701791542,INOP,227.0
0.9213648732283855,0.8930593725596201,0.9424197535159783,INOP,236.0
0.9213648732283855,0.8930593725596201,0.9424197535159783,INOP,238.0
0.9213648732283855,0.8930593725596201,0.9424197535159783,INOP,248.0
0.9213648732283855,0.8930593725596201,0.9424197535159783,INOP,252.0
0.9190556880824493,0.8904071071066675,0.9404655521447914,INOP,263.0
0.9167465029365138,0.8877621661849868,0.938505119133299,INOP,264.0
0.9144314865149571,0.8851162283957208,0.9365344807184229,INOP,269.0
0.9121105944172033,0.8824690535934834,0.9345537605624423,INOP,285.0
0.9097897023194493,0.8798284675076152,0.9325673798248643,INOP,314.0
0.907468810221696,0.8771942030026304,0.9305755354927889,INOP,317.0
0.9051479181239424,0.8745660120715528,0.9285784123886124,INOP,320.0
0.9028270260261881,0.8719436639620382,0.9265761842017362,INOP,326.0
0.9028270260261881,0.8719436639620382,0.9265761842017362,INOP,333.0
0.9028270260261881,0.8719436639620382,0.9265761842017362,INOP,334.0
0.9004941396540275,0.8693109070527765,0.9245601344707007,INOP,340.0
0.9004941396540275,0.8693109070527765,0.9245601344707007,INOP,346.0
0.9004941396540275,0.8693109070527765,0.9245601344707007,INOP,347.0
0.9004941396540275,0.8693109070527765,0.9245601344707007,INOP,354.0
0.9004941396540275,0.8693109070527765,0.9245601344707007,INOP,355.0
0.8981181656707717,0.8666261378389948,0.922507310915423,INOP,356.0
0.8981181656707717,0.8666261378389948,0.922507310915423,INOP,357.0
0.8981181656707717,0.8666261378389948,0.922507310915423,INOP,358.0
0.8981181656707717,0.8666261378389948,0.922507310915423,INOP,359.0
0.8981181656707717,0.8666261378389948,0.922507310915423,INOP,360.0
0.8981181656707717,0.8666261378389948,0.922507310915423,INOP,361.0
0.8981181656707717,0.8666261378389948,0.922507310915423,INOP,362.0
0.8981181656707717,0.8666261378389948,0.922507310915423,INOP,363.0
0.8981181656707717,0.8666261378389948,0.922507310915423,INOP,364.0
0.8981181656707717,0.8666261378389948,0.922507310915423,INOP,365.0
0.8981181656707717,0.8666261378389948,0.922507310915423,INOP,366.0
0.8981181656707717,0.8666261378389948,0.922507310915423,INOP,367.0
0.8981181656707717,0.8666261378389948,0.922507310915423,INOP,368.0
0.8981181656707717,0.8666261378389948,0.922507310915423,INOP,370.0
0.8981181656707717,0.8666261378389948,0.922507310915423,INOP,372.0
0.8981181656707717,0.8666261378389948,0.922507310915423,INOP,373.0
0.8954372159225014,0.8635323446690816,0.9202281596360231,INOP,374.0
0.8954372159225014,0.8635323446690816,0.9202281596360231,INOP,375.0
0.8927319675360283,0.8604149943731976,0.9179244242766341,INOP,376.0
0.8927319675360283,0.8604149943731976,0.9179244242766341,INOP,378.0
0.8900019003570191,0.8572733805074894,0.9155957423315967,INOP,379.0
0.8900019003570191,0.8572733805074894,0.9155957423315967,INOP,383.0
0.8900019003570191,0.8572733805074894,0.9155957423315967,INOP,387.0
0.8900019003570191,0.8572733805074894,0.9155957423315967,INOP,389.0
0.8900019003570191,0.8572733805074894,0.9155957423315967,INOP,395.0
0.8900019003570191,0.8572733805074894,0.9155957423315967,INOP,402.0
0.8900019003570191,0.8572733805074894,0.9155957423315967,INOP,403.0
0.8900019003570191,0.8572733805074894,0.9155957423315967,INOP,411.0
0.8900019003570191,0.8572733805074894,0.9155957423315967,INOP,416.0
0.8900019003570191,0.8572733805074894,0.9155957423315967,INOP,420.0
0.8900019003570191,0.8572733805074894,0.9155957423315967,INOP,427.0
0.8871584438063581,0.8539850545747121,0.9131791572558103,INOP,428.0
0.8871584438063581,0.8539850545747121,0.9131791572558103,INOP,429.0
0.8871584438063581,0.8539850545747121,0.9131791572558103,INOP,430.0
0.8871584438063581,0.8539850545747121,0.9131791572558103,INOP,432.0
0.8871584438063581,0.8539850545747121,0.9131791572558103,INOP,434.0
0.8871584438063581,0.8539850545747121,0.9131791572558103,INOP,436.0
0.8871584438063581,0.8539850545747121,0.9131791572558103,INOP,437.0
0.8842497275971568,0.850617479673219,0.9107084364586346,INOP,438.0
0.8842497275971568,0.850617479673219,0.9107084364586346,INOP,440.0
0.8813314116644932,0.8472484557609501,0.9082226334396551,INOP,442.0
0.8754947797991653,0.8405441655214816,0.9032271653877928,INOP,446.0
0.872576463866502,0.837207864209766,0.900718080576621,INOP,453.0
0.872576463866502,0.837207864209766,0.900718080576621,INOP,454.0
0.8696483549273527,0.8338682131974908,0.8981946910127254,INOP,476.0
0.866720245988203,0.8305382208007922,0.8956642494224687,INOP,477.0
0.8637921370490542,0.8272174865361094,0.893126987975705,INOP,479.0
0.8608640281099044,0.8239056387569547,0.8905831242936861,INOP,493.0
0.8550078102316059,0.8173072440073041,0.8854763955040935,INOP,528.0
0.8520797012924568,0.8140200746531419,0.8829139037145954,INOP,552.0
0.8491515923533071,0.8107405429481664,0.8803455582373141,INOP,555.0
0.846223483414158,0.8074683858780565,0.8777715205340226,INOP,561.0
0.8432953744750087,0.804203356775812,0.8751919433768753,INOP,562.0
0.8403672655358594,0.800945223962336,0.872606971501075,INOP,569.0
0.8374391565967096,0.7976937695271594,0.8700167421941741,INOP,573.0
0.8345110476575607,0.7944487882322746,0.8674213858295106,INOP,577.0
0.8345110476575607,0.7944487882322746,0.8674213858295106,INOP,586.0
0.8315726284756678,0.7911967815118938,0.8648131575018024,INOP,592.0
0.8286342092937751,0.7879509687133599,0.8621999839176079,INOP,613.0
0.8256957901118818,0.7847111727627188,0.8595819796651054,INOP,633.0
0.8198189517480963,0.7782489701580165,0.8543319110314088,INOP,649.0
0.8168805325662035,0.7750262543959536,0.8517000503625759,INOP,655.0
0.8139421133843108,0.7718089360653583,0.8490637670602016,INOP,656.0
0.8139421133843108,0.7718089360653583,0.8490637670602016,INOP,673.0
0.8139421133843108,0.7718089360653583,0.8490637670602016,INOP,681.0
0.8109715217296234,0.7685561241314312,0.8463981344641816,INOP,688.0
0.8109715217296234,0.7685561241314312,0.8463981344641816,INOP,694.0
0.8109715217296234,0.7685561241314312,0.8463981344641816,INOP,696.0
0.8109715217296234,0.7685561241314312,0.8463981344641816,INOP,697.0
0.8109715217296234,0.7685561241314312,0.8463981344641816,INOP,700.0
0.8109715217296234,0.7685561241314312,0.8463981344641816,INOP,705.0
0.8109715217296234,0.7685561241314312,0.8463981344641816,INOP,706.0
0.8109715217296234,0.7685561241314312,0.8463981344641816,INOP,709.0
0.8079112518363041,0.7651947863625124,0.8436586016381231,INOP,714.0
0.804850981942985,0.7618394522875497,0.8409142730640958,INOP,715.0
0.804850981942985,0.7618394522875497,0.8409142730640958,INOP,716.0
0.804850981942985,0.7618394522875497,0.8409142730640958,INOP,719.0
0.804850981942985,0.7618394522875497,0.8409142730640958,INOP,720.0
0.804850981942985,0.7618394522875497,0.8409142730640958,INOP,722.0
0.804850981942985,0.7618394522875497,0.8409142730640958,INOP,723.0
0.804850981942985,0.7618394522875497,0.8409142730640958,INOP,724.0
0.804850981942985,0.7618394522875497,0.8409142730640958,INOP,725.0
0.804850981942985,0.7618394522875497,0.8409142730640958,INOP,726.0
0.804850981942985,0.7618394522875497,0.8409142730640958,INOP,727.0
0.804850981942985,0.7618394522875497,0.8409142730640958,INOP,729.0
0.804850981942985,0.7618394522875497,0.8409142730640958,INOP,730.0
0.804850981942985,0.7618394522875497,0.8409142730640958,INOP,731.0
0.804850981942985,0.7618394522875497,0.8409142730640958,INOP,732.0
0.804850981942985,0.7618394522875497,0.8409142730640958,INOP,733.0
0.804850981942985,0.7618394522875497,0.8409142730640958,INOP,741.0
0.8014549862385844,0.7580579633738549,0.8379091962846447,INOP,742.0
0.7980445394886331,0.7542666256948299,0.8348865745259622,INOP,743.0
0.7980445394886331,0.7542666256948299,0.8348865745259622,INOP,751.0
0.7980445394886331,0.7542666256948299,0.8348865745259622,INOP,759.0
0.7980445394886331,0.7542666256948299,0.8348865745259622,INOP,761.0
0.7945747806212913,0.7504069772105788,0.8318127357112802,INOP,768.0
0.7910898035133032,0.7465367584324061,0.8287205884039359,INOP,771.0
0.7910898035133032,0.7465367584324061,0.8287205884039359,INOP,773.0
0.7875738488310216,0.742635433752727,0.8255983066150964,INOP,781.0
0.7875738488310216,0.742635433752727,0.8255983066150964,INOP,784.0
0.7875738488310216,0.742635433752727,0.8255983066150964,INOP,787.0
0.7875738488310216,0.742635433752727,0.8255983066150964,INOP,788.0
0.7840101662571262,0.7386813524838723,0.8224332218758624,INOP,790.0
0.7840101662571262,0.7386813524838723,0.8224332218758624,INOP,800.0
0.7840101662571262,0.7386813524838723,0.8224332218758624,INOP,805.0
0.7840101662571262,0.7386813524838723,0.8224332218758624,INOP,806.0
0.7840101662571262,0.7386813524838723,0.8224332218758624,INOP,817.0
0.7803465673493831,0.7346067740077467,0.8191860971813664,INOP,818.0
0.7803465673493831,0.7346067740077467,0.8191860971813664,INOP,821.0
0.7766656873147164,0.7305199441353981,0.8159184494232978,INOP,841.0
0.7729848072800493,0.7264432220636999,0.8126433008103235,INOP,846.0
0.7693039272453824,0.7223762952766306,0.8093608408019768,INOP,864.0
0.7656230472107155,0.7183188695693935,0.8060712483433853,INOP,928.0
0.7619421671760485,0.7142706676400371,0.8027746926690229,INOP,932.0
0.758261287141382,0.7102314278161563,0.799471334026744,INOP,975.0
0.7545804071067151,0.7062009029013173,0.7961613243316391,INOP,985.0
0.7545804071067151,0.7062009029013173,0.7961613243316391,INOP,1034.0
0.7545804071067151,0.7062009029013173,0.7961613243316391,INOP,1036.0
0.7545804071067151,0.7062009029013173,0.7961613243316391,INOP,1043.0
0.7545804071067151,0.7062009029013173,0.7961613243316391,INOP,1050.0
0.7508262757280745,0.7020855055805079,0.7927886741729706,INOP,1051.0
0.7508262757280745,0.7020855055805079,0.7927886741729706,INOP,1074.0
0.7508262757280745,0.7020855055805079,0.7927886741729706,INOP,1077.0
0.7508262757280745,0.7020855055805079,0.7927886741729706,INOP,1078.0
0.7508262757280745,0.7020855055805079,0.7927886741729706,INOP,1081.0
0.7508262757280745,0.7020855055805079,0.7927886741729706,INOP,1083.0
0.7508262757280745,0.7020855055805079,0.7927886741729706,INOP,1084.0
0.7508262757280745,0.7020855055805079,0.7927886741729706,INOP,1085.0
0.7508262757280745,0.7020855055805079,0.7927886741729706,INOP,1086.0
0.7508262757280745,0.7020855055805079,0.7927886741729706,INOP,1088.0
0.7508262757280745,0.7020855055805079,0.7927886741729706,INOP,1090.0
0.7508262757280745,0.7020855055805079,0.7927886741729706,INOP,1093.0
0.7508262757280745,0.7020855055805079,0.7927886741729706,INOP,1094.0
0.7508262757280745,0.7020855055805079,0.7927886741729706,INOP,1095.0
0.7508262757280745,0.7020855055805079,0.7927886741729706,INOP,1096.0
0.7508262757280745,0.7020855055805079,0.7927886741729706,INOP,1097.0
0.7508262757280745,0.7020855055805079,0.7927886741729706,INOP,1098.0
0.7508262757280745,0.7020855055805079,0.7927886741729706,INOP,1099.0
0.7508262757280745,0.7020855055805079,0.7927886741729706,INOP,1100.0
0.7508262757280745,0.7020855055805079,0.7927886741729706,INOP,1101.0
0.7508262757280745,0.7020855055805079,0.7927886741729706,INOP,1108.0
0.7508262757280745,0.7020855055805079,0.7927886741729706,INOP,1115.0
0.7508262757280745,0.7020855055805079,0.7927886741729706,INOP,1116.0
0.7508262757280745,0.7020855055805079,0.7927886741729706,INOP,1121.0
0.7508262757280745,0.7020855055805079,0.7927886741729706,INOP,1133.0
0.7508262757280745,0.7020855055805079,0.7927886741729706,INOP,1136.0
0.7508262757280745,0.7020855055805079,0.7927886741729706,INOP,1146.0
0.7508262757280745,0.7020855055805079,0.7927886741729706,INOP,1155.0
0.7508262757280745,0.7020855055805079,0.7927886741729706,INOP,1158.0
0.7508262757280745,0.7020855055805079,0.7927886741729706,INOP,1159.0
0.746043942761654,0.6966201600454357,0.7886578240541153,INOP,1161.0
0.7412616097952331,0.6911783992373324,0.7845103607507952,INOP,1163.0
0.7412616097952331,0.6911783992373324,0.7845103607507952,INOP,1176.0
0.7364482227186403,0.6857171411152984,0.7803250410929325,INOP,1181.0
0.7364482227186403,0.6857171411152984,0.7803250410929325,INOP,1185.0
0.7315710821708347,0.6801919576863904,0.7760788956693403,INOP,1213.0
0.7266939416230292,0.6746891927369845,0.7718168072161962,INOP,1280.0
0.7266939416230292,0.6746891927369845,0.7718168072161962,INOP,1307.0
0.7266939416230292,0.6746891927369845,0.7718168072161962,INOP,1325.0
0.7217504454215122,0.6691189564061185,0.7674920420549805,INOP,1338.0
0.7168069492199949,0.6635705422055678,0.7631516583877086,INOP,1354.0
0.7168069492199949,0.6635705422055678,0.7631516583877086,INOP,1362.0
0.7118291231837447,0.6579974210686619,0.7587714960672558,INOP,1363.0
0.7118291231837447,0.6579974210686619,0.7587714960672558,INOP,1391.0
0.7118291231837447,0.6579974210686619,0.7587714960672558,INOP,1401.0
0.7067806896859872,0.6523512943018694,0.7543254738464359,INOP,1423.0
0.7067806896859872,0.6523512943018694,0.7543254738464359,INOP,1428.0
0.7067806896859872,0.6523512943018694,0.7543254738464359,INOP,1429.0
0.7067806896859872,0.6523512943018694,0.7543254738464359,INOP,1430.0
0.7067806896859872,0.6523512943018694,0.7543254738464359,INOP,1432.0
0.7067806896859872,0.6523512943018694,0.7543254738464359,INOP,1434.0
0.7067806896859872,0.6523512943018694,0.7543254738464359,INOP,1436.0
0.7067806896859872,0.6523512943018694,0.7543254738464359,INOP,1442.0
0.7067806896859872,0.6523512943018694,0.7543254738464359,INOP,1443.0
0.7067806896859872,0.6523512943018694,0.7543254738464359,INOP,1445.0
0.7067806896859872,0.6523512943018694,0.7543254738464359,INOP,1446.0
0.7067806896859872,0.6523512943018694,0.7543254738464359,INOP,1447.0
0.7067806896859872,0.6523512943018694,0.7543254738464359,INOP,1448.0
0.7067806896859872,0.6523512943018694,0.7543254738464359,INOP,1449.0
0.7067806896859872,0.6523512943018694,0.7543254738464359,INOP,1450.0
0.7067806896859872,0.6523512943018694,0.7543254738464359,INOP,1452.0
0.7067806896859872,0.6523512943018694,0.7543254738464359,INOP,1453.0
0.7067806896859872,0.6523512943018694,0.7543254738464359,INOP,1455.0
0.7067806896859872,0.6523512943018694,0.7543254738464359,INOP,1456.0
0.7067806896859872,0.6523512943018694,0.7543254738464359,INOP,1458.0
0.700470147813791,0.6449916994239077,0.7490004884865313,INOP,1459.0
0.700470147813791,0.6449916994239077,0.7490004884865313,INOP,1460.0
0.700470147813791,0.6449916994239077,0.7490004884865313,INOP,1461.0
0.700470147813791,0.6449916994239077,0.7490004884865313,INOP,1462.0
0.700470147813791,0.6449916994239077,0.7490004884865313,INOP,1464.0
0.700470147813791,0.6449916994239077,0.7490004884865313,INOP,1466.0
0.700470147813791,0.6449916994239077,0.7490004884865313,INOP,1478.0
0.700470147813791,0.6449916994239077,0.7490004884865313,INOP,1480.0
0.700470147813791,0.6449916994239077,0.7490004884865313,INOP,1484.0
0.700470147813791,0.6449916994239077,0.7490004884865313,INOP,1486.0
0.6932488060837518,0.6363644273802275,0.7430685646206466,INOP,1496.0
0.6932488060837518,0.6363644273802275,0.7430685646206466,INOP,1498.0
0.6932488060837518,0.6363644273802275,0.7430685646206466,INOP,1507.0
0.6932488060837518,0.6363644273802275,0.7430685646206466,INOP,1510.0
0.6932488060837518,0.6363644273802275,0.7430685646206466,INOP,1530.0
0.6857134929741455,0.6273529431243067,0.7368913513118633,INOP,1538.0
0.6857134929741455,0.6273529431243067,0.7368913513118633,INOP,1548.0
0.6780944541633216,0.6183045487249283,0.730602847072819,INOP,1573.0
0.6780944541633216,0.6183045487249283,0.730602847072819,INOP,1591.0
0.6780944541633216,0.6183045487249283,0.730602847072819,INOP,1677.0
0.6703002650350073,0.6090837967190141,0.7241485240983466,INOP,1681.0
0.6703002650350073,0.6090837967190141,0.7241485240983466,INOP,1705.0
0.6624143795640068,0.5998148560078177,0.71757806649974,INOP,1723.0
0.6545284940930072,0.5906289140791364,0.7109495198105129,INOP,1745.0
0.6545284940930072,0.5906289140791364,0.7109495198105129,INOP,1754.0
0.646546439286995,0.5813835443717886,0.7042054952721097,INOP,1755.0
0.646546439286995,0.5813835443717886,0.7042054952721097,INOP,1759.0
0.646546439286995,0.5813835443717886,0.7042054952721097,INOP,1772.0
0.646546439286995,0.5813835443717886,0.7042054952721097,INOP,1781.0
0.646546439286995,0.5813835443717886,0.7042054952721097,INOP,1784.0
0.646546439286995,0.5813835443717886,0.7042054952721097,INOP,1790.0
0.646546439286995,0.5813835443717886,0.7042054952721097,INOP,1803.0
0.646546439286995,0.5813835443717886,0.7042054952721097,INOP,1806.0
0.646546439286995,0.5813835443717886,0.7042054952721097,INOP,1810.0
0.646546439286995,0.5813835443717886,0.7042054952721097,INOP,1811.0
0.646546439286995,0.5813835443717886,0.7042054952721097,INOP,1813.0
0.646546439286995,0.5813835443717886,0.7042054952721097,INOP,1817.0
0.646546439286995,0.5813835443717886,0.7042054952721097,INOP,1819.0
0.646546439286995,0.5813835443717886,0.7042054952721097,INOP,1820.0
0.646546439286995,0.5813835443717886,0.7042054952721097,INOP,1821.0
0.646546439286995,0.5813835443717886,0.7042054952721097,INOP,1822.0
0.646546439286995,0.5813835443717886,0.7042054952721097,INOP,1823.0
0.646546439286995,0.5813835443717886,0.7042054952721097,INOP,1824.0
0.646546439286995,0.5813835443717886,0.7042054952721097,INOP,1825.0
1.0,1.0,1.0,ILIP,0.0
0.9955555555555553,0.98628390000311,0.9985644094026656,ILIP,1.0
0.9925925925925921,0.9822957957126685,0.9969101448685731,ILIP,3.0
0.989629629629629,0.9783707363345615,0.9950426241612582,ILIP,8.0
0.9866666666666666,0.974531914325283,0.9930401711257663,ILIP,12.0
0.9851851851851849,0.9726410427192629,0.9920013902876962,ILIP,13.0
0.9822222222222219,0.9689078976702264,0.9898647941088489,ILIP,14.0
0.9822222222222219,0.9689078976702264,0.9898647941088489,ILIP,15.0
0.9807385028533057,0.9670588946886465,0.9887702068604826,ILIP,18.0
0.9792547834843902,0.965222655465448,0.9876612506541784,ILIP,20.0
0.9777710641154745,0.9633981062732458,0.9865393231068058,ILIP,23.0
0.9762873447465589,0.9615843086583183,0.9854056050220235,ILIP,24.0
0.9748036253776426,0.9597804390695907,0.9842611049013296,ILIP,27.0
0.9718361866398114,0.956199663011476,0.9819431234806851,ILIP,30.0
0.970352467270896,0.9544215414824433,0.9807710608483564,ILIP,31.0
0.9688687479019801,0.9526508956539599,0.979591088815492,ILIP,36.0
0.9673850285330645,0.9508872666516386,0.9784037260042732,ILIP,38.0
0.9659013091641483,0.9491302409640812,0.9772094352328389,ILIP,43.0
0.9644175897952328,0.9473794445355692,0.9760086316080318,ILIP,46.0
0.9629338704263175,0.945634537783846,0.9748016891661784,ILIP,50.0
0.9614501510574012,0.9438952113788679,0.9735889463685095,ILIP,54.0
0.959966431688486,0.9421611826497559,0.9723707106840566,ILIP,57.0
0.9584827123195699,0.9404321925124592,0.971147262438853,ILIP,60.0
0.9569989929506542,0.9387080028309511,0.9699188580702749,ILIP,64.0
0.9555152735817387,0.9369883941409481,0.9686857328952685,ILIP,66.0
0.9540315542128224,0.9352731636781659,0.9674481034784859,ILIP,71.0
0.9525478348439069,0.933562123663524,0.966206169668895,ILIP,72.0
0.951064115474991,0.931855099806074,0.9649601163599361,ILIP,82.0
0.9495803961060754,0.9301519299912222,0.9637101150178226,ILIP,84.0
0.9480966767371595,0.9284524631272569,0.9624563250142845,ILIP,88.0
0.9480966767371595,0.9284524631272569,0.9624563250142845,ILIP,90.0
0.946608298908687,0.9267501753678532,0.9611955151472894,ILIP,93.0
0.9451199210802141,0.9250513792662877,0.9599311707420513,ILIP,94.0
0.9436315432517411,0.9233559471683688,0.9586634230115361,ILIP,96.0
0.940654787594796,0.9199747035019824,0.9561182015201671,ILIP,107.0
0.9391664097663226,0.9182886737949509,0.9548409513735305,ILIP,115.0
0.9376780319378503,0.9166055706645027,0.9535607463518158,ILIP,118.0
0.9361896541093778,0.9149253001592692,0.9522776825407284,ILIP,120.0
0.9361896541093778,0.9149253001592692,0.9522776825407284,ILIP,139.0
0.9332081583956537,0.9115666381169027,0.9496997738194115,ILIP,142.0
0.9317174105387914,0.9098912510886121,0.9484068578267102,ILIP,145.0
0.93022666268193,0.9082183900152552,0.9471114053097295,ILIP,148.0
0.9287359148250677,0.9065479823396814,0.9458134896271051,ILIP,152.0
0.9272451669682055,0.9048799591461589,0.9445131804319977,ILIP,153.0
0.9257544191113436,0.9032142549086893,0.9432105439300934,ILIP,155.0
0.9257544191113436,0.9032142549086893,0.9432105439300934,ILIP,159.0
0.9257544191113436,0.9032142549086893,0.9432105439300934,ILIP,162.0
0.9257544191113436,0.9032142549086893,0.9432105439300934,ILIP,165.0
0.9257544191113436,0.9032142549086893,0.9432105439300934,ILIP,168.0
0.9242515710283706,0.9015350748280917,0.9418963934914801,ILIP,170.0
0.9242515710283706,0.9015350748280917,0.9418963934914801,ILIP,171.0
0.9242515710283706,0.9015350748280917,0.9418963934914801,ILIP,173.0
0.9242515710283706,0.9015350748280917,0.9418963934914801,ILIP,175.0
0.9242515710283706,0.9015350748280917,0.9418963934914801,ILIP,177.0
0.9242515710283706,0.9015350748280917,0.9418963934914801,ILIP,181.0
0.9242515710283706,0.9015350748280917,0.9418963934914801,ILIP,182.0
0.9242515710283706,0.9015350748280917,0.9418963934914801,ILIP,183.0
0.9242515710283706,0.9015350748280917,0.9418963934914801,ILIP,186.0
0.9227008133588601,0.8997957319940052,0.9405434627287741,ILIP,188.0
0.9227008133588601,0.8997957319940052,0.9405434627287741,ILIP,190.0
0.9211474449862022,0.8980556048349292,0.9391861133859761,ILIP,191.0
0.9211474449862022,0.8980556048349292,0.9391861133859761,ILIP,195.0
0.9211474449862022,0.8980556048349292,0.9391861133859761,ILIP,198.0
0.9195888198677815,0.896311199690237,0.9378223754054675,ILIP,199.0
0.9180275485267497,0.8945658944157201,0.9364542725130715,ILIP,200.0
0.9180275485267497,0.8945658944157201,0.9364542725130715,ILIP,203.0
0.9164609486145887,0.8928161668806318,0.935079794064769,ILIP,206.0
0.9148943487024268,0.891068900953798,0.9337030548176237,ILIP,207.0
0.9148943487024268,0.891068900953798,0.9337030548176237,ILIP,211.0
0.9148943487024268,0.891068900953798,0.9337030548176237,ILIP,216.0
0.9148943487024268,0.891068900953798,0.9337030548176237,ILIP,230.0
0.9148943487024268,0.891068900953798,0.9337030548176237,ILIP,231.0
0.9148943487024268,0.891068900953798,0.9337030548176237,ILIP,233.0
0.9133087432454036,0.8892994628332497,0.9323095064622821,ILIP,245.0
0.9117231377883802,0.887532498333236,0.9309137218648634,ILIP,248.0
0.9117231377883802,0.887532498333236,0.9309137218648634,ILIP,249.0
0.9117231377883802,0.887532498333236,0.9309137218648634,ILIP,250.0
0.9101292162188205,0.885757223823427,0.9295093463234576,ILIP,252.0
0.9101292162188205,0.885757223823427,0.9295093463234576,ILIP,253.0
0.9085324982956292,0.8839807552729083,0.9281006460414961,ILIP,257.0
0.9085324982956292,0.8839807552729083,0.9281006460414961,ILIP,259.0
0.9085324982956292,0.8839807552729083,0.9281006460414961,ILIP,262.0
0.9085324982956292,0.8839807552729083,0.9281006460414961,ILIP,264.0
0.906924476174752,0.8821921249222887,0.9266810804151019,ILIP,265.0
0.9053164540538746,0.8804058734637024,0.9252593887562268,ILIP,266.0
0.9053164540538746,0.8804058734637024,0.9252593887562268,ILIP,267.0
0.9053164540538746,0.8804058734637024,0.9252593887562268,ILIP,270.0
0.9036969255135278,0.8786072045840888,0.9238266979064821,ILIP,271.0
0.9036969255135278,0.8786072045840888,0.9238266979064821,ILIP,272.0
0.9020715713309494,0.8768034210996851,0.9223874070088649,ILIP,277.0
0.9004462171483714,0.8750019552441237,0.9209460603570263,ILIP,286.0
0.8988208629657931,0.8732027487126341,0.9195027036809503,ILIP,297.0
0.8971955087832144,0.8714057458447418,0.9180573808691309,ILIP,305.0
0.8955701546006367,0.8696108934586823,0.9166101340711766,ILIP,307.0
0.8923194462354797,0.8660274388955722,0.9137100289861413,ILIP,315.0
0.8923194462354797,0.8660274388955722,0.9137100289861413,ILIP,319.0
0.8906911260781153,0.8642350047260319,0.912254909659953,ILIP,326.0
0.8874344857633872,0.8606560234093804,0.9093393606562746,ILIP,331.0
0.885806165606023,0.8588693910929804,0.9078789998635648,ILIP,337.0
0.8841778454486591,0.8570846103839311,0.9064169587446815,ILIP,339.0
0.8809212051339309,0.8535204513236034,0.9034879602392809,ILIP,344.0
0.8809212051339309,0.8535204513236034,0.9034879602392809,ILIP,349.0
0.8792898695688681,0.8517372510529058,0.9020186546574102,ILIP,354.0
0.8792898695688681,0.8517372510529058,0.9020186546574102,ILIP,356.0
0.8792898695688681,0.8517372510529058,0.9020186546574102,ILIP,357.0
0.8792898695688681,0.8517372510529058,0.9020186546574102,ILIP,360.0
0.8792898695688681,0.8517372510529058,0.9020186546574102,ILIP,361.0
0.8792898695688681,0.8517372510529058,0.9020186546574102,ILIP,362.0
0.8792898695688681,0.8517372510529058,0.9020186546574102,ILIP,363.0
0.8792898695688681,0.8517372510529058,0.9020186546574102,ILIP,364.0
0.8792898695688681,0.8517372510529058,0.9020186546574102,ILIP,365.0
0.8792898695688681,0.8517372510529058,0.9020186546574102,ILIP,366.0
0.8792898695688681,0.8517372510529058,0.9020186546574102,ILIP,367.0
0.8792898695688681,0.8517372510529058,0.9020186546574102,ILIP,368.0
0.8792898695688681,0.8517372510529058,0.9020186546574102,ILIP,369.0
0.8792898695688681,0.8517372510529058,0.9020186546574102,ILIP,370.0
0.8792898695688681,0.8517372510529058,0.9020186546574102,ILIP,371.0
0.8792898695688681,0.8517372510529058,0.9020186546574102,ILIP,372.0
0.8792898695688681,0.8517372510529058,0.9020186546574102,ILIP,374.0
0.8792898695688681,0.8517372510529058,0.9020186546574102,ILIP,380.0
0.8774731549623201,0.8497225367629628,0.9004016355704839,ILIP,386.0
0.8774731549623201,0.8497225367629628,0.9004016355704839,ILIP,394.0
0.8774731549623201,0.8497225367629628,0.9004016355704839,ILIP,395.0
0.875648886448885,0.8477009794587357,0.8987765005691738,ILIP,396.0
0.875648886448885,0.8477009794587357,0.8987765005691738,ILIP,403.0
0.875648886448885,0.8477009794587357,0.8987765005691738,ILIP,407.0
0.875648886448885,0.8477009794587357,0.8987765005691738,ILIP,408.0
0.8738092879479417,0.8456626799120701,0.8971372038580968,ILIP,410.0
0.8738092879479417,0.8456626799120701,0.8971372038580968,ILIP,412.0
0.8719540665297932,0.8436073032253615,0.8954834980661295,ILIP,413.0
0.8719540665297932,0.8436073032253615,0.8954834980661295,ILIP,414.0
0.8700909168149858,0.8415446722124396,0.8938213534074342,ILIP,416.0
0.8700909168149858,0.8415446722124396,0.8938213534074342,ILIP,418.0
0.8700909168149858,0.8415446722124396,0.8938213534074342,ILIP,419.0
0.8682197535530185,0.8394746732894388,0.8921507093446357,ILIP,425.0
0.8682197535530185,0.8394746732894388,0.8921507093446357,ILIP,428.0
0.8682197535530185,0.8394746732894388,0.8921507093446357,ILIP,429.0
0.8663404900171897,0.8373971921000403,0.8904715033919072,ILIP,430.0
0.8663404900171897,0.8373971921000403,0.8904715033919072,ILIP,432.0
0.8663404900171897,0.8373971921000403,0.8904715033919072,ILIP,438.0
0.8644530379692222,0.8353121134387853,0.8887836711085966,ILIP,439.0
0.8625614558292458,0.8332245660117584,0.887090393511116,ILIP,441.0
0.8625614558292458,0.8332245660117584,0.887090393511116,ILIP,442.0
0.8625614558292458,0.8332245660117584,0.887090393511116,ILIP,443.0
0.8625614558292458,0.8332245660117584,0.887090393511116,ILIP,444.0
0.8606531340243136,0.8311185935012687,0.885381810531909,ILIP,445.0
0.8606531340243136,0.8311185935012687,0.885381810531909,ILIP,446.0
0.8606531340243136,0.8311185935012687,0.885381810531909,ILIP,450.0
0.8606531340243136,0.8311185935012687,0.885381810531909,ILIP,451.0
0.8606531340243136,0.8311185935012687,0.885381810531909,ILIP,452.0
0.8606531340243136,0.8311185935012687,0.885381810531909,ILIP,453.0
0.8606531340243136,0.8311185935012687,0.885381810531909,ILIP,454.0
0.8606531340243136,0.8311185935012687,0.885381810531909,ILIP,455.0
0.8606531340243136,0.8311185935012687,0.885381810531909,ILIP,456.0
0.8586746210725338,0.8289264455591198,0.8836162203316137,ILIP,463.0
0.8566961081207534,0.8267374427496547,0.8818481668260628,ILIP,470.0
0.8547175951689738,0.8245515057819846,0.8800777015583833,ILIP,481.0
0.8527390822171932,0.8223685589492774,0.878304873987713,ILIP,484.0
0.8487820563136335,0.8180113494876532,0.8747523200569973,ILIP,487.0
0.8468035433618532,0.8158369514808962,0.872972683219898,ILIP,488.0
0.8448250304100736,0.8136652724937479,0.8711908633222529,ILIP,493.0
0.8428465174582936,0.8114962517736102,0.8694069010188497,ILIP,495.0
0.8408680045065136,0.8093298310626698,0.8676208354755038,ILIP,498.0
0.8388894915547332,0.8071659544594763,0.8658327044454682,ILIP,513.0
0.8369109786029528,0.8050045682901419,0.864042544340755,ILIP,521.0
0.8329539526993929,0.8006890629835448,0.8604562762447227,ILIP,525.0
0.830975439747613,0.798534846596375,0.8586602349498851,ILIP,527.0
0.8289969267958328,0.7963829259412614,0.8568622980864542,ILIP,537.0
0.8270184138440531,0.7942332568350896,0.8550624962788496,ILIP,538.0
0.8270184138440531,0.7942332568350896,0.8550624962788496,ILIP,544.0
0.825035156256897,0.7920799617619799,0.853257040924112,ILIP,547.0
0.8230518986697407,0.7899288575747502,0.8514497633358578,ILIP,562.0
0.8210686410825849,0.7877799040477805,0.8496406916608374,ILIP,582.0
0.8190853834954294,0.7856330623768599,0.8478298531578373,ILIP,588.0
0.8171021259082732,0.7834882951113202,0.8460172742365113,ILIP,598.0
0.8151188683211167,0.7813455660902553,0.8442029804940067,ILIP,603.0
0.8131356107339613,0.7792048403825307,0.8423869967495324,ILIP,606.0
0.8091690955596489,0.7749292649958647,0.8387500548359398,ILIP,618.0
0.8071858379724927,0.7727943511114276,0.8369291427006216,ILIP,624.0
0.805202580385337,0.7706613120318832,0.835106632687786,ILIP,628.0
0.8032193227981806,0.7685301181901062,0.8332825461827976,ILIP,631.0
0.8012360652110253,0.7664007409547747,0.8314569039644938,ILIP,635.0
0.7992528076238686,0.7642731525904783,0.829629726228739,ILIP,648.0
0.7952862924495572,0.7600232357885837,0.8259708422065982,ILIP,652.0
0.7952862924495572,0.7600232357885837,0.8259708422065982,ILIP,657.0
0.7932980767184337,0.7578948987195708,0.8241350883984341,ILIP,658.0
0.7913098609873095,0.7557682664850378,0.8222978613225896,ILIP,664.0
0.789321645256186,0.7536433148719569,0.8204591788331572,ILIP,669.0
0.7873334295250618,0.7515200203808812,0.8186190583107107,ILIP,679.0
0.785345213793938,0.749398360197781,0.8167775166793234,ILIP,680.0
0.7833519518299938,0.7472722839212839,0.8149303886565625,ILIP,682.0
0.7833519518299938,0.7472722839212839,0.8149303886565625,ILIP,685.0
0.7813536050141013,0.745141745889982,0.8130776429631357,ILIP,689.0
0.7793552581982085,0.7430128129823498,0.8112234991521386,ILIP,694.0
0.7773569113823153,0.7408854641121102,0.8093679729381935,ILIP,699.0
0.7773569113823153,0.7408854641121102,0.8093679729381935,ILIP,700.0
0.7773569113823153,0.7408854641121102,0.8093679729381935,ILIP,701.0
0.7773569113823153,0.7408854641121102,0.8093679729381935,ILIP,703.0
0.7773569113823153,0.7408854641121102,0.8093679729381935,ILIP,706.0
0.7773569113823153,0.7408854641121102,0.8093679729381935,ILIP,709.0
0.7773569113823153,0.7408854641121102,0.8093679729381935,ILIP,710.0
0.7773569113823153,0.7408854641121102,0.8093679729381935,ILIP,712.0
0.7773569113823153,0.7408854641121102,0.8093679729381935,ILIP,713.0
0.7773569113823153,0.7408854641121102,0.8093679729381935,ILIP,714.0
0.7773569113823153,0.7408854641121102,0.8093679729381935,ILIP,715.0
0.7773569113823153,0.7408854641121102,0.8093679729381935,ILIP,716.0
0.7732330020381117,0.7364837909380998,0.8055472261908065,ILIP,717.0
0.7732330020381117,0.7364837909380998,0.8055472261908065,ILIP,718.0
0.7732330020381117,0.7364837909380998,0.8055472261908065,ILIP,719.0
0.7732330020381117,0.7364837909380998,0.8055472261908065,ILIP,720.0
0.7732330020381117,0.7364837909380998,0.8055472261908065,ILIP,721.0
0.7732330020381117,0.7364837909380998,0.8055472261908065,ILIP,723.0
0.7732330020381117,0.7364837909380998,0.8055472261908065,ILIP,725.0
0.7732330020381117,0.7364837909380998,0.8055472261908065,ILIP,726.0
0.7732330020381117,0.7364837909380998,0.8055472261908065,ILIP,727.0
0.7732330020381117,0.7364837909380998,0.8055472261908065,ILIP,728.0
0.7732330020381117,0.7364837909380998,0.8055472261908065,ILIP,729.0
0.7732330020381117,0.7364837909380998,0.8055472261908065,ILIP,730.0
0.7732330020381117,0.7364837909380998,0.8055472261908065,ILIP,731.0
0.7732330020381117,0.7364837909380998,0.8055472261908065,ILIP,732.0
0.7732330020381117,0.7364837909380998,0.8055472261908065,ILIP,733.0
0.7709982245755739,0.7340772614608411,0.8034929422666436,ILIP,734.0
0.7709982245755739,0.7340772614608411,0.8034929422666436,ILIP,737.0
0.7687569506669238,0.7316652770603396,0.8014313933968321,ILIP,739.0
0.7687569506669238,0.7316652770603396,0.8014313933968321,ILIP,741.0
0.7687569506669238,0.7316652770603396,0.8014313933968321,ILIP,742.0
0.7687569506669238,0.7316652770603396,0.8014313933968321,ILIP,747.0
0.7687569506669238,0.7316652770603396,0.8014313933968321,ILIP,750.0
0.7664757727717698,0.7292072153582934,0.7993354789759405,ILIP,753.0
0.7664757727717698,0.7292072153582934,0.7993354789759405,ILIP,754.0
0.7664757727717698,0.7292072153582934,0.7993354789759405,ILIP,757.0
0.7664757727717698,0.7292072153582934,0.7993354789759405,ILIP,758.0
0.7664757727717698,0.7292072153582934,0.7993354789759405,ILIP,761.0
0.7664757727717698,0.7292072153582934,0.7993354789759405,ILIP,767.0
0.7664757727717698,0.7292072153582934,0.7993354789759405,ILIP,769.0
0.7641246200945555,0.726666344377005,0.7971809556171648,ILIP,771.0
0.7617734674173414,0.7241283452610905,0.7950241305101621,ILIP,772.0
0.7617734674173414,0.7241283452610905,0.7950241305101621,ILIP,773.0
0.7617734674173414,0.7241283452610905,0.7950241305101621,ILIP,774.0
0.7617734674173414,0.7241283452610905,0.7950241305101621,ILIP,780.0
0.7617734674173414,0.7241283452610905,0.7950241305101621,ILIP,781.0
0.7617734674173414,0.7241283452610905,0.7950241305101621,ILIP,782.0
0.7617734674173414,0.7241283452610905,0.7950241305101621,ILIP,787.0
0.7617734674173414,0.7241283452610905,0.7950241305101621,ILIP,789.0
0.7617734674173414,0.7241283452610905,0.7950241305101621,ILIP,791.0
0.7593474372663308,0.7215014699940137,0.7928048417029667,ILIP,793.0
0.7593474372663308,0.7215014699940137,0.7928048417029667,ILIP,794.0
0.7569058056352497,0.7188586016137947,0.790570538613082,ILIP,795.0
0.7569058056352497,0.7188586016137947,0.790570538613082,ILIP,797.0
0.7569058056352497,0.7188586016137947,0.790570538613082,ILIP,799.0
0.7569058056352497,0.7188586016137947,0.790570538613082,ILIP,800.0
0.7569058056352497,0.7188586016137947,0.790570538613082,ILIP,802.0
0.7569058056352497,0.7188586016137947,0.790570538613082,ILIP,804.0
0.7544159839061859,0.7161596834723839,0.7882951521764396,ILIP,806.0
0.7544159839061859,0.7161596834723839,0.7882951521764396,ILIP,809.0
0.7544159839061859,0.7161596834723839,0.7882951521764396,ILIP,812.0
0.7544159839061859,0.7161596834723839,0.7882951521764396,ILIP,814.0
0.7544159839061859,0.7161596834723839,0.7882951521764396,ILIP,815.0
0.7544159839061859,0.7161596834723839,0.7882951521764396,ILIP,817.0
0.7544159839061859,0.7161596834723839,0.7882951521764396,ILIP,819.0
0.7544159839061859,0.7161596834723839,0.7882951521764396,ILIP,821.0
0.7518411853263011,0.7133592415153995,0.7859494828414303,ILIP,824.0
0.7492663867464168,0.710562628543802,0.7836008141166896,ILIP,832.0
0.7466915881665318,0.7077697685284087,0.7812491972357974,ILIP,846.0
0.7441167895866474,0.7049805884155356,0.7788946814624235,ILIP,853.0
0.7415419910067629,0.7021950179731918,0.7765373141939795,ILIP,909.0
0.7389671924268784,0.6994129896473442,0.7741771410581876,ILIP,915.0
0.7363923938469934,0.6966344384274511,0.7718142060031383,ILIP,942.0
0.7338175952671091,0.6938593017205567,0.7694485513813761,ILIP,945.0
0.7312427966872245,0.6910875192332828,0.7670802180284835,ILIP,962.0
0.7286679981073398,0.6883190328611386,0.7647092453366094,ILIP,967.0
0.7260931995274553,0.6855537865845899,0.7623356713233261,ILIP,978.0
0.7235184009475704,0.6827917263714042,0.7599595326961779,ILIP,990.0
0.7235184009475704,0.6827917263714042,0.7599595326961779,ILIP,991.0
0.720934406658472,0.6800216478143781,0.7575734114791429,ILIP,997.0
0.7183504123693735,0.677254699069033,0.7551847616895836,ILIP,1004.0
0.7157664180802752,0.6744908303622827,0.7527936172364877,ILIP,1011.0
0.7131824237911764,0.6717299936226743,0.7504000109053931,ILIP,1016.0
0.7131824237911764,0.6717299936226743,0.7504000109053931,ILIP,1017.0
0.7131824237911764,0.6717299936226743,0.7504000109053931,ILIP,1018.0
0.7105795682298945,0.6689493883664555,0.7479886038369293,ILIP,1040.0
0.7105795682298945,0.6689493883664555,0.7479886038369293,ILIP,1058.0
0.7079671433466962,0.6661602742731255,0.7455669309567263,ILIP,1061.0
0.7079671433466962,0.6661602742731255,0.7455669309567263,ILIP,1062.0
0.7053352952301657,0.6633507761753121,0.7431269551458751,ILIP,1065.0
0.7053352952301657,0.6633507761753121,0.7431269551458751,ILIP,1069.0
0.7053352952301657,0.6633507761753121,0.7431269551458751,ILIP,1078.0
0.7026635706270213,0.6604962389148605,0.7406520094050104,ILIP,1081.0
0.7026635706270213,0.6604962389148605,0.7406520094050104,ILIP,1083.0
0.7026635706270213,0.6604962389148605,0.7406520094050104,ILIP,1084.0
0.6999505838678439,0.6575950495526358,0.738140934991071,ILIP,1085.0
0.6999505838678439,0.6575950495526358,0.738140934991071,ILIP,1087.0
0.6999505838678439,0.6575950495526358,0.738140934991071,ILIP,1088.0
0.6999505838678439,0.6575950495526358,0.738140934991071,ILIP,1089.0
0.697205679617382,0.6546586105795659,0.7356012512914416,ILIP,1091.0
0.697205679617382,0.6546586105795659,0.7356012512914416,ILIP,1095.0
0.697205679617382,0.6546586105795659,0.7356012512914416,ILIP,1096.0
0.697205679617382,0.6546586105795659,0.7356012512914416,ILIP,1097.0
0.697205679617382,0.6546586105795659,0.7356012512914416,ILIP,1098.0
0.697205679617382,0.6546586105795659,0.7356012512914416,ILIP,1107.0
0.697205679617382,0.6546586105795659,0.7356012512914416,ILIP,1108.0
0.697205679617382,0.6546586105795659,0.7356012512914416,ILIP,1116.0
0.697205679617382,0.6546586105795659,0.7356012512914416,ILIP,1118.0
0.697205679617382,0.6546586105795659,0.7356012512914416,ILIP,1119.0
0.697205679617382,0.6546586105795659,0.7356012512914416,ILIP,1120.0
0.697205679617382,0.6546586105795659,0.7356012512914416,ILIP,1121.0
0.697205679617382,0.6546586105795659,0.7356012512914416,ILIP,1127.0
0.697205679617382,0.6546586105795659,0.7356012512914416,ILIP,1129.0
0.697205679617382,0.6546586105795659,0.7356012512914416,ILIP,1130.0
0.6942762439887376,0.6515006262454083,0.732910561783682,ILIP,1139.0
0.6942762439887376,0.6515006262454083,0.732910561783682,ILIP,1142.0
0.6913343954972595,0.6483319204768119,0.7302064118765869,ILIP,1144.0
0.688392547005782,0.6451677202196329,0.7274986891676942,ILIP,1149.0
0.6854506985143038,0.6420079447452745,0.7247874491150792,ILIP,1155.0
0.6854506985143038,0.6420079447452745,0.7247874491150792,ILIP,1156.0
0.6854506985143038,0.6420079447452745,0.7247874491150792,ILIP,1157.0
0.6854506985143038,0.6420079447452745,0.7247874491150792,ILIP,1158.0
0.6854506985143038,0.6420079447452745,0.7247874491150792,ILIP,1159.0
0.6854506985143038,0.6420079447452745,0.7247874491150792,ILIP,1160.0
0.6824310919129193,0.6387573265018245,0.7220106735561111,ILIP,1162.0
0.6824310919129193,0.6387573265018245,0.7220106735561111,ILIP,1163.0
0.6793980648377506,0.6354950076054223,0.7192194394419177,ILIP,1169.0
0.6793980648377506,0.6354950076054223,0.7192194394419177,ILIP,1173.0
0.6793980648377506,0.6354950076054223,0.7192194394419177,ILIP,1174.0
0.6793980648377506,0.6354950076054223,0.7192194394419177,ILIP,1178.0
0.6763098918157606,0.6321697825658341,0.7163805631783566,ILIP,1186.0
0.6731932563696051,0.628814622107768,0.7135151048771637,ILIP,1187.0
0.6731932563696051,0.628814622107768,0.7135151048771637,ILIP,1191.0
0.6700621249446302,0.6254467876491981,0.7106340740242937,ILIP,1206.0
0.6669309935196558,0.6220840804910462,0.7077489761987713,ILIP,1251.0
0.6637998620946806,0.6187264084648623,0.7048598751174672,ILIP,1270.0
0.6637998620946806,0.6187264084648623,0.7048598751174672,ILIP,1282.0
0.660653891184279,0.6153555569736111,0.7019549805198537,ILIP,1288.0
0.660653891184279,0.6153555569736111,0.7019549805198537,ILIP,1298.0
0.6574928677814834,0.6119712923442592,0.6990341003409283,ILIP,1299.0
0.6543318443786876,0.6085919960549483,0.6961092520174216,ILIP,1332.0
0.6511708209758924,0.6052175844787331,0.6931804932256835,ILIP,1347.0
0.6480097975730968,0.6018479772423309,0.6902478793375817,ILIP,1365.0
0.6448487741703008,0.598483097068238,0.6873114635362723,ILIP,1366.0
0.6448487741703008,0.598483097068238,0.6873114635362723,ILIP,1389.0
0.6448487741703008,0.598483097068238,0.6873114635362723,ILIP,1391.0
0.6448487741703008,0.598483097068238,0.6873114635362723,ILIP,1396.0
0.6448487741703008,0.598483097068238,0.6873114635362723,ILIP,1397.0
0.6416083280689426,0.59502655297505,0.6843074163402455,ILIP,1402.0
0.6416083280689426,0.59502655297505,0.6843074163402455,ILIP,1409.0
0.6383514330026026,0.591555101339849,0.6812861001218206,ILIP,1417.0
0.6383514330026026,0.591555101339849,0.6812861001218206,ILIP,1430.0
0.6350778359102816,0.5880684735687856,0.6782472810074872,ILIP,1431.0
0.6350778359102816,0.5880684735687856,0.6782472810074872,ILIP,1433.0
0.6350778359102816,0.5880684735687856,0.6782472810074872,ILIP,1436.0
0.6350778359102816,0.5880684735687856,0.6782472810074872,ILIP,1438.0
0.6350778359102816,0.5880684735687856,0.6782472810074872,ILIP,1444.0
0.6350778359102816,0.5880684735687856,0.6782472810074872,ILIP,1445.0
0.6350778359102816,0.5880684735687856,0.6782472810074872,ILIP,1447.0
0.6350778359102816,0.5880684735687856,0.6782472810074872,ILIP,1449.0
0.6350778359102816,0.5880684735687856,0.6782472810074872,ILIP,1450.0
0.6350778359102816,0.5880684735687856,0.6782472810074872,ILIP,1451.0
0.6350778359102816,0.5880684735687856,0.6782472810074872,ILIP,1452.0
0.6350778359102816,0.5880684735687856,0.6782472810074872,ILIP,1453.0
0.6350778359102816,0.5880684735687856,0.6782472810074872,ILIP,1454.0
0.6350778359102816,0.5880684735687856,0.6782472810074872,ILIP,1455.0
0.6350778359102816,0.5880684735687856,0.6782472810074872,ILIP,1456.0
0.6350778359102816,0.5880684735687856,0.6782472810074872,ILIP,1457.0
0.6350778359102816,0.5880684735687856,0.6782472810074872,ILIP,1458.0
0.6350778359102816,0.5880684735687856,0.6782472810074872,ILIP,1459.0
0.6312976106965302,0.5839615174571234,0.6748066533112738,ILIP,1460.0
0.6312976106965302,0.5839615174571234,0.6748066533112738,ILIP,1461.0
0.6312976106965302,0.5839615174571234,0.6748066533112738,ILIP,1462.0
0.6312976106965302,0.5839615174571234,0.6748066533112738,ILIP,1468.0
0.6312976106965302,0.5839615174571234,0.6748066533112738,ILIP,1470.0
0.6272766068067437,0.5795592928656654,0.6711760067505735,ILIP,1471.0
0.6272766068067437,0.5795592928656654,0.6711760067505735,ILIP,1479.0
0.6231767597034318,0.5750679679855938,0.6674773185178857,ILIP,1483.0
0.6190769126001197,0.5705885301109018,0.6637693571436117,ILIP,1484.0
0.6190769126001197,0.5705885301109018,0.6637693571436117,ILIP,1490.0
0.6190769126001197,0.5705885301109018,0.6637693571436117,ILIP,1491.0
0.6190769126001197,0.5705885301109018,0.6637693571436117,ILIP,1492.0
0.6148939604879567,0.5660150346161515,0.659989845093858,ILIP,1495.0
0.6148939604879567,0.5660150346161515,0.659989845093858,ILIP,1508.0
0.6106823580188611,0.5614173503975799,0.656179248367967,ILIP,1510.0
0.6106823580188611,0.5614173503975799,0.656179248367967,ILIP,1514.0
0.6064415083103964,0.5567948002662142,0.6523370570966726,ILIP,1516.0
0.6064415083103964,0.5567948002662142,0.6523370570966726,ILIP,1517.0
0.6064415083103964,0.5567948002662142,0.6523370570966726,ILIP,1519.0
0.6064415083103964,0.5567948002662142,0.6523370570966726,ILIP,1520.0
0.6020786197614012,0.5520294362099303,0.6483936353111734,ILIP,1526.0
0.6020786197614012,0.5520294362099303,0.6483936353111734,ILIP,1527.0
0.6020786197614012,0.5520294362099303,0.6483936353111734,ILIP,1528.0
0.6020786197614012,0.5520294362099303,0.6483936353111734,ILIP,1531.0
0.6020786197614012,0.5520294362099303,0.6483936353111734,ILIP,1533.0
0.6020786197614012,0.5520294362099303,0.6483936353111734,ILIP,1534.0
0.6020786197614012,0.5520294362099303,0.6483936353111734,ILIP,1536.0
0.6020786197614012,0.5520294362099303,0.6483936353111734,ILIP,1537.0
0.6020786197614012,0.5520294362099303,0.6483936353111734,ILIP,1539.0
0.6020786197614012,0.5520294362099303,0.6483936353111734,ILIP,1544.0
0.6020786197614012,0.5520294362099303,0.6483936353111734,ILIP,1545.0
0.5973002180172634,0.5467423203250213,0.644134118800623,ILIP,1551.0
0.5925218162731252,0.5414739428198179,0.6398600147981357,ILIP,1584.0
0.5877434145289867,0.5362237271028484,0.6355717622810638,ILIP,1590.0
0.5829650127848489,0.5309911352600795,0.6312697680119752,ILIP,1597.0
0.5829650127848489,0.5309911352600795,0.6312697680119752,ILIP,1643.0
0.5781471201172053,0.5257249995046906,0.6269253001218924,ILIP,1658.0
0.5733292274495622,0.520476066958359,0.622567394992482,ILIP,1665.0
0.5685113347819188,0.515243873009133,0.6181963983545034,ILIP,1700.0
0.5636934421142754,0.5100279823557909,0.6138126320462419,ILIP,1708.0
0.5588755494466318,0.504827986707602,0.6094163960211458,ILIP,1723.0
0.5588755494466318,0.504827986707602,0.6094163960211458,ILIP,1728.0
0.5588755494466318,0.504827986707602,0.6094163960211458,ILIP,1737.0
0.5588755494466318,0.504827986707602,0.6094163960211458,ILIP,1756.0
0.5588755494466318,0.504827986707602,0.6094163960211458,ILIP,1784.0
0.5588755494466318,0.504827986707602,0.6094163960211458,ILIP,1795.0
0.5588755494466318,0.504827986707602,0.6094163960211458,ILIP,1801.0
0.5588755494466318,0.504827986707602,0.6094163960211458,ILIP,1806.0
0.5588755494466318,0.504827986707602,0.6094163960211458,ILIP,1808.0
0.5588755494466318,0.504827986707602,0.6094163960211458,ILIP,1809.0
0.5588755494466318,0.504827986707602,0.6094163960211458,ILIP,1810.0
0.5536031386027956,0.4990637939788937,0.6046716211462727,ILIP,1811.0
0.5536031386027956,0.4990637939788937,0.6046716211462727,ILIP,1813.0
0.5536031386027956,0.4990637939788937,0.6046716211462727,ILIP,1816.0
0.5536031386027956,0.4990637939788937,0.6046716211462727,ILIP,1818.0
0.5536031386027956,0.4990637939788937,0.6046716211462727,ILIP,1819.0
0.5536031386027956,0.4990637939788937,0.6046716211462727,ILIP,1820.0
0.5536031386027956,0.4990637939788937,0.6046716211462727,ILIP,1821.0
0.5536031386027956,0.4990637939788937,0.6046716211462727,ILIP,1824.0
0.5536031386027956,0.4990637939788937,0.6046716211462727,ILIP,1825.0
1.0,1.0,1.0,IAOP,0.0
0.992857142857143,0.9503833665172203,0.9989907354126967,IAOP,14.0
0.9857142857142865,0.9440905793794537,0.9964079205612613,IAOP,19.0
0.9785714285714292,0.935041414182826,0.9930382042750143,IAOP,21.0
0.9714285714285722,0.9256701819566243,0.9891797971673362,IAOP,44.0
0.9642857142857149,0.9163301132357224,0.9849774870821738,IAOP,61.0
0.9571428571428573,0.9070972797709038,0.9805148011741496,IAOP,96.0
0.9500000000000004,0.8979850429256117,0.9758452429528347,IAOP,103.0
0.9428571428571431,0.8889895613066238,0.9710055898694218,IAOP,153.0
0.9428571428571431,0.8889895613066238,0.9710055898694218,IAOP,173.0
0.9428571428571431,0.8889895613066238,0.9710055898694218,IAOP,176.0
0.9428571428571431,0.8889895613066238,0.9710055898694218,IAOP,177.0
0.9428571428571431,0.8889895613066238,0.9710055898694218,IAOP,178.0
0.9428571428571431,0.8889895613066238,0.9710055898694218,IAOP,179.0
0.9428571428571431,0.8889895613066238,0.9710055898694218,IAOP,180.0
0.9428571428571431,0.8889895613066238,0.9710055898694218,IAOP,182.0
0.9428571428571431,0.8889895613066238,0.9710055898694218,IAOP,202.0
0.9428571428571431,0.8889895613066238,0.9710055898694218,IAOP,221.0
0.9351288056206091,0.878998054514718,0.9657216340929735,IAOP,240.0
0.9351288056206091,0.878998054514718,0.9657216340929735,IAOP,241.0
0.9351288056206091,0.878998054514718,0.9657216340929735,IAOP,265.0
0.9272705803632931,0.8689523680636565,0.9602214696252436,IAOP,280.0
0.919412355105977,0.8590807309449812,0.9545868175817963,IAOP,296.0
0.9115541298486606,0.8493557227106546,0.9488339578093039,IAOP,314.0
0.9036959045913449,0.8397570298174477,0.9429759030851979,IAOP,334.0
0.9036959045913449,0.8397570298174477,0.9429759030851979,IAOP,353.0
0.9036959045913449,0.8397570298174477,0.9429759030851979,IAOP,356.0
0.9036959045913449,0.8397570298174477,0.9429759030851979,IAOP,358.0
0.9036959045913449,0.8397570298174477,0.9429759030851979,IAOP,364.0
0.9036959045913449,0.8397570298174477,0.9429759030851979,IAOP,365.0
0.9036959045913449,0.8397570298174477,0.9429759030851979,IAOP,366.0
0.9036959045913449,0.8397570298174477,0.9429759030851979,IAOP,368.0
0.9036959045913449,0.8397570298174477,0.9429759030851979,IAOP,373.0
0.9036959045913449,0.8397570298174477,0.9429759030851979,IAOP,375.0
0.9036959045913449,0.8397570298174477,0.9429759030851979,IAOP,382.0
0.9036959045913449,0.8397570298174477,0.9429759030851979,IAOP,386.0
0.9036959045913449,0.8397570298174477,0.9429759030851979,IAOP,394.0
0.9036959045913449,0.8397570298174477,0.9429759030851979,IAOP,397.0
0.9036959045913449,0.8397570298174477,0.9429759030851979,IAOP,406.0
0.9036959045913449,0.8397570298174477,0.9429759030851979,IAOP,420.0
0.9036959045913449,0.8397570298174477,0.9429759030851979,IAOP,423.0
0.8940821183722883,0.8272075596839631,0.9360601015096186,IAOP,440.0
0.8844683321532313,0.8149457843838944,0.9289929257075717,IAOP,498.0
0.874854545934174,0.8029224384548416,0.9217913323332824,IAOP,620.0
0.8652407597151174,0.7911011340451944,0.9144688683830126,IAOP,634.0
0.8652407597151174,0.7911011340451944,0.9144688683830126,IAOP,660.0
0.8652407597151174,0.7911011340451944,0.9144688683830126,IAOP,693.0
0.8652407597151174,0.7911011340451944,0.9144688683830126,IAOP,711.0
0.8652407597151174,0.7911011340451944,0.9144688683830126,IAOP,714.0
0.8550614566596451,0.7785206711989932,0.9067117448437624,IAOP,722.0
0.8550614566596451,0.7785206711989932,0.9067117448437624,IAOP,723.0
0.8550614566596451,0.7785206711989932,0.9067117448437624,IAOP,726.0
0.8550614566596451,0.7785206711989932,0.9067117448437624,IAOP,727.0
0.8550614566596451,0.7785206711989932,0.9067117448437624,IAOP,730.0
0.8550614566596451,0.7785206711989932,0.9067117448437624,IAOP,733.0
0.8550614566596451,0.7785206711989932,0.9067117448437624,IAOP,742.0
0.8550614566596451,0.7785206711989932,0.9067117448437624,IAOP,746.0
0.8550614566596451,0.7785206711989932,0.9067117448437624,IAOP,753.0
0.8550614566596451,0.7785206711989932,0.9067117448437624,IAOP,754.0
0.8431856030949277,0.7632663434607722,0.8979017856763717,IAOP,766.0
0.8431856030949277,0.7632663434607722,0.8979017856763717,IAOP,774.0
0.8431856030949277,0.7632663434607722,0.8979017856763717,IAOP,814.0
0.8431856030949277,0.7632663434607722,0.8979017856763717,IAOP,820.0
0.8307858148141195,0.7474606168101562,0.8886341931197148,IAOP,828.0
0.8183860265333117,0.7320106092314673,0.8791831741036299,IAOP,868.0
0.805986238252504,0.7168641063147685,0.8695674102208358,IAOP,923.0
0.7935864499716963,0.7019809286639018,0.8598017632068016,IAOP,946.0
0.7811866616908887,0.6873295215016474,0.8498983284781904,IAOP,980.0
0.7687868734100811,0.6728846679100173,0.8398671295272154,IAOP,993.0
0.7687868734100811,0.6728846679100173,0.8398671295272154,IAOP,1016.0
0.7687868734100811,0.6728846679100173,0.8398671295272154,IAOP,1062.0
0.7687868734100811,0.6728846679100173,0.8398671295272154,IAOP,1067.0
0.7687868734100811,0.6728846679100173,0.8398671295272154,IAOP,1077.0
0.7687868734100811,0.6728846679100173,0.8398671295272154,IAOP,1088.0
0.7687868734100811,0.6728846679100173,0.8398671295272154,IAOP,1090.0
0.7687868734100811,0.6728846679100173,0.8398671295272154,IAOP,1094.0
0.7687868734100811,0.6728846679100173,0.8398671295272154,IAOP,1095.0
0.7687868734100811,0.6728846679100173,0.8398671295272154,IAOP,1096.0
0.7687868734100811,0.6728846679100173,0.8398671295272154,IAOP,1098.0
0.7687868734100811,0.6728846679100173,0.8398671295272154,IAOP,1109.0
0.7534111359418795,0.6539275422936708,0.8279984884839997,IAOP,1116.0
0.7534111359418795,0.6539275422936708,0.8279984884839997,IAOP,1121.0
0.7534111359418795,0.6539275422936708,0.8279984884839997,IAOP,1122.0
0.7534111359418795,0.6539275422936708,0.8279984884839997,IAOP,1131.0
0.7534111359418795,0.6539275422936708,0.8279984884839997,IAOP,1136.0
0.7534111359418795,0.6539275422936708,0.8279984884839997,IAOP,1154.0
0.7534111359418795,0.6539275422936708,0.8279984884839997,IAOP,1163.0
0.7534111359418795,0.6539275422936708,0.8279984884839997,IAOP,1174.0
0.7534111359418795,0.6539275422936708,0.8279984884839997,IAOP,1181.0
0.7345758575433324,0.6295612363958442,0.8141391771659017,IAOP,1184.0
0.7157405791447854,0.606019517448262,0.7998585955141286,IAOP,1291.0
0.7157405791447854,0.606019517448262,0.7998585955141286,IAOP,1357.0
0.7157405791447854,0.606019517448262,0.7998585955141286,IAOP,1379.0
0.6958588963907636,0.5814419612440347,0.7846773011850411,IAOP,1392.0
0.675977213636742,0.5576022152863602,0.7691018364901289,IAOP,1402.0
0.675977213636742,0.5576022152863602,0.7691018364901289,IAOP,1439.0
0.675977213636742,0.5576022152863602,0.7691018364901289,IAOP,1442.0
0.675977213636742,0.5576022152863602,0.7691018364901289,IAOP,1443.0
0.675977213636742,0.5576022152863602,0.7691018364901289,IAOP,1447.0
0.675977213636742,0.5576022152863602,0.7691018364901289,IAOP,1461.0
0.675977213636742,0.5576022152863602,0.7691018364901289,IAOP,1463.0
0.675977213636742,0.5576022152863602,0.7691018364901289,IAOP,1512.0
0.675977213636742,0.5576022152863602,0.7691018364901289,IAOP,1532.0
0.675977213636742,0.5576022152863602,0.7691018364901289,IAOP,1533.0
0.6478114964018776,0.5203196600277223,0.7493747268545414,IAOP,1603.0
0.6196457791670135,0.4851330243050731,0.7285637460614385,IAOP,1753.0
0.5914800619321492,0.45164441940132066,0.7068566973123301,IAOP,1757.0
0.5914800619321492,0.45164441940132066,0.7068566973123301,IAOP,1787.0
0.5914800619321492,0.45164441940132066,0.7068566973123301,IAOP,1801.0
0.5914800619321492,0.45164441940132066,0.7068566973123301,IAOP,1809.0
0.5914800619321492,0.45164441940132066,0.7068566973123301,IAOP,1824.0
0.5914800619321492,0.45164441940132066,0.7068566973123301,IAOP,1825.0
0.9982905982905981,0.9879279080736119,0.9997590307575457,GALL,0.0
0.996581196581196,0.9864000227977473,0.999143867621065,GALL,2.0
0.9931623931623924,0.981885298883742,0.9974282278956015,GALL,5.0
0.9914529914529912,0.9795884336597965,0.9964335915438138,GALL,9.0
0.9897435897435898,0.9773137992780538,0.995379131046554,GALL,11.0
0.988034188034188,0.9750650907016116,0.9942775488673792,GALL,15.0
0.9863218237568324,0.9728357979207428,0.993136072882648,GALL,17.0
0.9846094594794768,0.9706304041331427,0.9919623542057796,GALL,19.0
0.9828970952021213,0.9684467016469533,0.9907611338732205,GALL,23.0
0.9811847309247657,0.9662826265265592,0.9895360782317543,GALL,30.0
0.9794723666474096,0.9641363361532569,0.9882900929971227,GALL,33.0
0.9777600023700543,0.9620062136338552,0.9870255281211081,GALL,40.0
0.9760476380926988,0.9598908478226241,0.9857443166175821,GALL,41.0
0.9743352738153428,0.9577890071557675,0.9844480716706571,GALL,42.0
0.9743352738153428,0.9577890071557675,0.9844480716706571,GALL,46.0
0.9726198948121461,0.9556947439200357,0.9831363029567854,GALL,50.0
0.9709045158089507,0.9536121296231707,0.9818119711391596,GALL,51.0
0.9674737578025587,0.9494785215135353,0.9791295268591333,GALL,53.0
0.964042999796166,0.9453824366143208,0.9764073712099572,GALL,62.0
0.964042999796166,0.9453824366143208,0.9764073712099572,GALL,79.0
0.964042999796166,0.9453824366143208,0.9764073712099572,GALL,82.0
0.9623184148233642,0.9433331629207944,0.9750269730944293,GALL,85.0
0.9588692448777608,0.9392581794063306,0.9722420480705941,GALL,86.0
0.9571446599049591,0.9372315806388631,0.9708384557295742,GALL,94.0
0.9554200749321575,0.9352117202986805,0.9694279916888005,GALL,95.0
0.9536954899593559,0.9331982497173943,0.9680110196938032,GALL,97.0
0.9519709049865537,0.9311908503235515,0.9665878712584822,GALL,99.0
0.9502463200137526,0.9291892301294655,0.9651588495433127,GALL,101.0
0.9485217350409502,0.9271931207268685,0.963724232652302,GALL,105.0
0.9467971500681487,0.9252022747044666,0.9622842764518833,GALL,106.0
0.9450725650953474,0.9232164634173832,0.9608392169938919,GALL,117.0
0.9433479801225453,0.9212354750517973,0.9593892726086338,GALL,121.0
0.9416233951497437,0.9192591129385105,0.9579346457213918,GALL,123.0
0.9398988101769418,0.9172871940774822,0.9564755244358015,GALL,126.0
0.9381742252041398,0.9153195478420284,0.9550120839197126,GALL,131.0
0.9364496402313383,0.9133560148366914,0.9535444876228577,GALL,134.0
0.9364496402313383,0.9133560148366914,0.9535444876228577,GALL,136.0
0.9347218733674422,0.9113921301674117,0.9520705588467587,GALL,151.0
0.9329941065035474,0.9094321093253076,0.9505927487265123,GALL,155.0
0.931266339639652,0.9074758185742694,0.9491111925537257,GALL,161.0
0.931266339639652,0.9074758185742694,0.9491111925537257,GALL,166.0
0.931266339639652,0.9074758185742694,0.9491111925537257,GALL,169.0
0.9295321378898572,0.905514505106806,0.9476212515742889,GALL,170.0
0.9295321378898572,0.905514505106806,0.9476212515742889,GALL,175.0
0.9295321378898572,0.905514505106806,0.9476212515742889,GALL,176.0
0.9295321378898572,0.905514505106806,0.9476212515742889,GALL,178.0
0.9295321378898572,0.905514505106806,0.9476212515742889,GALL,179.0
0.9277783036674236,0.903530471354528,0.9461132085648024,GALL,180.0
0.9260211477892658,0.901545658530244,0.9445991520877162,GALL,181.0
0.9242334621757733,0.8995236689384222,0.9430589387058805,GALL,182.0
0.9242334621757733,0.8995236689384222,0.9430589387058805,GALL,183.0
0.9242334621757733,0.8995236689384222,0.9430589387058805,GALL,185.0
0.9224247861245485,0.8974774338105089,0.9414995975985284,GALL,186.0
0.9224247861245485,0.8974774338105089,0.9414995975985284,GALL,193.0
0.9224247861245485,0.8974774338105089,0.9414995975985284,GALL,195.0
0.9206089893014688,0.8954255899194709,0.9399314113382614,GALL,197.0
0.9187896039471182,0.8933728049187488,0.9383570677333779,GALL,198.0
0.9169666087011913,0.8913189738868401,0.9367766270220643,GALL,200.0
0.9169666087011913,0.8913189738868401,0.9367766270220643,GALL,205.0
0.9151399819906312,0.8892639960685822,0.935190145051542,GALL,206.0
0.9133097020266504,0.8872077745575965,0.9335976735695051,GALL,207.0
0.9133097020266504,0.8872077745575965,0.9335976735695051,GALL,209.0
0.9114757468016975,0.8851502160072572,0.9319992604893795,GALL,211.0
0.9114757468016975,0.8851502160072572,0.9319992604893795,GALL,213.0
0.9096306541968353,0.8830814708880711,0.9303893232413329,GALL,215.0
0.9077855615919735,0.8810161427470438,0.9287763132210394,GALL,217.0
0.90409537638225,0.8768953299705093,0.9255414030168433,GALL,221.0
0.90409537638225,0.8768953299705093,0.9255414030168433,GALL,230.0
0.9022465105818773,0.8748347621682647,0.9239167705189015,GALL,235.0
0.9022465105818773,0.8748347621682647,0.9239167705189015,GALL,236.0
0.9022465105818773,0.8748347621682647,0.9239167705189015,GALL,238.0
0.9022465105818773,0.8748347621682647,0.9239167705189015,GALL,239.0
0.9003785053839856,0.8727524709466364,0.922274697811721,GALL,245.0
0.9003785053839856,0.8727524709466364,0.922274697811721,GALL,246.0
0.9003785053839856,0.8727524709466364,0.922274697811721,GALL,248.0
0.9003785053839856,0.8727524709466364,0.922274697811721,GALL,250.0
0.8984988007798442,0.8706581728329453,0.9206208551251369,GALL,252.0
0.8984988007798442,0.8706581728329453,0.9206208551251369,GALL,256.0
0.8984988007798442,0.8706581728329453,0.9206208551251369,GALL,262.0
0.8966111982571973,0.8685568104816613,0.9189581599467883,GALL,266.0
0.8966111982571973,0.8685568104816613,0.9189581599467883,GALL,267.0
0.8947156143285351,0.8664482690912876,0.9172865689016265,GALL,270.0
0.8947156143285351,0.8664482690912876,0.9172865689016265,GALL,272.0
0.8947156143285351,0.8664482690912876,0.9172865689016265,GALL,274.0
0.8928119640852826,0.864332433189394,0.915606035944155,GALL,289.0
0.890908313842031,0.8622196733424252,0.9139227968568538,GALL,301.0
0.8890046635987786,0.8601099070664876,0.912236915187269,GALL,318.0
0.8871010133555259,0.8580030559012043,0.9105484517497228,GALL,326.0
0.8851973631122736,0.8558990451394328,0.9088574647876968,GALL,328.0
0.8832937128690218,0.8537978035799136,0.90716401012393,GALL,339.0
0.8832937128690218,0.8537978035799136,0.90716401012393,GALL,342.0
0.8832937128690218,0.8537978035799136,0.90716401012393,GALL,346.0
0.8832937128690218,0.8537978035799136,0.90716401012393,GALL,351.0
0.8832937128690218,0.8537978035799136,0.90716401012393,GALL,353.0
0.8832937128690218,0.8537978035799136,0.90716401012393,GALL,354.0
0.8813651239762947,0.851667551737527,0.9054486958275177,GALL,355.0
0.8813651239762947,0.851667551737527,0.9054486958275177,GALL,357.0
0.8813651239762947,0.851667551737527,0.9054486958275177,GALL,358.0
0.8813651239762947,0.851667551737527,0.9054486958275177,GALL,359.0
0.8813651239762947,0.851667551737527,0.9054486958275177,GALL,360.0
0.8813651239762947,0.851667551737527,0.9054486958275177,GALL,361.0
0.8813651239762947,0.851667551737527,0.9054486958275177,GALL,362.0
0.8813651239762947,0.851667551737527,0.9054486958275177,GALL,363.0
0.8813651239762947,0.851667551737527,0.9054486958275177,GALL,364.0
0.8813651239762947,0.851667551737527,0.9054486958275177,GALL,365.0
0.8813651239762947,0.851667551737527,0.9054486958275177,GALL,366.0
0.8771277916494854,0.8469276767318177,0.901717271983816,GALL,367.0
0.8771277916494854,0.8469276767318177,0.901717271983816,GALL,368.0
0.8771277916494854,0.8469276767318177,0.901717271983816,GALL,369.0
0.8771277916494854,0.8469276767318177,0.901717271983816,GALL,370.0
0.8771277916494854,0.8469276767318177,0.901717271983816,GALL,373.0
0.8749458817200092,0.8444817077686625,0.8997985742032331,GALL,376.0
0.8749458817200092,0.8444817077686625,0.8997985742032331,GALL,378.0
0.8749458817200092,0.8444817077686625,0.8997985742032331,GALL,379.0
0.8727419878113943,0.8420116203719774,0.8978597023892549,GALL,380.0
0.8727419878113943,0.8420116203719774,0.8978597023892549,GALL,381.0
0.8705156051894268,0.8395168274158423,0.895900237796087,GALL,383.0
0.8705156051894268,0.8395168274158423,0.895900237796087,GALL,385.0
0.8705156051894268,0.8395168274158423,0.895900237796087,GALL,386.0
0.8705156051894268,0.8395168274158423,0.895900237796087,GALL,389.0
0.8705156051894268,0.8395168274158423,0.895900237796087,GALL,390.0
0.8705156051894268,0.8395168274158423,0.895900237796087,GALL,391.0
0.8705156051894268,0.8395168274158423,0.895900237796087,GALL,392.0
0.8705156051894268,0.8395168274158423,0.895900237796087,GALL,393.0
0.8705156051894268,0.8395168274158423,0.895900237796087,GALL,396.0
0.8705156051894268,0.8395168274158423,0.895900237796087,GALL,397.0
0.8682126538529467,0.8369266462729326,0.8938793652733371,GALL,398.0
0.8682126538529467,0.8369266462729326,0.8938793652733371,GALL,403.0
0.8682126538529467,0.8369266462729326,0.8938793652733371,GALL,405.0
0.8658974201093392,0.8343256144821883,0.8918453049058037,GALL,406.0
0.8658974201093392,0.8343256144821883,0.8918453049058037,GALL,409.0
0.8658974201093392,0.8343256144821883,0.8918453049058037,GALL,410.0
0.8635697388724863,0.831713494988395,0.8897979459768425,GALL,415.0
0.8612420576356331,0.829106506917586,0.8877467085648387,GALL,419.0
0.8589143763987803,0.826504488507629,0.885691692515144,GALL,423.0
0.8589143763987803,0.826504488507629,0.885691692515144,GALL,428.0
0.8542463634835689,0.8212984211597636,0.8815610347005844,GALL,429.0
0.8542463634835689,0.8212984211597636,0.8815610347005844,GALL,432.0
0.8518995328146578,0.8186858036677563,0.8794805392646314,GALL,433.0
0.8518995328146578,0.8186858036677563,0.8794805392646314,GALL,435.0
0.8518995328146578,0.8186858036677563,0.8794805392646314,GALL,436.0
0.8495265536146173,0.8160440559467069,0.8773765029771117,GALL,438.0
0.8495265536146173,0.8160440559467069,0.8773765029771117,GALL,441.0
0.8495265536146173,0.8160440559467069,0.8773765029771117,GALL,446.0
0.8471267610902822,0.8133724083725054,0.875248368128998,GALL,449.0
0.8471267610902822,0.8133724083725054,0.875248368128998,GALL,450.0
0.8471267610902822,0.8133724083725054,0.875248368128998,GALL,451.0
0.8471267610902822,0.8133724083725054,0.875248368128998,GALL,452.0
0.8471267610902822,0.8133724083725054,0.875248368128998,GALL,453.0
0.8471267610902822,0.8133724083725054,0.875248368128998,GALL,454.0
0.8446641832964149,0.810624430235056,0.8730686841386263,GALL,467.0
0.8422016055025479,0.8078816088670052,0.8708850940093723,GALL,491.0
0.8397390277086811,0.8051437924869146,0.8686976921168035,GALL,492.0
0.8372764499148143,0.8024108373083244,0.8665065683386557,GALL,498.0
0.8348138721209466,0.7996826069763713,0.8643118083565181,GALL,499.0
0.8323512943270798,0.7969589720537518,0.8621134939313077,GALL,501.0
0.8274261387393455,0.7915250024959104,0.857706510683116,GALL,505.0
0.8249635609454783,0.7888144395401341,0.8554979879439342,GALL,508.0
0.8225009831516117,0.7861080145960653,0.8532862033365627,GALL,513.0
0.8200384053577443,0.7834056265042612,0.8510712224092828,GALL,516.0
0.8175758275638768,0.780707178726608,0.8488531080257898,GALL,535.0
0.81511324977001,0.778012579063428,0.8466319205185756,GALL,554.0
0.8126506719761427,0.7753217393922331,0.8444077178309116,GALL,557.0
0.8101880941822759,0.7726345754261659,0.8421805556484747,GALL,572.0
0.8077255163884091,0.7699510064903489,0.8399504875215241,GALL,581.0
0.8052629385945417,0.7672709553145803,0.8377175649784716,GALL,583.0
0.8028003608006746,0.7645943478409466,0.8354818376315813,GALL,586.0
0.8003377830068074,0.7619211130450736,0.8332433532754607,GALL,600.0
0.7978752052129401,0.7592511827698755,0.8310021579789538,GALL,627.0
0.7954126274190731,0.7565844915707514,0.8287582961709695,GALL,630.0
0.7954126274190731,0.7565844915707514,0.8287582961709695,GALL,645.0
0.7954126274190731,0.7565844915707514,0.8287582961709695,GALL,649.0
0.7954126274190731,0.7565844915707514,0.8287582961709695,GALL,653.0
0.7929269629583886,0.7538925087455443,0.8264933349747047,GALL,657.0
0.7904412984977042,0.7512037715522059,0.8242257035119771,GALL,660.0
0.7879556340370193,0.7485182179569864,0.8219554440229817,GALL,661.0
0.7854699695763351,0.745835788305492,0.8196825972942333,GALL,664.0
0.7854699695763351,0.745835788305492,0.8196825972942333,GALL,666.0
0.7829764141173624,0.7431467531123156,0.8174008500382315,GALL,675.0
0.7804828586583898,0.7404607712660892,0.8151165642578231,GALL,677.0
0.7804828586583898,0.7404607712660892,0.8151165642578231,GALL,678.0
0.7804828586583898,0.7404607712660892,0.8151165642578231,GALL,680.0
0.7804828586583898,0.7404607712660892,0.8151165642578231,GALL,684.0
0.7804828586583898,0.7404607712660892,0.8151165642578231,GALL,696.0
0.7804828586583898,0.7404607712660892,0.8151165642578231,GALL,704.0
0.7804828586583898,0.7404607712660892,0.8151165642578231,GALL,707.0
0.7804828586583898,0.7404607712660892,0.8151165642578231,GALL,712.0
0.7779322610810752,0.7377079066857137,0.8127838487182295,GALL,718.0
0.7779322610810752,0.7377079066857137,0.8127838487182295,GALL,719.0
0.7779322610810752,0.7377079066857137,0.8127838487182295,GALL,720.0
0.7779322610810752,0.7377079066857137,0.8127838487182295,GALL,722.0
0.7779322610810752,0.7377079066857137,0.8127838487182295,GALL,723.0
0.7753217501378501,0.7348846289144353,0.8104004292800423,GALL,724.0
0.7753217501378501,0.7348846289144353,0.8104004292800423,GALL,725.0
0.7753217501378501,0.7348846289144353,0.8104004292800423,GALL,726.0
0.7753217501378501,0.7348846289144353,0.8104004292800423,GALL,727.0
0.7726013229443839,0.731928938474705,0.8079266533588058,GALL,728.0
0.7726013229443839,0.731928938474705,0.8079266533588058,GALL,729.0
0.7698020427887889,0.728879226685465,0.8053873252825063,GALL,730.0
0.7698020427887889,0.728879226685465,0.8053873252825063,GALL,731.0
0.7698020427887889,0.728879226685465,0.8053873252825063,GALL,733.0
0.7698020427887889,0.728879226685465,0.8053873252825063,GALL,734.0
0.7698020427887889,0.728879226685465,0.8053873252825063,GALL,736.0
0.7698020427887889,0.728879226685465,0.8053873252825063,GALL,737.0
0.7698020427887889,0.728879226685465,0.8053873252825063,GALL,740.0
0.7698020427887889,0.728879226685465,0.8053873252825063,GALL,741.0
0.7698020427887889,0.728879226685465,0.8053873252825063,GALL,742.0
0.7698020427887889,0.728879226685465,0.8053873252825063,GALL,743.0
0.7698020427887889,0.728879226685465,0.8053873252825063,GALL,744.0
0.7666210426119753,0.7253502397448958,0.8025496465144444,GALL,745.0
0.7666210426119753,0.7253502397448958,0.8025496465144444,GALL,746.0
0.7666210426119753,0.7253502397448958,0.8025496465144444,GALL,747.0
0.7666210426119753,0.7253502397448958,0.8025496465144444,GALL,748.0
0.7666210426119753,0.7253502397448958,0.8025496465144444,GALL,755.0
0.7666210426119753,0.7253502397448958,0.8025496465144444,GALL,756.0
0.7633588254093714,0.7217241720166268,0.7996449202097401,GALL,758.0
0.7633588254093714,0.7217241720166268,0.7996449202097401,GALL,760.0
0.7633588254093714,0.7217241720166268,0.7996449202097401,GALL,761.0
0.7633588254093714,0.7217241720166268,0.7996449202097401,GALL,762.0
0.7633588254093714,0.7217241720166268,0.7996449202097401,GALL,764.0
0.7633588254093714,0.7217241720166268,0.7996449202097401,GALL,765.0
0.7633588254093714,0.7217241720166268,0.7996449202097401,GALL,767.0
0.7633588254093714,0.7217241720166268,0.7996449202097401,GALL,769.0
0.7633588254093714,0.7217241720166268,0.7996449202097401,GALL,771.0
0.7633588254093714,0.7217241720166268,0.7996449202097401,GALL,778.0
0.7633588254093714,0.7217241720166268,0.7996449202097401,GALL,779.0
0.7633588254093714,0.7217241720166268,0.7996449202097401,GALL,795.0
0.7598731686723421,0.7178155797466003,0.7965674087671623,GALL,806.0
0.7598731686723421,0.7178155797466003,0.7965674087671623,GALL,810.0
0.756371449001041,0.713896377430631,0.793470366854046,GALL,812.0
0.7528534422615014,0.7099661779711085,0.7903536835139467,GALL,813.0
0.7528534422615014,0.7099661779711085,0.7903536835139467,GALL,815.0
0.749302246779136,0.7060028567407857,0.7872048559361388,GALL,818.0
0.749302246779136,0.7060028567407857,0.7872048559361388,GALL,821.0
0.7457341408420926,0.7020277304600828,0.7840359019578914,GALL,834.0
0.7421660349050491,0.6980626735835097,0.7808594867931061,GALL,839.0
0.7385979289680055,0.6941073804502506,0.7776758109596056,GALL,858.0
0.7350298230309623,0.6901615628938097,0.7744850631860354,GALL,876.0
0.7314617170939188,0.6862249489185485,0.7712874213560553,GALL,880.0
0.7278936111568749,0.6822972815025541,0.7680830533560422,GALL,931.0
0.7278936111568749,0.6822972815025541,0.7680830533560422,GALL,950.0
0.7243079283432946,0.6783558925156871,0.7648587306443757,GALL,971.0
0.7207222455297136,0.6744231487182449,0.761627869740494,GALL,976.0
0.7171365627161328,0.6704988249685199,0.7583906174575067,GALL,983.0
0.7171365627161328,0.6704988249685199,0.7583906174575067,GALL,1010.0
0.7135328613959513,0.666559901645361,0.7551332673536771,GALL,1028.0
0.7135328613959513,0.666559901645361,0.7551332673536771,GALL,1042.0
0.7135328613959513,0.666559901645361,0.7551332673536771,GALL,1044.0
0.7135328613959513,0.666559901645361,0.7551332673536771,GALL,1051.0
0.7135328613959513,0.666559901645361,0.7551332673536771,GALL,1053.0
0.7135328613959513,0.666559901645361,0.7551332673536771,GALL,1061.0
0.7135328613959513,0.666559901645361,0.7551332673536771,GALL,1065.0
0.709797087252517,0.6624615545667315,0.7517685816093387,GALL,1068.0
0.709797087252517,0.6624615545667315,0.7517685816093387,GALL,1069.0
0.709797087252517,0.6624615545667315,0.7517685816093387,GALL,1076.0
0.709797087252517,0.6624615545667315,0.7517685816093387,GALL,1077.0
0.709797087252517,0.6624615545667315,0.7517685816093387,GALL,1081.0
0.709797087252517,0.6624615545667315,0.7517685816093387,GALL,1083.0
0.7059394943870143,0.6582169256252098,0.748304433222377,GALL,1084.0
0.7059394943870143,0.6582169256252098,0.748304433222377,GALL,1086.0
0.7059394943870143,0.6582169256252098,0.748304433222377,GALL,1088.0
0.7059394943870143,0.6582169256252098,0.748304433222377,GALL,1089.0
0.7059394943870143,0.6582169256252098,0.748304433222377,GALL,1090.0
0.7059394943870143,0.6582169256252098,0.748304433222377,GALL,1091.0
0.7059394943870143,0.6582169256252098,0.748304433222377,GALL,1092.0
0.7059394943870143,0.6582169256252098,0.748304433222377,GALL,1093.0
0.7059394943870143,0.6582169256252098,0.748304433222377,GALL,1094.0
0.7059394943870143,0.6582169256252098,0.748304433222377,GALL,1095.0
0.7059394943870143,0.6582169256252098,0.748304433222377,GALL,1096.0
0.7059394943870143,0.6582169256252098,0.748304433222377,GALL,1097.0
0.7059394943870143,0.6582169256252098,0.748304433222377,GALL,1098.0
0.7059394943870143,0.6582169256252098,0.748304433222377,GALL,1101.0
0.7059394943870143,0.6582169256252098,0.748304433222377,GALL,1102.0
0.7059394943870143,0.6582169256252098,0.748304433222377,GALL,1109.0
0.7059394943870143,0.6582169256252098,0.748304433222377,GALL,1112.0
0.7059394943870143,0.6582169256252098,0.748304433222377,GALL,1116.0
0.7012643983976962,0.6529075384914297,0.7442372086816944,GALL,1118.0
0.7012643983976962,0.6529075384914297,0.7442372086816944,GALL,1119.0
0.6965579259252281,0.6475774574582014,0.740132092595885,GALL,1128.0
0.6965579259252281,0.6475774574582014,0.740132092595885,GALL,1133.0
0.6965579259252281,0.6475774574582014,0.740132092595885,GALL,1135.0
0.6965579259252281,0.6475774574582014,0.740132092595885,GALL,1137.0
0.6965579259252281,0.6475774574582014,0.740132092595885,GALL,1156.0
0.6917207181063026,0.642092725948116,0.7359194456055687,GALL,1158.0
0.6917207181063026,0.642092725948116,0.7359194456055687,GALL,1159.0
0.6917207181063026,0.642092725948116,0.7359194456055687,GALL,1162.0
0.6917207181063026,0.642092725948116,0.7359194456055687,GALL,1192.0
0.6867798558341148,0.6364910324576787,0.7316174692421862,GALL,1204.0
0.6818389935619275,0.6309130661086528,0.727298032669585,GALL,1210.0
0.6768981312897394,0.6253578772364856,0.7229618042690431,GALL,1213.0
0.6719572690175517,0.6198245891380618,0.718609396587453,GALL,1240.0
0.6670164067453637,0.6143123906578004,0.7142413724824986,GALL,1263.0
0.6620755444731755,0.6088205297325977,0.7098582504201435,GALL,1268.0
0.6571346822009878,0.6033483077468633,0.7054605090620164,GALL,1292.0
0.6521938199287998,0.5978950745756857,0.701048591254764,GALL,1308.0
0.6521938199287998,0.5978950745756857,0.701048591254764,GALL,1338.0
0.6472152411507174,0.5924112428090547,0.6965952132648315,GALL,1347.0
0.642236662372635,0.5869457799661207,0.6921280539151375,GALL,1354.0
0.6372580835945525,0.5814981308875266,0.6876474865626122,GALL,1359.0
0.6372580835945525,0.5814981308875266,0.6876474865626122,GALL,1399.0
0.6322403034087686,0.5760174195826331,0.6831247050994578,GALL,1401.0
0.627222523222985,0.5705540563934661,0.6785887984819217,GALL,1409.0
0.622204743037201,0.5651075615939898,0.6740400857306922,GALL,1411.0
0.6171869628514167,0.5596774852965372,0.6694788646414696,GALL,1414.0
0.6121280533198478,0.5542113031016984,0.664874338777064,GALL,1418.0
0.6121280533198478,0.5542113031016984,0.664874338777064,GALL,1440.0
0.6121280533198478,0.5542113031016984,0.664874338777064,GALL,1442.0
0.6121280533198478,0.5542113031016984,0.664874338777064,GALL,1444.0
0.6068510873429527,0.5484840603597237,0.6600936680659161,GALL,1449.0
0.6068510873429527,0.5484840603597237,0.6600936680659161,GALL,1450.0
0.6068510873429527,0.5484840603597237,0.6600936680659161,GALL,1451.0
0.6068510873429527,0.5484840603597237,0.6600936680659161,GALL,1456.0
0.6068510873429527,0.5484840603597237,0.6600936680659161,GALL,1457.0
0.6068510873429527,0.5484840603597237,0.6600936680659161,GALL,1458.0
0.6068510873429527,0.5484840603597237,0.6600936680659161,GALL,1459.0
0.6068510873429527,0.5484840603597237,0.6600936680659161,GALL,1460.0
0.6068510873429527,0.5484840603597237,0.6600936680659161,GALL,1461.0
0.6068510873429527,0.5484840603597237,0.6600936680659161,GALL,1462.0
0.6068510873429527,0.5484840603597237,0.6600936680659161,GALL,1465.0
0.6068510873429527,0.5484840603597237,0.6600936680659161,GALL,1467.0
0.6068510873429527,0.5484840603597237,0.6600936680659161,GALL,1469.0
0.6068510873429527,0.5484840603597237,0.6600936680659161,GALL,1473.0
0.6068510873429527,0.5484840603597237,0.6600936680659161,GALL,1475.0
0.6068510873429527,0.5484840603597237,0.6600936680659161,GALL,1482.0
0.6068510873429527,0.5484840603597237,0.6600936680659161,GALL,1486.0
0.6068510873429527,0.5484840603597237,0.6600936680659161,GALL,1488.0
0.6068510873429527,0.5484840603597237,0.6600936680659161,GALL,1489.0
0.6068510873429527,0.5484840603597237,0.6600936680659161,GALL,1490.0
0.6068510873429527,0.5484840603597237,0.6600936680659161,GALL,1495.0
0.6068510873429527,0.5484840603597237,0.6600936680659161,GALL,1499.0
0.6068510873429527,0.5484840603597237,0.6600936680659161,GALL,1520.0
0.6068510873429527,0.5484840603597237,0.6600936680659161,GALL,1531.0
0.599265448751166,0.53964996248182,0.6537261700716546,GALL,1543.0
0.5916798101593791,0.5308914728981107,0.6473022899301596,GALL,1565.0
0.5840941715675924,0.5222041297274688,0.6408254743846115,GALL,1581.0
0.5765085329758053,0.5135839962683157,0.6342987194269191,GALL,1612.0
0.5689228943840182,0.5050275801055187,0.6277246446867754,GALL,1617.0
0.5689228943840182,0.5050275801055187,0.6277246446867754,GALL,1626.0
0.5689228943840182,0.5050275801055187,0.6277246446867754,GALL,1679.0
0.5611294300773879,0.49624717569497034,0.6209684032041811,GALL,1734.0
0.5533359657707576,0.48753101377881664,0.6141644492461827,GALL,1743.0
0.5455425014641273,0.47887612885897896,0.6073149443530556,GALL,1752.0
0.5455425014641273,0.47887612885897896,0.6073149443530556,GALL,1764.0
0.5455425014641273,0.47887612885897896,0.6073149443530556,GALL,1766.0
0.5375198176190663,0.4699712340992161,0.6002673350290362,GALL,1771.0
0.5294971337740056,0.4611293381212647,0.5931728249915244,GALL,1772.0
0.5294971337740056,0.4611293381212647,0.5931728249915244,GALL,1788.0
0.5294971337740056,0.4611293381212647,0.5931728249915244,GALL,1797.0
0.5294971337740056,0.4611293381212647,0.5931728249915244,GALL,1804.0
0.5210924173648945,0.4518356353277504,0.585775547026623,GALL,1812.0
0.5210924173648945,0.4518356353277504,0.585775547026623,GALL,1814.0
0.5210924173648945,0.4518356353277504,0.585775547026623,GALL,1815.0
0.5210924173648945,0.4518356353277504,0.585775547026623,GALL,1817.0
0.5210924173648945,0.4518356353277504,0.585775547026623,GALL,1818.0
0.5210924173648945,0.4518356353277504,0.585775547026623,GALL,1820.0
0.5210924173648945,0.4518356353277504,0.585775547026623,GALL,1822.0
0.5210924173648945,0.4518356353277504,0.585775547026623,GALL,1823.0
0.5210924173648945,0.4518356353277504,0.585775547026623,GALL,1824.0
0.5210924173648945,0.4518356353277504,0.585775547026623,GALL,1825.0
1.0,1.0,1.0,FLWC,0.0
0.9971988795518211,0.9802836900487302,0.9996049490323156,FLWC,3.0
0.9943977591036419,0.9777871841539496,0.9985959424818482,FLWC,5.0
0.9915966386554623,0.9741739627614769,0.9972819937467481,FLWC,13.0
0.9887955182072831,0.9704242084281597,0.9957799730208456,FLWC,14.0
0.9859864400305577,0.966661885269224,0.9941431923338787,FLWC,15.0
0.9831773618538325,0.9629399259230217,0.9924070417865468,FLWC,19.0
0.9803682836771075,0.9592630566274288,0.990592506735111,FLWC,21.0
0.9775592055003826,0.9556295527213508,0.9887139838862642,FLWC,24.0
0.9747501273236573,0.9520359877255854,0.9867818677377171,FLWC,34.0
0.9691319709702071,0.9449543047518345,0.9827862952007093,FLWC,41.0
0.9663228927934813,0.9414597301879825,0.9807336604908873,FLWC,48.0
0.9635138146167558,0.9379923134979096,0.9786499277128158,FLWC,53.0
0.9607047364400306,0.9345497226707767,0.9765382835328015,FLWC,55.0
0.9578956582633059,0.9311299221206524,0.9744013885248286,FLWC,61.0
0.9550865800865809,0.9277311303340423,0.9722414918166836,FLWC,62.0
0.9522775019098549,0.9243517821514382,0.9700605154125302,FLWC,66.0
0.9522775019098549,0.9243517821514382,0.9700605154125302,FLWC,71.0
0.9494601128509498,0.9209775426477187,0.9678548459354441,FLWC,78.0
0.946642723792045,0.9176204855503992,0.9656310555814227,FLWC,87.0
0.94382533473314,0.9142794767126378,0.9633904220335482,FLWC,90.0
0.9410079456742356,0.9109535050101054,0.9611340725515073,FLWC,99.0
0.9381905566153305,0.9076416647853713,0.95886300777072,FLWC,108.0
0.9353731675564252,0.9043431413043802,0.9565781208567073,FLWC,119.0
0.9325557784975206,0.9010571986387095,0.9542802130782798,FLWC,120.0
0.9297383894386155,0.8977831695108697,0.9519700065865144,FLWC,121.0
0.9269210003797108,0.894520446736688,0.9496481549897469,FLWC,127.0
0.9241036113208063,0.8912684759742603,0.9473152521727431,FLWC,131.0
0.921286222261901,0.88802674954782,0.9449718397042527,FLWC,153.0
0.9184688332029962,0.8847948011608396,0.9426184131000601,FLWC,155.0
0.912834055085186,0.8783585535499248,0.9378833004802128,FLWC,157.0
0.9100166660262813,0.8751534906965864,0.9355024194651758,FLWC,162.0
0.9071992769673767,0.8719566722440891,0.9331131416244357,FLWC,165.0
0.9043818879084715,0.8687677815727073,0.9307157985608477,FLWC,170.0
0.9043818879084715,0.8687677815727073,0.9307157985608477,FLWC,172.0
0.9043818879084715,0.8687677815727073,0.9307157985608477,FLWC,173.0
0.9043818879084715,0.8687677815727073,0.9307157985608477,FLWC,175.0
0.9043818879084715,0.8687677815727073,0.9307157985608477,FLWC,177.0
0.9043818879084715,0.8687677815727073,0.9307157985608477,FLWC,178.0
0.9043818879084715,0.8687677815727073,0.9307157985608477,FLWC,179.0
0.9043818879084715,0.8687677815727073,0.9307157985608477,FLWC,180.0
0.9043818879084715,0.8687677815727073,0.9307157985608477,FLWC,181.0
0.9043818879084715,0.8687677815727073,0.9307157985608477,FLWC,182.0
0.9043818879084715,0.8687677815727073,0.9307157985608477,FLWC,184.0
0.9043818879084715,0.8687677815727073,0.9307157985608477,FLWC,187.0
0.9043818879084715,0.8687677815727073,0.9307157985608477,FLWC,188.0
0.9014069474877195,0.8653701424236092,0.9281973763244745,FLWC,206.0
0.8984320070669684,0.861982397593075,0.9256701453017777,FLWC,207.0
0.8954471831232245,0.8585905641509544,0.9231273277617471,FLWC,210.0
0.8954471831232245,0.8585905641509544,0.9231273277617471,FLWC,212.0
0.892442326804019,0.8551805879083639,0.9205617963612174,FLWC,216.0
0.8894374704848131,0.8517797715040122,0.9179881554813202,FLWC,224.0
0.8894374704848131,0.8517797715040122,0.9179881554813202,FLWC,239.0
0.8864121729661578,0.8483600404962178,0.9153918073051855,FLWC,244.0
0.8833765148395617,0.8449350585399168,0.9127801747285678,FLWC,248.0
0.8833765148395617,0.8449350585399168,0.9127801747285678,FLWC,252.0
0.8833765148395617,0.8449350585399168,0.9127801747285678,FLWC,253.0
0.8803198486982483,0.841490339760557,0.9101456136419114,FLWC,270.0
0.877263182556935,0.8380541466654559,0.9075036008155903,FLWC,293.0
0.8742065164156212,0.834626161581783,0.9048543762081117,FLWC,299.0
0.8711498502743082,0.8312060886711875,0.9021981654310339,FLWC,313.0
0.8711498502743082,0.8312060886711875,0.9021981654310339,FLWC,323.0
0.8680824212240466,0.8277793867193499,0.8995271699912901,FLWC,330.0
0.8650149921737851,0.8243601936306618,0.8968495267076877,FLWC,337.0
0.8619475631235228,0.8209482605571552,0.8941654278963717,FLWC,344.0
0.8619475631235228,0.8209482605571552,0.8941654278963717,FLWC,352.0
0.8619475631235228,0.8209482605571552,0.8941654278963717,FLWC,353.0
0.8619475631235228,0.8209482605571552,0.8941654278963717,FLWC,354.0
0.8619475631235228,0.8209482605571552,0.8941654278963717,FLWC,356.0
0.8619475631235228,0.8209482605571552,0.8941654278963717,FLWC,357.0
0.8619475631235228,0.8209482605571552,0.8941654278963717,FLWC,358.0
0.8619475631235228,0.8209482605571552,0.8941654278963717,FLWC,359.0
0.8587786382590978,0.8174096788252223,0.8913990713505547,FLWC,362.0
0.8556097133946733,0.8138790827811425,0.8886259325356066,FLWC,363.0
0.8556097133946733,0.8138790827811425,0.8886259325356066,FLWC,364.0
0.8556097133946733,0.8138790827811425,0.8886259325356066,FLWC,365.0
0.8556097133946733,0.8138790827811425,0.8886259325356066,FLWC,366.0
0.8556097133946733,0.8138790827811425,0.8886259325356066,FLWC,367.0
0.8556097133946733,0.8138790827811425,0.8886259325356066,FLWC,368.0
0.8556097133946733,0.8138790827811425,0.8886259325356066,FLWC,371.0
0.8522278568199907,0.8100738039300639,0.8856881545356242,FLWC,373.0
0.8522278568199907,0.8100738039300639,0.8856881545356242,FLWC,374.0
0.8522278568199907,0.8100738039300639,0.8856881545356242,FLWC,376.0
0.8488052549853727,0.8062242466355557,0.8827124362018405,FLWC,380.0
0.8453826531507542,0.8023850107020017,0.8797286776048631,FLWC,381.0
0.8419600513161354,0.7985557086418792,0.8767371187368892,FLWC,383.0
0.8385374494815175,0.7947359796448136,0.873737985558161,FLWC,386.0
0.8351008205901994,0.7909070240668201,0.8707210158847295,FLWC,390.0
0.8351008205901994,0.7909070240668201,0.8707210158847295,FLWC,391.0
0.8351008205901994,0.7909070240668201,0.8707210158847295,FLWC,392.0
0.8316356719570451,0.7870497012921223,0.8676754460919156,FLWC,393.0
0.8316356719570451,0.7870497012921223,0.8676754460919156,FLWC,401.0
0.8281414044278139,0.7831633170719156,0.8646007947153451,FLWC,404.0
0.8281414044278139,0.7831633170719156,0.8646007947153451,FLWC,405.0
0.8281414044278139,0.7831633170719156,0.8646007947153451,FLWC,412.0
0.8281414044278139,0.7831633170719156,0.8646007947153451,FLWC,413.0
0.8281414044278139,0.7831633170719156,0.8646007947153451,FLWC,415.0
0.8245871494731883,0.779207440762848,0.8614739401626236,FLWC,418.0
0.8245871494731883,0.779207440762848,0.8614739401626236,FLWC,431.0
0.8245871494731883,0.779207440762848,0.8614739401626236,FLWC,433.0
0.8210019879537398,0.7752206257774323,0.8583164321213664,FLWC,441.0
0.8210019879537398,0.7752206257774323,0.8583164321213664,FLWC,444.0
0.8210019879537398,0.7752206257774323,0.8583164321213664,FLWC,450.0
0.8210019879537398,0.7752206257774323,0.8583164321213664,FLWC,451.0
0.8210019879537398,0.7752206257774323,0.8583164321213664,FLWC,452.0
0.8173203646893731,0.7711168088080994,0.8550793212967579,FLWC,482.0
0.8136387414250064,0.767023486426208,0.8518341583711744,FLWC,485.0
0.8099571181606404,0.7629403019694826,0.8485811595222454,FLWC,503.0
0.8062754948962737,0.7588669216038001,0.8453205288907234,FLWC,505.0
0.8025938716319069,0.7548030323859639,0.8420524595050163,FLWC,507.0
0.7989122483675406,0.7507483405305563,0.8387771341134947,FLWC,508.0
0.7952306251031742,0.7467025698555343,0.8354947259357801,FLWC,542.0
0.791549001838807,0.7426654603848353,0.8322053993426202,FLWC,544.0
0.7878673785744406,0.7386367670892735,0.8289093104726175,FLWC,596.0
0.7841857553100745,0.7346162587495657,0.8256066077929507,FLWC,630.0
0.7805041320457077,0.7306037169274979,0.822297432610292,FLWC,640.0
0.7768225087813413,0.7265989350330769,0.8189819195373104,FLWC,656.0
0.7731408855169745,0.7226017174770661,0.8156601969194516,FLWC,672.0
0.7694592622526081,0.7186118788996739,0.8123323872261311,FLWC,691.0
0.7694592622526081,0.7186118788996739,0.8123323872261311,FLWC,713.0
0.7694592622526081,0.7186118788996739,0.8123323872261311,FLWC,717.0
0.7694592622526081,0.7186118788996739,0.8123323872261311,FLWC,718.0
0.7694592622526081,0.7186118788996739,0.8123323872261311,FLWC,719.0
0.7694592622526081,0.7186118788996739,0.8123323872261311,FLWC,721.0
0.7694592622526081,0.7186118788996739,0.8123323872261311,FLWC,724.0
0.7694592622526081,0.7186118788996739,0.8123323872261311,FLWC,726.0
0.7694592622526081,0.7186118788996739,0.8123323872261311,FLWC,727.0
0.7694592622526081,0.7186118788996739,0.8123323872261311,FLWC,729.0
0.7694592622526081,0.7186118788996739,0.8123323872261311,FLWC,730.0
0.7694592622526081,0.7186118788996739,0.8123323872261311,FLWC,731.0
0.7694592622526081,0.7186118788996739,0.8123323872261311,FLWC,732.0
0.7694592622526081,0.7186118788996739,0.8123323872261311,FLWC,733.0
0.7694592622526081,0.7186118788996739,0.8123323872261311,FLWC,734.0
0.7694592622526081,0.7186118788996739,0.8123323872261311,FLWC,738.0
0.7694592622526081,0.7186118788996739,0.8123323872261311,FLWC,741.0
0.7694592622526081,0.7186118788996739,0.8123323872261311,FLWC,744.0
0.7694592622526081,0.7186118788996739,0.8123323872261311,FLWC,749.0
0.7694592622526081,0.7186118788996739,0.8123323872261311,FLWC,750.0
0.7694592622526081,0.7186118788996739,0.8123323872261311,FLWC,751.0
0.7694592622526081,0.7186118788996739,0.8123323872261311,FLWC,752.0
0.7694592622526081,0.7186118788996739,0.8123323872261311,FLWC,754.0
0.7694592622526081,0.7186118788996739,0.8123323872261311,FLWC,758.0
0.7694592622526081,0.7186118788996739,0.8123323872261311,FLWC,760.0
0.7651844885734268,0.7138676650960532,0.8085470983753681,FLWC,767.0
0.7651844885734268,0.7138676650960532,0.8085470983753681,FLWC,771.0
0.7651844885734268,0.7138676650960532,0.8085470983753681,FLWC,782.0
0.7651844885734268,0.7138676650960532,0.8085470983753681,FLWC,785.0
0.7651844885734268,0.7138676650960532,0.8085470983753681,FLWC,793.0
0.7651844885734268,0.7138676650960532,0.8085470983753681,FLWC,806.0
0.7651844885734268,0.7138676650960532,0.8085470983753681,FLWC,809.0
0.7651844885734268,0.7138676650960532,0.8085470983753681,FLWC,812.0
0.7651844885734268,0.7138676650960532,0.8085470983753681,FLWC,814.0
0.7651844885734268,0.7138676650960532,0.8085470983753681,FLWC,817.0
0.7651844885734268,0.7138676650960532,0.8085470983753681,FLWC,818.0
0.7651844885734268,0.7138676650960532,0.8085470983753681,FLWC,819.0
0.7605749434615381,0.7086947352382335,0.8045060550861016,FLWC,866.0
0.7559653983496505,0.7035397152960127,0.8004522021915949,FLWC,874.0
0.7513558532377621,0.6984019298250661,0.7963859354327497,FLWC,877.0
0.7467463081258737,0.6932807513088982,0.7923076231810233,FLWC,899.0
0.742136763013986,0.6881755957329092,0.7882176090216171,FLWC,962.0
0.742136763013986,0.6881755957329092,0.7882176090216171,FLWC,991.0
0.7328600534763114,0.6779363578330332,0.7799607324213415,FLWC,992.0
0.7282216987074738,0.6728392939084026,0.7758155820520001,FLWC,998.0
0.7235833439386367,0.6677566385365991,0.7716596631288632,FLWC,1031.0
0.7189449891697993,0.6626879577689281,0.7674932341194024,FLWC,1033.0
0.7096682796321242,0.6525909162910113,0.759129804486095,FLWC,1042.0
0.705029924863287,0.6475618135705918,0.7549332490372547,FLWC,1057.0
0.7003915700944495,0.6425451977992709,0.750727075890111,FLWC,1067.0
0.695753215325612,0.6375407499653821,0.7465114778945163,FLWC,1074.0
0.695753215325612,0.6375407499653821,0.7465114778945163,FLWC,1076.0
0.695753215325612,0.6375407499653821,0.7465114778945163,FLWC,1077.0
0.695753215325612,0.6375407499653821,0.7465114778945163,FLWC,1084.0
0.695753215325612,0.6375407499653821,0.7465114778945163,FLWC,1085.0
0.6909549172888838,0.6323459579464941,0.7421638996318569,FLWC,1089.0
0.6909549172888838,0.6323459579464941,0.7421638996318569,FLWC,1092.0
0.6909549172888838,0.6323459579464941,0.7421638996318569,FLWC,1093.0
0.6909549172888838,0.6323459579464941,0.7421638996318569,FLWC,1094.0
0.6909549172888838,0.6323459579464941,0.7421638996318569,FLWC,1095.0
0.6909549172888838,0.6323459579464941,0.7421638996318569,FLWC,1099.0
0.6909549172888838,0.6323459579464941,0.7421638996318569,FLWC,1101.0
0.6909549172888838,0.6323459579464941,0.7421638996318569,FLWC,1103.0
0.6858367327163732,0.626755764845937,0.7375641091425176,FLWC,1113.0
0.6807185481438631,0.6211826550983748,0.7329515496110977,FLWC,1116.0
0.6807185481438631,0.6211826550983748,0.7329515496110977,FLWC,1131.0
0.6807185481438631,0.6211826550983748,0.7329515496110977,FLWC,1134.0
0.6807185481438631,0.6211826550983748,0.7329515496110977,FLWC,1135.0
0.6754416601737556,0.6154221954480092,0.7282075765580749,FLWC,1138.0
0.6701647722036482,0.6096800420045722,0.7234499439558112,FLWC,1140.0
0.6701647722036482,0.6096800420045722,0.7234499439558112,FLWC,1141.0
0.6648460041702863,0.6039020015705066,0.7186475252518567,FLWC,1150.0
0.6595272361369239,0.5981418133155018,0.71383167887631,FLWC,1151.0
0.6595272361369239,0.5981418133155018,0.71383167887631,FLWC,1161.0
0.6595272361369239,0.5981418133155018,0.71383167887631,FLWC,1166.0
0.6595272361369239,0.5981418133155018,0.71383167887631,FLWC,1169.0
0.6595272361369239,0.5981418133155018,0.71383167887631,FLWC,1171.0
0.6595272361369239,0.5981418133155018,0.71383167887631,FLWC,1172.0
0.6539849904551011,0.5921129205964248,0.7088350102777332,FLWC,1174.0
0.6539849904551011,0.5921129205964248,0.7088350102777332,FLWC,1177.0
0.6539849904551011,0.5921129205964248,0.7088350102777332,FLWC,1180.0
0.6539849904551011,0.5921129205964248,0.7088350102777332,FLWC,1183.0
0.6539849904551011,0.5921129205964248,0.7088350102777332,FLWC,1188.0
0.6482482800125124,0.5858534191598825,0.703678952013643,FLWC,1206.0
0.6425115695699234,0.5796163491097622,0.698506232402363,FLWC,1212.0
0.6367748591273349,0.5734010403135676,0.6933172604046237,FLWC,1271.0
0.6310381486847467,0.5672068681941778,0.6881124160384552,FLWC,1280.0
0.6253014382421577,0.5610332499605557,0.6828920528794435,FLWC,1307.0
0.6195647277995694,0.5548796412420484,0.6776565002727324,FLWC,1325.0
0.6138280173569804,0.5487455330753027,0.6724060652957444,FLWC,1381.0
0.608091306914392,0.5426304492003561,0.6671410345045289,FLWC,1384.0
0.608091306914392,0.5426304492003561,0.6671410345045289,FLWC,1407.0
0.6022999611342549,0.5364654813505578,0.6618199039608751,FLWC,1425.0
0.6022999611342549,0.5364654813505578,0.6618199039608751,FLWC,1431.0
0.6022999611342549,0.5364654813505578,0.6618199039608751,FLWC,1437.0
0.6022999611342549,0.5364654813505578,0.6618199039608751,FLWC,1447.0
0.6022999611342549,0.5364654813505578,0.6618199039608751,FLWC,1448.0
0.6022999611342549,0.5364654813505578,0.6618199039608751,FLWC,1449.0
0.6022999611342549,0.5364654813505578,0.6618199039608751,FLWC,1451.0
0.6022999611342549,0.5364654813505578,0.6618199039608751,FLWC,1454.0
0.6022999611342549,0.5364654813505578,0.6618199039608751,FLWC,1455.0
0.6022999611342549,0.5364654813505578,0.6618199039608751,FLWC,1456.0
0.6022999611342549,0.5364654813505578,0.6618199039608751,FLWC,1457.0
0.5957532224262736,0.5293572434541615,0.6559201674910984,FLWC,1461.0
0.5957532224262736,0.5293572434541615,0.6559201674910984,FLWC,1468.0
0.5957532224262736,0.5293572434541615,0.6559201674910984,FLWC,1471.0
0.5957532224262736,0.5293572434541615,0.6559201674910984,FLWC,1478.0
0.5888258593748057,0.5217839324194078,0.6497228698521271,FLWC,1487.0
0.5888258593748057,0.5217839324194078,0.6497228698521271,FLWC,1489.0
0.5888258593748057,0.5217839324194078,0.6497228698521271,FLWC,1492.0
0.5817315719124586,0.5140290332484999,0.6433789906219165,FLWC,1494.0
0.5817315719124586,0.5140290332484999,0.6433789906219165,FLWC,1499.0
0.5745497006542796,0.5061989755398093,0.6369434648459741,FLWC,1508.0
0.5745497006542796,0.5061989755398093,0.6369434648459741,FLWC,1513.0
0.5745497006542796,0.5061989755398093,0.6369434648459741,FLWC,1514.0
0.5745497006542796,0.5061989755398093,0.6369434648459741,FLWC,1527.0
0.5745497006542796,0.5061989755398093,0.6369434648459741,FLWC,1529.0
0.5745497006542796,0.5061989755398093,0.6369434648459741,FLWC,1531.0
0.5745497006542796,0.5061989755398093,0.6369434648459741,FLWC,1532.0
0.5745497006542796,0.5061989755398093,0.6369434648459741,FLWC,1540.0
0.5745497006542796,0.5061989755398093,0.6369434648459741,FLWC,1549.0
0.566569843700748,0.49734988529715346,0.6299224108994249,FLWC,1583.0
0.5585899867472165,0.48855986922630773,0.6228581516146496,FLWC,1631.0
0.5585899867472165,0.48855986922630773,0.6228581516146496,FLWC,1639.0
0.550494479692909,0.4796724836005066,0.6156726384713782,FLWC,1663.0
0.550494479692909,0.4796724836005066,0.6156726384713782,FLWC,1690.0
0.5422781441751043,0.4706823464814056,0.6083612980573361,FLWC,1697.0
0.5340618086572998,0.46175108554353206,0.6010065812431324,FLWC,1730.0
0.5340618086572998,0.46175108554353206,0.6010065812431324,FLWC,1737.0
0.5340618086572998,0.46175108554353206,0.6010065812431324,FLWC,1773.0
0.525584637091311,0.4525329577137928,0.5934285825891326,FLWC,1786.0
0.525584637091311,0.4525329577137928,0.5934285825891326,FLWC,1803.0
0.525584637091311,0.4525329577137928,0.5934285825891326,FLWC,1810.0
0.525584637091311,0.4525329577137928,0.5934285825891326,FLWC,1819.0
0.525584637091311,0.4525329577137928,0.5934285825891326,FLWC,1820.0
0.525584637091311,0.4525329577137928,0.5934285825891326,FLWC,1824.0
0.525584637091311,0.4525329577137928,0.5934285825891326,FLWC,1825.0
1.0,1.0,1.0,FLUF,0.0
0.9958506224066391,0.9709133500322331,0.9994144604841684,FLUF,1.0
0.9917012448132786,0.9672283734691915,0.9979180195204704,FLUF,4.0
0.9875518672199175,0.9619057330123897,0.9959681924637418,FLUF,12.0
0.9875518672199175,0.9619057330123897,0.9959681924637418,FLUF,17.0
0.9833849817042218,0.9563398286111449,0.9937315535530121,FLUF,31.0
0.9792180961885255,0.9507951466580498,0.9912971762147892,FLUF,50.0
0.97505121067283,0.9453128325739659,0.9887138545027381,FLUF,55.0
0.9708843251571334,0.9398994074952055,0.9860127946158881,FLUF,71.0
0.9708843251571334,0.9398994074952055,0.9860127946158881,FLUF,76.0
0.9666994789280077,0.9345168882332938,0.98320639763478,FLUF,83.0
0.9625146326988825,0.9291980807570059,0.9803183822275433,FLUF,115.0
0.9583297864697571,0.9239366614585212,0.9773605043588247,FLUF,120.0
0.9541449402406315,0.9187269767866995,0.9743418596156012,FLUF,133.0
0.9541449402406315,0.9187269767866995,0.9743418596156012,FLUF,165.0
0.9541449402406315,0.9187269767866995,0.9743418596156012,FLUF,173.0
0.9541449402406315,0.9187269767866995,0.9743418596156012,FLUF,175.0
0.9541449402406315,0.9187269767866995,0.9743418596156012,FLUF,178.0
0.9541449402406315,0.9187269767866995,0.9743418596156012,FLUF,180.0
0.9541449402406315,0.9187269767866995,0.9743418596156012,FLUF,181.0
0.9541449402406315,0.9187269767866995,0.9743418596156012,FLUF,182.0
0.9541449402406315,0.9187269767866995,0.9743418596156012,FLUF,184.0
0.9541449402406315,0.9187269767866995,0.9743418596156012,FLUF,193.0
0.9541449402406315,0.9187269767866995,0.9743418596156012,FLUF,206.0
0.9541449402406315,0.9187269767866995,0.9743418596156012,FLUF,208.0
0.9541449402406315,0.9187269767866995,0.9743418596156012,FLUF,226.0
0.9541449402406315,0.9187269767866995,0.9743418596156012,FLUF,229.0
0.9541449402406315,0.9187269767866995,0.9743418596156012,FLUF,244.0
0.9541449402406315,0.9187269767866995,0.9743418596156012,FLUF,252.0
0.9541449402406315,0.9187269767866995,0.9743418596156012,FLUF,258.0
0.9541449402406315,0.9187269767866995,0.9743418596156012,FLUF,266.0
0.9493742155394286,0.9125204461212985,0.9709471773704057,FLUF,273.0
0.9446034908382255,0.9064155621946904,0.9674856940575621,FLUF,287.0
0.9446034908382255,0.9064155621946904,0.9674856940575621,FLUF,352.0
0.9446034908382255,0.9064155621946904,0.9674856940575621,FLUF,357.0
0.9446034908382255,0.9064155621946904,0.9674856940575621,FLUF,358.0
0.9446034908382255,0.9064155621946904,0.9674856940575621,FLUF,359.0
0.9446034908382255,0.9064155621946904,0.9674856940575621,FLUF,360.0
0.9446034908382255,0.9064155621946904,0.9674856940575621,FLUF,361.0
0.9446034908382255,0.9064155621946904,0.9674856940575621,FLUF,362.0
0.9446034908382255,0.9064155621946904,0.9674856940575621,FLUF,363.0
0.9446034908382255,0.9064155621946904,0.9674856940575621,FLUF,364.0
0.9446034908382255,0.9064155621946904,0.9674856940575621,FLUF,365.0
0.9446034908382255,0.9064155621946904,0.9674856940575621,FLUF,366.0
0.9392967296537408,0.8994396358953685,0.9636728405988465,FLUF,367.0
0.9338984725867656,0.8924290847822433,0.9597387284044875,FLUF,369.0
0.9338984725867656,0.8924290847822433,0.9597387284044875,FLUF,377.0
0.9338984725867656,0.8924290847822433,0.9597387284044875,FLUF,384.0
0.9338984725867656,0.8924290847822433,0.9597387284044875,FLUF,388.0
0.9283395531070829,0.885253801132667,0.9556490527824356,FLUF,389.0
0.9283395531070829,0.885253801132667,0.9556490527824356,FLUF,390.0
0.9283395531070829,0.885253801132667,0.9556490527824356,FLUF,394.0
0.9283395531070829,0.885253801132667,0.9556490527824356,FLUF,403.0
0.9283395531070829,0.885253801132667,0.9556490527824356,FLUF,423.0
0.9283395531070829,0.885253801132667,0.9556490527824356,FLUF,427.0
0.9226090620385212,0.8778958173710074,0.9513982853539978,FLUF,428.0
0.9226090620385212,0.8778958173710074,0.9513982853539978,FLUF,429.0
0.9226090620385212,0.8778958173710074,0.9513982853539978,FLUF,431.0
0.9226090620385212,0.8778958173710074,0.9513982853539978,FLUF,432.0
0.9167697641775174,0.8704651339078688,0.9470215262925143,FLUF,434.0
0.9109304663165145,0.8631409037263571,0.9425830199521411,FLUF,441.0
0.9109304663165145,0.8631409037263571,0.9425830199521411,FLUF,444.0
0.9109304663165145,0.8631409037263571,0.9425830199521411,FLUF,449.0
0.9050153334183548,0.8557842240860226,0.9380438574909303,FLUF,454.0
0.9050153334183548,0.8557842240860226,0.9380438574909303,FLUF,456.0
0.8990218543890941,0.8483867386622672,0.9334046023442739,FLUF,477.0
0.8930283753598337,0.8410707081569401,0.9287142063434938,FLUF,481.0
0.8870348963305728,0.8338272976754506,0.9239765867077901,FLUF,485.0
0.8810414173013121,0.8266492225405867,0.9191951222964116,FLUF,503.0
0.8750479382720517,0.8195304002647426,0.9143727548277686,FLUF,553.0
0.869054459242791,0.8124656951829268,0.90951206616895,FLUF,564.0
0.8630609802135306,0.8054507277215582,0.9046153384226124,FLUF,568.0
0.8630609802135306,0.8054507277215582,0.9046153384226124,FLUF,578.0
0.8570255887435063,0.7984200209143205,0.8996569542185533,FLUF,626.0
0.8509901972734816,0.7914335119257546,0.8946656698806716,FLUF,640.0
0.8509901972734816,0.7914335119257546,0.8946656698806716,FLUF,644.0
0.8449116958643854,0.784425865189527,0.889614212954686,FLUF,659.0
0.8388331944552897,0.777458137908838,0.8845323937214981,FLUF,686.0
0.8327546930461932,0.7705278638749702,0.8794216375987608,FLUF,721.0
0.8327546930461932,0.7705278638749702,0.8794216375987608,FLUF,726.0
0.8327546930461932,0.7705278638749702,0.8794216375987608,FLUF,727.0
0.8327546930461932,0.7705278638749702,0.8794216375987608,FLUF,729.0
0.8327546930461932,0.7705278638749702,0.8794216375987608,FLUF,730.0
0.8327546930461932,0.7705278638749702,0.8794216375987608,FLUF,731.0
0.8327546930461932,0.7705278638749702,0.8794216375987608,FLUF,732.0
0.8327546930461932,0.7705278638749702,0.8794216375987608,FLUF,735.0
0.8327546930461932,0.7705278638749702,0.8794216375987608,FLUF,738.0
0.8327546930461932,0.7705278638749702,0.8794216375987608,FLUF,739.0
0.8259843296880945,0.7626379464355248,0.8738178418898607,FLUF,741.0
0.8259843296880945,0.7626379464355248,0.8738178418898607,FLUF,745.0
0.8259843296880945,0.7626379464355248,0.8738178418898607,FLUF,748.0
0.8189844624873479,0.7544680934695824,0.8680255100772879,FLUF,750.0
0.811984595286601,0.7463581580528529,0.8621933408405752,FLUF,752.0
0.811984595286601,0.7463581580528529,0.8621933408405752,FLUF,757.0
0.811984595286601,0.7463581580528529,0.8621933408405752,FLUF,758.0
0.811984595286601,0.7463581580528529,0.8621933408405752,FLUF,760.0
0.811984595286601,0.7463581580528529,0.8621933408405752,FLUF,761.0
0.811984595286601,0.7463581580528529,0.8621933408405752,FLUF,784.0
0.804669418752488,0.7378464282084805,0.8561150041160956,FLUF,790.0
0.804669418752488,0.7378464282084805,0.8561150041160956,FLUF,795.0
0.804669418752488,0.7378464282084805,0.8561150041160956,FLUF,807.0
0.804669418752488,0.7378464282084805,0.8561150041160956,FLUF,808.0
0.804669418752488,0.7378464282084805,0.8561150041160956,FLUF,809.0
0.804669418752488,0.7378464282084805,0.8561150041160956,FLUF,810.0
0.804669418752488,0.7378464282084805,0.8561150041160956,FLUF,819.0
0.796932212802945,0.7287805604273875,0.8497197623594637,FLUF,836.0
0.796932212802945,0.7287805604273875,0.8497197623594637,FLUF,932.0
0.7891191518931128,0.7196789342778989,0.8432271309638852,FLUF,948.0
0.7813060909832801,0.7106501412225468,0.8366873901076843,FLUF,967.0
0.7734930300734468,0.701689122524223,0.8301029467154944,FLUF,980.0
0.7656799691636145,0.6927914470163673,0.8234759390571513,FLUF,994.0
0.7578669082537813,0.6839532119050019,0.8168082775628611,FLUF,1051.0
0.7500538473439485,0.6751709625404814,0.8101016776849781,FLUF,1069.0
0.7500538473439485,0.6751709625404814,0.8101016776849781,FLUF,1087.0
0.7500538473439485,0.6751709625404814,0.8101016776849781,FLUF,1094.0
0.7500538473439485,0.6751709625404814,0.8101016776849781,FLUF,1096.0
0.7500538473439485,0.6751709625404814,0.8101016776849781,FLUF,1101.0
0.7500538473439485,0.6751709625404814,0.8101016776849781,FLUF,1104.0
0.7500538473439485,0.6751709625404814,0.8101016776849781,FLUF,1116.0
0.7414325387537879,0.66530533584131,0.8028116402572769,FLUF,1124.0
0.7414325387537879,0.66530533584131,0.8028116402572769,FLUF,1125.0
0.7414325387537879,0.66530533584131,0.8028116402572769,FLUF,1130.0
0.7414325387537879,0.66530533584131,0.8028116402572769,FLUF,1134.0
0.7414325387537879,0.66530533584131,0.8028116402572769,FLUF,1139.0
0.7414325387537879,0.66530533584131,0.8028116402572769,FLUF,1142.0
0.7414325387537879,0.66530533584131,0.8028116402572769,FLUF,1149.0
0.7321646320193659,0.6545879538767672,0.7950481847703147,FLUF,1165.0
0.7321646320193659,0.6545879538767672,0.7950481847703147,FLUF,1170.0
0.7321646320193659,0.6545879538767672,0.7950481847703147,FLUF,1175.0
0.7226560004346986,0.6436202831080469,0.7870668046954296,FLUF,1225.0
0.7131473688500313,0.6327538053081794,0.7790203957216781,FLUF,1230.0
0.7131473688500313,0.6327538053081794,0.7790203957216781,FLUF,1385.0
0.7131473688500313,0.6327538053081794,0.7790203957216781,FLUF,1397.0
0.7131473688500313,0.6327538053081794,0.7790203957216781,FLUF,1431.0
0.7131473688500313,0.6327538053081794,0.7790203957216781,FLUF,1438.0
0.7131473688500313,0.6327538053081794,0.7790203957216781,FLUF,1453.0
0.7131473688500313,0.6327538053081794,0.7790203957216781,FLUF,1455.0
0.7131473688500313,0.6327538053081794,0.7790203957216781,FLUF,1457.0
0.7131473688500313,0.6327538053081794,0.7790203957216781,FLUF,1460.0
0.7131473688500313,0.6327538053081794,0.7790203957216781,FLUF,1461.0
0.7131473688500313,0.6327538053081794,0.7790203957216781,FLUF,1463.0
0.7131473688500313,0.6327538053081794,0.7790203957216781,FLUF,1465.0
0.7131473688500313,0.6327538053081794,0.7790203957216781,FLUF,1475.0
0.7131473688500313,0.6327538053081794,0.7790203957216781,FLUF,1476.0
0.7006360115017852,0.6174751936083335,0.7691033236983452,FLUF,1482.0
0.7006360115017852,0.6174751936083335,0.7691033236983452,FLUF,1485.0
0.7006360115017852,0.6174751936083335,0.7691033236983452,FLUF,1486.0
0.7006360115017852,0.6174751936083335,0.7691033236983452,FLUF,1489.0
0.6874164641149592,0.6013524272530674,0.7586342036250935,FLUF,1504.0
0.6874164641149592,0.6013524272530674,0.7586342036250935,FLUF,1514.0
0.6874164641149592,0.6013524272530674,0.7586342036250935,FLUF,1515.0
0.6730952877792306,0.5837896877681543,0.7473888096677548,FLUF,1535.0
0.6730952877792306,0.5837896877681543,0.7473888096677548,FLUF,1541.0
0.6730952877792306,0.5837896877681543,0.7473888096677548,FLUF,1543.0
0.6730952877792306,0.5837896877681543,0.7473888096677548,FLUF,1547.0
0.65779766760243,0.5650412150829857,0.7354071382131361,FLUF,1638.0
0.6425000474256294,0.5467069717842113,0.7231752981028801,FLUF,1782.0
0.6425000474256294,0.5467069717842113,0.7231752981028801,FLUF,1783.0
0.6425000474256294,0.5467069717842113,0.7231752981028801,FLUF,1812.0
0.6425000474256294,0.5467069717842113,0.7231752981028801,FLUF,1814.0
0.6425000474256294,0.5467069717842113,0.7231752981028801,FLUF,1819.0
0.6425000474256294,0.5467069717842113,0.7231752981028801,FLUF,1823.0
0.6425000474256294,0.5467069717842113,0.7231752981028801,FLUF,1825.0
1.0,1.0,1.0,FLMP,0.0
0.9943820224719099,0.9607942644254917,0.9992067176231318,FLMP,1.0
0.98876404494382,0.9558245517825563,0.9971780178825788,FLMP,11.0
0.9831460674157309,0.9486618359801388,0.9945329910378481,FLMP,14.0
0.9831460674157309,0.9486618359801388,0.9945329910378481,FLMP,17.0
0.9774958026604683,0.9411548952709966,0.991493977379919,FLMP,21.0
0.9718455379052048,0.933685248604289,0.9881841626434708,FLMP,38.0
0.9661952731499427,0.9263054440589575,0.9846699156105201,FLMP,46.0
0.9605450083946798,0.919022943472755,0.9809937017858271,FLMP,54.0
0.9548947436394166,0.9118332120937751,0.9771846829376097,FLMP,75.0
0.9492444788841536,0.9047287244454163,0.9732639343522534,FLMP,78.0
0.9435942141288913,0.8977017194006371,0.9692472882050729,FLMP,89.0
0.9379439493736286,0.8907450439872261,0.9651470047068194,FLMP,119.0
0.932293684618365,0.8838523583083816,0.9609728133407128,FLMP,121.0
0.9266434198631028,0.8770181220521609,0.9567325925593676,FLMP,142.0
0.9209931551078397,0.8702375120439615,0.9524328306999452,FLMP,147.0
0.9209931551078397,0.8702375120439615,0.9524328306999452,FLMP,150.0
0.909622869242311,0.8567112338004114,0.9436321964647068,FLMP,156.0
0.909622869242311,0.8567112338004114,0.9436321964647068,FLMP,169.0
0.909622869242311,0.8567112338004114,0.9436321964647068,FLMP,180.0
0.909622869242311,0.8567112338004114,0.9436321964647068,FLMP,181.0
0.909622869242311,0.8567112338004114,0.9436321964647068,FLMP,182.0
0.909622869242311,0.8567112338004114,0.9436321964647068,FLMP,188.0
0.909622869242311,0.8567112338004114,0.9436321964647068,FLMP,196.0
0.909622869242311,0.8567112338004114,0.9436321964647068,FLMP,206.0
0.909622869242311,0.8567112338004114,0.9436321964647068,FLMP,209.0
0.909622869242311,0.8567112338004114,0.9436321964647068,FLMP,259.0
0.909622869242311,0.8567112338004114,0.9436321964647068,FLMP,269.0
0.909622869242311,0.8567112338004114,0.9436321964647068,FLMP,271.0
0.909622869242311,0.8567112338004114,0.9436321964647068,FLMP,277.0
0.909622869242311,0.8567112338004114,0.9436321964647068,FLMP,356.0
0.909622869242311,0.8567112338004114,0.9436321964647068,FLMP,362.0
0.909622869242311,0.8567112338004114,0.9436321964647068,FLMP,363.0
0.909622869242311,0.8567112338004114,0.9436321964647068,FLMP,365.0
0.909622869242311,0.8567112338004114,0.9436321964647068,FLMP,368.0
0.909622869242311,0.8567112338004114,0.9436321964647068,FLMP,371.0
0.9030788198233021,0.8486379369963558,0.9386394704128329,FLMP,375.0
0.9030788198233021,0.8486379369963558,0.9386394704128329,FLMP,387.0
0.9030788198233021,0.8486379369963558,0.9386394704128329,FLMP,388.0
0.9030788198233021,0.8486379369963558,0.9386394704128329,FLMP,396.0
0.9030788198233021,0.8486379369963558,0.9386394704128329,FLMP,398.0
0.8961850883742694,0.8400838068747174,0.9333776563562434,FLMP,400.0
0.8961850883742694,0.8400838068747174,0.9333776563562434,FLMP,402.0
0.8961850883742694,0.8400838068747174,0.9333776563562434,FLMP,408.0
0.8961850883742694,0.8400838068747174,0.9333776563562434,FLMP,412.0
0.8890725083078073,0.8312787282552887,0.9279193704345052,FLMP,413.0
0.8890725083078073,0.8312787282552887,0.9279193704345052,FLMP,422.0
0.8890725083078073,0.8312787282552887,0.9279193704345052,FLMP,424.0
0.8890725083078073,0.8312787282552887,0.9279193704345052,FLMP,444.0
0.8890725083078073,0.8312787282552887,0.9279193704345052,FLMP,446.0
0.8890725083078073,0.8312787282552887,0.9279193704345052,FLMP,448.0
0.8890725083078073,0.8312787282552887,0.9279193704345052,FLMP,449.0
0.8816013107590023,0.8219977350756706,0.9221822093264103,FLMP,456.0
0.8741301132101971,0.8128401522343872,0.9163717075231285,FLMP,644.0
0.8666589156613916,0.8037914294481068,0.9104938457605638,FLMP,645.0
0.8591877181125868,0.7948397736283157,0.904553704101439,FLMP,656.0
0.8591877181125868,0.7948397736283157,0.904553704101439,FLMP,702.0
0.8516509837431782,0.7858746288321964,0.898514703866989,FLMP,720.0
0.8516509837431782,0.7858746288321964,0.898514703866989,FLMP,722.0
0.8516509837431782,0.7858746288321964,0.898514703866989,FLMP,726.0
0.843978452358105,0.7767851367951778,0.8923344898910667,FLMP,727.0
0.843978452358105,0.7767851367951778,0.8923344898910667,FLMP,729.0
0.8361638370584924,0.7675626711248629,0.8860090222174676,FLMP,731.0
0.8361638370584924,0.7675626711248629,0.8860090222174676,FLMP,732.0
0.8361638370584924,0.7675626711248629,0.8860090222174676,FLMP,735.0
0.8361638370584924,0.7675626711248629,0.8860090222174676,FLMP,742.0
0.8361638370584924,0.7675626711248629,0.8860090222174676,FLMP,749.0
0.8361638370584924,0.7675626711248629,0.8860090222174676,FLMP,751.0
0.8361638370584924,0.7675626711248629,0.8860090222174676,FLMP,783.0
0.8278849871866263,0.7577180370285643,0.8793359089777327,FLMP,784.0
0.8278849871866263,0.7577180370285643,0.8793359089777327,FLMP,800.0
0.8278849871866263,0.7577180370285643,0.8793359089777327,FLMP,804.0
0.8278849871866263,0.7577180370285643,0.8793359089777327,FLMP,810.0
0.8278849871866263,0.7577180370285643,0.8793359089777327,FLMP,812.0
0.8278849871866263,0.7577180370285643,0.8793359089777327,FLMP,817.0
0.8191704083741355,0.7473055323463529,0.8723294451874583,FLMP,861.0
0.810455829561645,0.7370055358283372,0.8652536693744772,FLMP,933.0
0.801741250749154,0.726807891705503,0.8581130131509364,FLMP,940.0
0.7930266719366629,0.7167040106172464,0.850911322324508,FLMP,974.0
0.7843120931241723,0.7066865633654041,0.8436519627840948,FLMP,1037.0
0.7755975143116813,0.6967492461257097,0.8363379020142466,FLMP,1053.0
0.7668829354991911,0.686886598069856,0.828971772893264,FLMP,1077.0
0.7668829354991911,0.686886598069856,0.828971772893264,FLMP,1086.0
0.7668829354991911,0.686886598069856,0.828971772893264,FLMP,1087.0
0.7668829354991911,0.686886598069856,0.828971772893264,FLMP,1092.0
0.7668829354991911,0.686886598069856,0.828971772893264,FLMP,1096.0
0.7668829354991911,0.686886598069856,0.828971772893264,FLMP,1108.0
0.7668829354991911,0.686886598069856,0.828971772893264,FLMP,1111.0
0.7668829354991911,0.686886598069856,0.828971772893264,FLMP,1126.0
0.7668829354991911,0.686886598069856,0.828971772893264,FLMP,1149.0
0.7569234168563441,0.6752912451328406,0.8207430389574701,FLMP,1154.0
0.7569234168563441,0.6752912451328406,0.8207430389574701,FLMP,1168.0
0.7569234168563441,0.6752912451328406,0.8207430389574701,FLMP,1171.0
0.7466947220339607,0.663417842137805,0.8122686266802283,FLMP,1177.0
0.7364660272115778,0.6516670209419897,0.8037167009917984,FLMP,1264.0
0.7364660272115778,0.6516670209419897,0.8037167009917984,FLMP,1304.0
0.7260932662649361,0.6398214911317541,0.7949981685445422,FLMP,1361.0
0.7260932662649361,0.6398214911317541,0.7949981685445422,FLMP,1416.0
0.7260932662649361,0.6398214911317541,0.7949981685445422,FLMP,1446.0
0.7260932662649361,0.6398214911317541,0.7949981685445422,FLMP,1454.0
0.7260932662649361,0.6398214911317541,0.7949981685445422,FLMP,1455.0
0.7260932662649361,0.6398214911317541,0.7949981685445422,FLMP,1456.0
0.7260932662649361,0.6398214911317541,0.7949981685445422,FLMP,1459.0
0.7260932662649361,0.6398214911317541,0.7949981685445422,FLMP,1462.0
0.7260932662649361,0.6398214911317541,0.7949981685445422,FLMP,1466.0
0.7260932662649361,0.6398214911317541,0.7949981685445422,FLMP,1469.0
0.7260932662649361,0.6398214911317541,0.7949981685445422,FLMP,1474.0
0.7260932662649361,0.6398214911317541,0.7949981685445422,FLMP,1494.0
0.7260932662649361,0.6398214911317541,0.7949981685445422,FLMP,1525.0
0.7131273150816335,0.6242007568601782,0.784626694784114,FLMP,1609.0
0.7001613638983311,0.6088410220149466,0.77410150805359,FLMP,1618.0
0.6871954127150286,0.5937167910176215,0.7634348657634669,FLMP,1649.0
0.6871954127150286,0.5937167910176215,0.7634348657634669,FLMP,1654.0
0.6871954127150286,0.5937167910176215,0.7634348657634669,FLMP,1728.0
0.6871954127150286,0.5937167910176215,0.7634348657634669,FLMP,1769.0
0.6871954127150286,0.5937167910176215,0.7634348657634669,FLMP,1790.0
0.6731710165371712,0.577217920617905,0.7520072493960163,FLMP,1791.0
0.6731710165371712,0.577217920617905,0.7520072493960163,FLMP,1799.0
0.6731710165371712,0.577217920617905,0.7520072493960163,FLMP,1813.0
0.6731710165371712,0.577217920617905,0.7520072493960163,FLMP,1822.0
0.6731710165371712,0.577217920617905,0.7520072493960163,FLMP,1823.0
0.6731710165371712,0.577217920617905,0.7520072493960163,FLMP,1824.0
0.6731710165371712,0.577217920617905,0.7520072493960163,FLMP,1825.0
0.997032640949555,0.9791241559448013,0.9995814739477258,FLFH,0.0
0.9910979228486653,0.9726556149921957,0.9971201991594841,FLFH,3.0
0.9881305637982198,0.9686863601835565,0.9955285922362611,FLFH,8.0
0.9881305637982198,0.9686863601835565,0.9955285922362611,FLFH,12.0
0.9851542669193099,0.9647028426138579,0.9937938791008732,FLFH,21.0
0.9821779700403993,0.960762445639947,0.9919537335846719,FLFH,31.0
0.9792016731614893,0.9568700746427239,0.9900304008373979,FLFH,33.0
0.9762253762825793,0.9530238500933648,0.9880391426714076,FLFH,34.0
0.9732490794036688,0.9492201112353122,0.9859909788154114,FLFH,43.0
0.9702727825247585,0.9454549686263557,0.9838941802681618,FLFH,44.0
0.9702727825247585,0.9454549686263557,0.9838941802681618,FLFH,53.0
0.9672873278092975,0.9417085265185371,0.9817500530962665,FLFH,61.0
0.964301873093837,0.937994670104102,0.9795684908755256,FLFH,78.0
0.964301873093837,0.937994670104102,0.9795684908755256,FLFH,90.0
0.9613071467798806,0.9342946716217824,0.9773482334489861,FLFH,93.0
0.9583124204659245,0.9306223008553977,0.9750978631747119,FLFH,101.0
0.9553176941519684,0.9269751848386533,0.9728202545314022,FLFH,105.0
0.9523229678380127,0.9233512709101704,0.9705178361576792,FLFH,110.0
0.9493282415240564,0.9197487720767205,0.9681926824574859,FLFH,112.0
0.9463335152101008,0.9161661229577183,0.9658465822877191,FLFH,116.0
0.9433387888961446,0.9126019442111449,0.9634810913773797,FLFH,123.0
0.9403440625821884,0.9090550136879211,0.9610975729593615,FLFH,154.0
0.9373493362682324,0.9055242429122682,0.9586972297052457,FLFH,161.0
0.9343546099542767,0.9020086577862808,0.9562811291384962,FLFH,172.0
0.9313502542952602,0.8984931767753236,0.9538437767651899,FLFH,174.0
0.9313502542952602,0.8984931767753236,0.9538437767651899,FLFH,176.0
0.9313502542952602,0.8984931767753236,0.9538437767651899,FLFH,177.0
0.9313502542952602,0.8984931767753236,0.9538437767651899,FLFH,180.0
0.9313502542952602,0.8984931767753236,0.9538437767651899,FLFH,181.0
0.9313502542952602,0.8984931767753236,0.9538437767651899,FLFH,182.0
0.9313502542952602,0.8984931767753236,0.9538437767651899,FLFH,184.0
0.9313502542952602,0.8984931767753236,0.9538437767651899,FLFH,209.0
0.9313502542952602,0.8984931767753236,0.9538437767651899,FLFH,211.0
0.9313502542952602,0.8984931767753236,0.9538437767651899,FLFH,216.0
0.9282038007334524,0.8947817037897745,0.9512973210554536,FLFH,222.0
0.9282038007334524,0.8947817037897745,0.9512973210554536,FLFH,223.0
0.9250466449486453,0.8910715740272129,0.94872853941484,FLFH,236.0
0.9250466449486453,0.8910715740272129,0.94872853941484,FLFH,243.0
0.9250466449486453,0.8910715740272129,0.94872853941484,FLFH,247.0
0.9250466449486453,0.8910715740272129,0.94872853941484,FLFH,250.0
0.9250466449486453,0.8910715740272129,0.94872853941484,FLFH,254.0
0.9250466449486453,0.8910715740272129,0.94872853941484,FLFH,259.0
0.9250466449486453,0.8910715740272129,0.94872853941484,FLFH,261.0
0.9250466449486453,0.8910715740272129,0.94872853941484,FLFH,265.0
0.9250466449486453,0.8910715740272129,0.94872853941484,FLFH,266.0
0.9217894384523472,0.8872304624631951,0.9460782902981092,FLFH,326.0
0.9217894384523472,0.8872304624631951,0.9460782902981092,FLFH,330.0
0.9185090489916626,0.8833735017842769,0.9433974734144562,FLFH,334.0
0.9152286595309782,0.8795342430433258,0.9407021303075864,FLFH,335.0
0.9152286595309782,0.8795342430433258,0.9407021303075864,FLFH,355.0
0.9152286595309782,0.8795342430433258,0.9407021303075864,FLFH,356.0
0.9119245849478335,0.8756772772801291,0.9379768931587019,FLFH,358.0
0.9119245849478335,0.8756772772801291,0.9379768931587019,FLFH,359.0
0.9119245849478335,0.8756772772801291,0.9379768931587019,FLFH,360.0
0.9119245849478335,0.8756772772801291,0.9379768931587019,FLFH,361.0
0.9119245849478335,0.8756772772801291,0.9379768931587019,FLFH,362.0
0.9119245849478335,0.8756772772801291,0.9379768931587019,FLFH,363.0
0.9119245849478335,0.8756772772801291,0.9379768931587019,FLFH,364.0
0.9119245849478335,0.8756772772801291,0.9379768931587019,FLFH,365.0
0.9119245849478335,0.8756772772801291,0.9379768931587019,FLFH,366.0
0.9119245849478335,0.8756772772801291,0.9379768931587019,FLFH,368.0
0.9119245849478335,0.8756772772801291,0.9379768931587019,FLFH,369.0
0.9119245849478335,0.8756772772801291,0.9379768931587019,FLFH,370.0
0.9083484101049012,0.8714392325510716,0.9350549559030238,FLFH,373.0
0.9047581001835379,0.8672031115332749,0.9321072643779307,FLFH,380.0
0.9047581001835379,0.8672031115332749,0.9321072643779307,FLFH,381.0
0.9011534862385835,0.8629676789417127,0.9291342870841652,FLFH,390.0
0.9011534862385835,0.8629676789417127,0.9291342870841652,FLFH,391.0
0.8975198028263311,0.8587106602681981,0.9261265496508376,FLFH,392.0
0.8975198028263311,0.8587106602681981,0.9261265496508376,FLFH,393.0
0.8975198028263311,0.8587106602681981,0.9261265496508376,FLFH,395.0
0.8975198028263311,0.8587106602681981,0.9261265496508376,FLFH,397.0
0.8938110433105193,0.8543652268345879,0.9230530900499743,FLFH,414.0
0.8938110433105193,0.8543652268345879,0.9230530900499743,FLFH,415.0
0.8938110433105193,0.8543652268345879,0.9230530900499743,FLFH,419.0
0.8938110433105193,0.8543652268345879,0.9230530900499743,FLFH,429.0
0.8900555347251811,0.8499731288833171,0.9199328447910317,FLFH,430.0
0.8900555347251811,0.8499731288833171,0.9199328447910317,FLFH,434.0
0.8900555347251811,0.8499731288833171,0.9199328447910317,FLFH,442.0
0.8862680643646486,0.8455557804482716,0.91677590036204,FLFH,443.0
0.8862680643646486,0.8455557804482716,0.91677590036204,FLFH,444.0
0.8862680643646486,0.8455557804482716,0.91677590036204,FLFH,447.0
0.8862680643646486,0.8455557804482716,0.91677590036204,FLFH,450.0
0.8823978981447156,0.8410402564555084,0.913547760549553,FLFH,453.0
0.8785277319247826,0.8365456937963444,0.9103046801454807,FLFH,476.0
0.8746575657048498,0.8320708608460989,0.9070473293561603,FLFH,491.0
0.8707873994849165,0.827614649944844,0.9037763225598572,FLFH,494.0
0.8669172332649833,0.8231760609288485,0.9004922247650474,FLFH,495.0
0.8630470670450506,0.818754187329174,0.8971955571135143,FLFH,526.0
0.8591769008251174,0.8143482047351112,0.8938868015989212,FLFH,551.0
0.8553067346051844,0.8099573609269759,0.8905664051360523,FLFH,554.0
0.8514365683852521,0.8055809674644611,0.8872347830887757,FLFH,556.0
0.8475664021653189,0.8012183924797426,0.8838923223438337,FLFH,561.0
0.8436962359453856,0.7968690544735234,0.8805393840012238,FLFH,588.0
0.8398260697254529,0.79253241695053,0.8771763057390438,FLFH,598.0
0.8359559035055201,0.7882079837612648,0.8738034039004936,FLFH,601.0
0.8320857372855865,0.7838952950408407,0.8704209753425572,FLFH,612.0
0.8282155710656537,0.7795939236549262,0.8670292990793146,FLFH,615.0
0.8243454048457213,0.7753034720782753,0.863628637747502,FLFH,634.0
0.8204752386257879,0.771023569643814,0.8602192389176098,FLFH,652.0
0.8166050724058551,0.7667538701104016,0.8568013362702294,FLFH,658.0
0.8127349061859219,0.7624940495056749,0.8533751506544027,FLFH,661.0
0.8088647399659891,0.7582438042072237,0.8499408910423231,FLFH,669.0
0.8049945737460561,0.7540028492309405,0.8464987553926577,FLFH,673.0
0.8049945737460561,0.7540028492309405,0.8464987553926577,FLFH,675.0
0.8049945737460561,0.7540028492309405,0.8464987553926577,FLFH,677.0
0.8049945737460561,0.7540028492309405,0.8464987553926577,FLFH,685.0
0.8010677709472943,0.7496979278102055,0.8430058054809094,FLFH,698.0
0.7971409681485332,0.7454023962028725,0.839504970608329,FLFH,705.0
0.7971409681485332,0.7454023962028725,0.839504970608329,FLFH,713.0
0.7971409681485332,0.7454023962028725,0.839504970608329,FLFH,722.0
0.7931552633077907,0.7410402909408207,0.8359514837955139,FLFH,724.0
0.7931552633077907,0.7410402909408207,0.8359514837955139,FLFH,728.0
0.7891085527807105,0.7366092275845788,0.8323435936057522,FLFH,729.0
0.7891085527807105,0.7366092275845788,0.8323435936057522,FLFH,730.0
0.7891085527807105,0.7366092275845788,0.8323435936057522,FLFH,734.0
0.7891085527807105,0.7366092275845788,0.8323435936057522,FLFH,739.0
0.7891085527807105,0.7366092275845788,0.8323435936057522,FLFH,759.0
0.7891085527807105,0.7366092275845788,0.8323435936057522,FLFH,761.0
0.7848887209476587,0.7319643238049058,0.8285964434956548,FLFH,773.0
0.780646079212807,0.7273015028708968,0.8248228931255355,FLFH,775.0
0.780646079212807,0.7273015028708968,0.8248228931255355,FLFH,779.0
0.7763802536433376,0.7226202669715117,0.8210226768530645,FLFH,784.0
0.7763802536433376,0.7226202669715117,0.8210226768530645,FLFH,785.0
0.7720908599767996,0.7179201146984648,0.8171955146937406,FLFH,786.0
0.7720908599767996,0.7179201146984648,0.8171955146937406,FLFH,790.0
0.7720908599767996,0.7179201146984648,0.8171955146937406,FLFH,791.0
0.7677532708758062,0.7131692819071651,0.8133227621723468,FLFH,799.0
0.7677532708758062,0.7131692819071651,0.8133227621723468,FLFH,801.0
0.7677532708758062,0.7131692819071651,0.8133227621723468,FLFH,810.0
0.7677532708758062,0.7131692819071651,0.8133227621723468,FLFH,811.0
0.7677532708758062,0.7131692819071651,0.8133227621723468,FLFH,812.0
0.7677532708758062,0.7131692819071651,0.8133227621723468,FLFH,813.0
0.7677532708758062,0.7131692819071651,0.8133227621723468,FLFH,819.0
0.7677532708758062,0.7131692819071651,0.8133227621723468,FLFH,820.0
0.7677532708758062,0.7131692819071651,0.8133227621723468,FLFH,842.0
0.7631559459005021,0.7080931329094696,0.8092456110759413,FLFH,859.0
0.7585586209251973,0.7030316155464374,0.8051574166094573,FLFH,877.0
0.7539612959498936,0.6979842525013111,0.8010584592091066,FLFH,898.0
0.7493639709745891,0.6929505976208649,0.7969490027776387,FLFH,907.0
0.7447666459992845,0.6879302332809266,0.7928292959947478,FLFH,921.0
0.7401693210239807,0.6829227680296323,0.7886995734909759,FLFH,954.0
0.7355719960486762,0.6779278344739545,0.7845600569023427,FLFH,1002.0
0.7355719960486762,0.6779278344739545,0.7845600569023427,FLFH,1008.0
0.7309457570798166,0.6729082512389396,0.7803888496506833,FLFH,1014.0
0.7263195181109567,0.6679008598845879,0.7762080451377433,FLFH,1025.0
0.7216932791420974,0.6629053405626117,0.7720178387474772,FLFH,1029.0
0.7216932791420974,0.6629053405626117,0.7720178387474772,FLFH,1035.0
0.7216932791420974,0.6629053405626117,0.7720178387474772,FLFH,1040.0
0.7170069591476678,0.657845438011641,0.7677721417022096,FLFH,1062.0
0.7170069591476678,0.657845438011641,0.7677721417022096,FLFH,1072.0
0.7170069591476678,0.657845438011641,0.7677721417022096,FLFH,1083.0
0.7170069591476678,0.657845438011641,0.7677721417022096,FLFH,1088.0
0.7170069591476678,0.657845438011641,0.7677721417022096,FLFH,1091.0
0.7170069591476678,0.657845438011641,0.7677721417022096,FLFH,1092.0
0.7170069591476678,0.657845438011641,0.7677721417022096,FLFH,1093.0
0.7170069591476678,0.657845438011641,0.7677721417022096,FLFH,1094.0
0.7170069591476678,0.657845438011641,0.7677721417022096,FLFH,1095.0
0.7170069591476678,0.657845438011641,0.7677721417022096,FLFH,1096.0
0.7170069591476678,0.657845438011641,0.7677721417022096,FLFH,1101.0
0.7170069591476678,0.657845438011641,0.7677721417022096,FLFH,1107.0
0.7117733317086339,0.6520951535133688,0.7631034606312755,FLFH,1109.0
0.7117733317086339,0.6520951535133688,0.7631034606312755,FLFH,1114.0
0.7064615904272263,0.6462619210985434,0.7583630145415963,FLFH,1115.0
0.7064615904272263,0.6462619210985434,0.7583630145415963,FLFH,1123.0
0.7064615904272263,0.6462619210985434,0.7583630145415963,FLFH,1125.0
0.701027270500863,0.6402882750627241,0.7535176506113783,FLFH,1129.0
0.701027270500863,0.6402882750627241,0.7535176506113783,FLFH,1132.0
0.701027270500863,0.6402882750627241,0.7535176506113783,FLFH,1164.0
0.701027270500863,0.6402882750627241,0.7535176506113783,FLFH,1170.0
0.701027270500863,0.6402882750627241,0.7535176506113783,FLFH,1173.0
0.701027270500863,0.6402882750627241,0.7535176506113783,FLFH,1176.0
0.701027270500863,0.6402882750627241,0.7535176506113783,FLFH,1179.0
0.6952336566950705,0.6338630087961415,0.7483947940733562,FLFH,1197.0
0.6894400428892785,0.6274636250759881,0.7432532829580902,FLFH,1249.0
0.6836464290834864,0.6210891856836293,0.7380936696752217,FLFH,1261.0
0.6778528152776939,0.6147388223569407,0.7329164648658993,FLFH,1276.0
0.6720592014719015,0.6084117302087169,0.7277221414912082,FLFH,1294.0
0.6720592014719015,0.6084117302087169,0.7277221414912082,FLFH,1295.0
0.6662152084156241,0.6020419298724136,0.7224738307091196,FLFH,1297.0
0.6603712153593467,0.5956947587225196,0.7172087181926994,FLFH,1337.0
0.6545272223030689,0.5893695312090413,0.711927206495366,FLFH,1359.0
0.6545272223030689,0.5893695312090413,0.711927206495366,FLFH,1386.0
0.6545272223030689,0.5893695312090413,0.711927206495366,FLFH,1389.0
0.6545272223030689,0.5893695312090413,0.711927206495366,FLFH,1395.0
0.6485223854012062,0.5828591188446068,0.7065096099868664,FLFH,1407.0
0.6485223854012062,0.5828591188446068,0.7065096099868664,FLFH,1415.0
0.6485223854012062,0.5828591188446068,0.7065096099868664,FLFH,1421.0
0.6485223854012062,0.5828591188446068,0.7065096099868664,FLFH,1422.0
0.6485223854012062,0.5828591188446068,0.7065096099868664,FLFH,1437.0
0.6485223854012062,0.5828591188446068,0.7065096099868664,FLFH,1439.0
0.6485223854012062,0.5828591188446068,0.7065096099868664,FLFH,1444.0
0.6485223854012062,0.5828591188446068,0.7065096099868664,FLFH,1447.0
0.6485223854012062,0.5828591188446068,0.7065096099868664,FLFH,1448.0
0.6485223854012062,0.5828591188446068,0.7065096099868664,FLFH,1455.0
0.6485223854012062,0.5828591188446068,0.7065096099868664,FLFH,1456.0
0.6485223854012062,0.5828591188446068,0.7065096099868664,FLFH,1457.0
0.6485223854012062,0.5828591188446068,0.7065096099868664,FLFH,1458.0
0.6485223854012062,0.5828591188446068,0.7065096099868664,FLFH,1459.0
0.6485223854012062,0.5828591188446068,0.7065096099868664,FLFH,1460.0
0.6485223854012062,0.5828591188446068,0.7065096099868664,FLFH,1461.0
0.6485223854012062,0.5828591188446068,0.7065096099868664,FLFH,1462.0
0.6408927102788388,0.574201583691498,0.6999296993968345,FLFH,1465.0
0.6408927102788388,0.574201583691498,0.6999296993968345,FLFH,1471.0
0.6408927102788388,0.574201583691498,0.6999296993968345,FLFH,1473.0
0.6408927102788388,0.574201583691498,0.6999296993968345,FLFH,1475.0
0.6329804545963835,0.5652121906004874,0.6931201546248763,FLFH,1483.0
0.6329804545963835,0.5652121906004874,0.6931201546248763,FLFH,1491.0
0.6329804545963835,0.5652121906004874,0.6931201546248763,FLFH,1494.0
0.6248653205630967,0.5560066865719572,0.6861305619549928,FLFH,1503.0
0.6167501865298096,0.5468695235499487,0.6790928102604568,FLFH,1518.0
0.6167501865298096,0.5468695235499487,0.6790928102604568,FLFH,1522.0
0.6167501865298096,0.5468695235499487,0.6790928102604568,FLFH,1525.0
0.6167501865298096,0.5468695235499487,0.6790928102604568,FLFH,1532.0
0.6167501865298096,0.5468695235499487,0.6790928102604568,FLFH,1542.0
0.6167501865298096,0.5468695235499487,0.6790928102604568,FLFH,1550.0
0.6080635641843195,0.5370067729763011,0.6716319015374305,FLFH,1558.0
0.5993769418388292,0.527224896129533,0.6641139910254534,FLFH,1615.0
0.590690319493339,0.517519683391749,0.6565418288203599,FLFH,1715.0
0.590690319493339,0.517519683391749,0.6565418288203599,FLFH,1798.0
0.590690319493339,0.517519683391749,0.6565418288203599,FLFH,1806.0
0.590690319493339,0.517519683391749,0.6565418288203599,FLFH,1812.0
0.590690319493339,0.517519683391749,0.6565418288203599,FLFH,1813.0
0.590690319493339,0.517519683391749,0.6565418288203599,FLFH,1818.0
0.590690319493339,0.517519683391749,0.6565418288203599,FLFH,1821.0
0.590690319493339,0.517519683391749,0.6565418288203599,FLFH,1822.0
0.590690319493339,0.517519683391749,0.6565418288203599,FLFH,1824.0
0.590690319493339,0.517519683391749,0.6565418288203599,FLFH,1825.0
1.0,1.0,1.0,DCTC,0.0
0.9945652173913045,0.9620515657626307,0.9992326460595367,DCTC,5.0
0.9891304347826082,0.9572415518884816,0.9972704160677484,DCTC,9.0
0.9836956521739131,0.9503071229094803,0.9947122558274413,DCTC,10.0
0.9782608695652172,0.9431198257319424,0.991785015465495,DCTC,15.0
0.9673913043478257,0.9288616173583099,0.9852169207282285,DCTC,23.0
0.9619565217391299,0.9218603033902095,0.9816801315321952,DCTC,27.0
0.9565217391304341,0.9149450792551568,0.9780162892116173,DCTC,31.0
0.9510869565217392,0.9081096500611814,0.9742455653756209,DCTC,35.0
0.9456521739130433,0.901347117545469,0.9703831172471096,DCTC,54.0
0.9402173913043479,0.894650964390685,0.966440684905285,DCTC,103.0
0.9347826086956517,0.8880153365855572,0.9624275867921822,DCTC,109.0
0.9293478260869567,0.8814350760108587,0.9583513697387063,DCTC,114.0
0.923913043478261,0.8749056670726195,0.9542182498670252,DCTC,142.0
0.918478260869565,0.8684231592748182,0.9500334212853325,DCTC,152.0
0.9130434782608692,0.8619840890870741,0.9458012781031184,DCTC,215.0
0.907608695652174,0.8555854092823487,0.9415255778302586,DCTC,229.0
0.9021739130434784,0.8492244278623806,0.9372095640665536,DCTC,293.0
0.8967391304347822,0.8428987563378222,0.932856060254115,DCTC,331.0
0.891304347826087,0.8366062663145841,0.9284675424367096,DCTC,334.0
0.8858695652173911,0.8303450531544904,0.9240461965114711,DCTC,345.0
0.880434782608695,0.8241134055426895,0.9195939638387999,DCTC,354.0
0.8749999999999999,0.8179097799419679,0.9151125779850158,DCTC,366.0
0.8695652173913039,0.8117327790764517,0.910603594622144,DCTC,369.0
0.8641304347826085,0.8055811337372277,0.9060684160839644,DCTC,379.0
0.8586956521739129,0.7994536873315216,0.901508311703557,DCTC,392.0
0.8532608695652169,0.7933493827044696,0.8969244347874762,DCTC,415.0
0.8478260869565216,0.7872672508501567,0.892317836883758,DCTC,436.0
0.842391304347826,0.7812064011995311,0.8876894798541657,DCTC,469.0
0.8369565217391305,0.7751660132299885,0.883040246150907,DCTC,478.0
0.8315217391304345,0.7691453291874137,0.878370947614437,DCTC,491.0
0.826086956521739,0.763143647748586,0.873682333044935,DCTC,493.0
0.8206521739130432,0.7571603184817829,0.8689750947504884,DCTC,514.0
0.8152173913043474,0.7511947369877108,0.8642498742363961,DCTC,523.0
0.809782608695652,0.7452463406225788,0.85950726716959,DCTC,525.0
0.804347826086956,0.7393146047212388,0.8547478277281163,DCTC,553.0
0.7989130434782604,0.7333990392514913,0.8499720724263934,DCTC,566.0
0.793478260869565,0.7274991858414646,0.8451804834915191,DCTC,585.0
0.7880434782608692,0.721614615130946,0.8403735118534363,DCTC,607.0
0.7826086956521738,0.715744924404931,0.8355515798016026,DCTC,618.0
0.7771739130434778,0.7098897354738214,0.8307150833525079,DCTC,650.0
0.7717391304347825,0.7040486927698684,0.8258643943655779,DCTC,669.0
0.7717391304347825,0.7040486927698684,0.8258643943655779,DCTC,701.0
0.766265803268578,0.6981720923099675,0.8209705367658053,DCTC,704.0
0.7553191489361702,0.6864605830559908,0.8111416975918563,DCTC,712.0
0.7553191489361702,0.6864605830559908,0.8111416975918563,DCTC,717.0
0.7553191489361702,0.6864605830559908,0.8111416975918563,DCTC,718.0
0.7497653316645807,0.6805228217248867,0.8061456274030628,DCTC,725.0
0.7497653316645807,0.6805228217248867,0.8061456274030628,DCTC,729.0
0.7497653316645807,0.6805228217248867,0.8061456274030628,DCTC,739.0
0.7440419321862252,0.6743831211876258,0.8010065431568276,DCTC,740.0
0.7383185327078696,0.6682594459169982,0.7958528888504038,DCTC,793.0
0.732595133229514,0.662151399737951,0.7906849798868948,DCTC,883.0
0.7268717337511585,0.6560586115750909,0.7855031136494852,DCTC,887.0
0.721148334272803,0.649980733479663,0.780307570744489,DCTC,926.0
0.7154249347944478,0.643917438860456,0.7750986161297622,DCTC,928.0
0.709701535316092,0.6378684208936927,0.7698765001409644,DCTC,931.0
0.703978135837736,0.6318333910905141,0.7646414594265684,DCTC,979.0
0.6982547363593808,0.6258120780036313,0.7593937178011402,DCTC,991.0
0.6925313368810253,0.6198042260572325,0.7541334870252503,DCTC,998.0
0.6925313368810253,0.6198042260572325,0.7541334870252503,DCTC,1074.0
0.686760242407017,0.6137506800534517,0.7488234954206755,DCTC,1082.0
0.686760242407017,0.6137506800534517,0.7488234954206755,DCTC,1084.0
0.686760242407017,0.6137506800534517,0.7488234954206755,DCTC,1087.0
0.686760242407017,0.6137506800534517,0.7488234954206755,DCTC,1090.0
0.686760242407017,0.6137506800534517,0.7488234954206755,DCTC,1091.0
0.686760242407017,0.6137506800534517,0.7488234954206755,DCTC,1092.0
0.686760242407017,0.6137506800534517,0.7488234954206755,DCTC,1093.0
0.686760242407017,0.6137506800534517,0.7488234954206755,DCTC,1095.0
0.686760242407017,0.6137506800534517,0.7488234954206755,DCTC,1096.0
0.686760242407017,0.6137506800534517,0.7488234954206755,DCTC,1099.0
0.686760242407017,0.6137506800534517,0.7488234954206755,DCTC,1102.0
0.686760242407017,0.6137506800534517,0.7488234954206755,DCTC,1118.0
0.6800926672380165,0.606580380142606,0.7428139521362073,DCTC,1119.0
0.6800926672380165,0.606580380142606,0.7428139521362073,DCTC,1126.0
0.6800926672380165,0.606580380142606,0.7428139521362073,DCTC,1147.0
0.673291740565636,0.5992642690140678,0.7366847800941885,DCTC,1158.0
0.673291740565636,0.5992642690140678,0.7366847800941885,DCTC,1160.0
0.673291740565636,0.5992642690140678,0.7366847800941885,DCTC,1185.0
0.6662782849347441,0.5917011925754558,0.7303766929951092,DCTC,1196.0
0.659264829303852,0.5841683637681275,0.7240456520585349,DCTC,1297.0
0.6522513736729602,0.5766648548277679,0.7176921698638264,DCTC,1336.0
0.6522513736729602,0.5766648548277679,0.7176921698638264,DCTC,1373.0
0.6451616848286886,0.569092343396199,0.7112596695988663,DCTC,1381.0
0.6380719959844174,0.5615488328216972,0.7048048008490224,DCTC,1411.0
0.630982307140146,0.5540335294124342,0.6983280035692838,DCTC,1417.0
0.6238926182958752,0.546545699330357,0.6918296855378889,DCTC,1427.0
0.6168029294516035,0.5390846635939147,0.6853102248010439,DCTC,1432.0
0.609713240607332,0.5316497936396565,0.6787699718399705,DCTC,1435.0
0.609713240607332,0.5316497936396565,0.6787699718399705,DCTC,1437.0
0.609713240607332,0.5316497936396565,0.6787699718399705,DCTC,1440.0
0.6024547496477213,0.5240296445028837,0.6720802114376268,DCTC,1446.0
0.6024547496477213,0.5240296445028837,0.6720802114376268,DCTC,1450.0
0.6024547496477213,0.5240296445028837,0.6720802114376268,DCTC,1451.0
0.6024547496477213,0.5240296445028837,0.6720802114376268,DCTC,1454.0
0.594924065277125,0.5160955612517836,0.6651620895069236,DCTC,1457.0
0.594924065277125,0.5160955612517836,0.6651620895069236,DCTC,1458.0
0.594924065277125,0.5160955612517836,0.6651620895069236,DCTC,1459.0
0.594924065277125,0.5160955612517836,0.6651620895069236,DCTC,1460.0
0.594924065277125,0.5160955612517836,0.6651620895069236,DCTC,1461.0
0.594924065277125,0.5160955612517836,0.6651620895069236,DCTC,1464.0
0.594924065277125,0.5160955612517836,0.6651620895069236,DCTC,1481.0
0.594924065277125,0.5160955612517836,0.6651620895069236,DCTC,1485.0
0.594924065277125,0.5160955612517836,0.6651620895069236,DCTC,1514.0
0.594924065277125,0.5160955612517836,0.6651620895069236,DCTC,1529.0
0.58562837675717,0.5058941322733382,0.656950351467208,DCTC,1533.0
0.58562837675717,0.5058941322733382,0.656950351467208,DCTC,1537.0
0.58562837675717,0.5058941322733382,0.656950351467208,DCTC,1542.0
0.5760279115644293,0.4953573593175412,0.6484777765442319,DCTC,1570.0
0.5664274463716892,0.4849017084186754,0.6399477930615028,DCTC,1599.0
0.5664274463716892,0.4849017084186754,0.6399477930615028,DCTC,1679.0
0.5566614559170051,0.47430346783391,0.6312483768164678,DCTC,1741.0
0.5566614559170051,0.47430346783391,0.6312483768164678,DCTC,1762.0
0.5566614559170051,0.47430346783391,0.6312483768164678,DCTC,1772.0
0.5465403385366958,0.46331248128921576,0.6222482135840709,DCTC,1796.0
0.5465403385366958,0.46331248128921576,0.6222482135840709,DCTC,1806.0
0.5465403385366958,0.46331248128921576,0.6222482135840709,DCTC,1817.0
0.5465403385366958,0.46331248128921576,0.6222482135840709,DCTC,1819.0
0.5465403385366958,0.46331248128921576,0.6222482135840709,DCTC,1821.0
0.5465403385366958,0.46331248128921576,0.6222482135840709,DCTC,1824.0
0.5465403385366958,0.46331248128921576,0.6222482135840709,DCTC,1825.0
1.0,1.0,1.0,CORS,0.0
0.9967213114754098,0.9769557645133928,0.999537501085357,CORS,1.0
0.9934426229508191,0.9740373054137617,0.9983559717774094,CORS,2.0
0.9901639344262293,0.9698163822689336,0.9968170445052112,CORS,3.0
0.9868852459016387,0.9654369641196877,0.9950575265309245,CORS,8.0
0.9836065573770488,0.9610656599840606,0.9931437256835361,CORS,10.0
0.9803278688524593,0.9567388577821707,0.9911138321312615,CORS,16.0
0.9770491803278688,0.9524633618479732,0.9889922709849821,CORS,22.0
0.970491803278688,0.9440584665831029,0.984536551124804,CORS,23.0
0.9639344262295078,0.9358225583183756,0.9798639760923401,CORS,24.0
0.9606557377049182,0.9317586372482282,0.9774632766727421,CORS,28.0
0.9573770491803276,0.9277265165489672,0.9750260144659529,CORS,35.0
0.9540983606557378,0.9237235120360779,0.9725559084770574,CORS,57.0
0.9508196721311473,0.9197472744566163,0.9700560645759672,CORS,64.0
0.9475409836065574,0.9157957436104027,0.9675291089872446,CORS,65.0
0.9442622950819671,0.9118671066104035,0.9649772864951003,CORS,69.0
0.9409836065573771,0.907959761689762,0.9624025341509248,CORS,87.0
0.9377049180327864,0.9040722874925544,0.9598065375733295,CORS,106.0
0.9344262295081968,0.9002034172642203,0.9571907746237897,CORS,126.0
0.9311475409836065,0.8963520172298776,0.9545565497596882,CORS,133.0
0.9278688524590163,0.8925170684771865,0.9519050213910722,CORS,139.0
0.9245901639344263,0.8886976517429819,0.9492372239102915,CORS,141.0
0.9245901639344263,0.8886976517429819,0.9492372239102915,CORS,150.0
0.9245901639344263,0.8886976517429819,0.9492372239102915,CORS,151.0
0.9212880562060891,0.8848587913979773,0.9465382391529258,CORS,154.0
0.9212880562060891,0.8848587913979773,0.9465382391529258,CORS,156.0
0.9212880562060891,0.8848587913979773,0.9465382391529258,CORS,158.0
0.9212880562060891,0.8848587913979773,0.9465382391529258,CORS,163.0
0.9212880562060891,0.8848587913979773,0.9465382391529258,CORS,164.0
0.917913374681525,0.8809290102534422,0.9437752168798768,CORS,170.0
0.917913374681525,0.8809290102534422,0.9437752168798768,CORS,172.0
0.917913374681525,0.8809290102534422,0.9437752168798768,CORS,174.0
0.917913374681525,0.8809290102534422,0.9437752168798768,CORS,176.0
0.917913374681525,0.8809290102534422,0.9437752168798768,CORS,177.0
0.917913374681525,0.8809290102534422,0.9437752168798768,CORS,178.0
0.917913374681525,0.8809290102534422,0.9437752168798768,CORS,180.0
0.917913374681525,0.8809290102534422,0.9437752168798768,CORS,182.0
0.9144232097587812,0.8768467456645066,0.940919137482547,CORS,191.0
0.9144232097587812,0.8768467456645066,0.940919137482547,CORS,202.0
0.9144232097587812,0.8768467456645066,0.940919137482547,CORS,206.0
0.9109061974135549,0.8727433869645069,0.9380292727223922,CORS,207.0
0.9109061974135549,0.8727433869645069,0.9380292727223922,CORS,211.0
0.9073618153224511,0.8686180463976848,0.9351056298625042,CORS,212.0
0.9038174332313477,0.8645100020717706,0.9321672528515563,CORS,228.0
0.9038174332313477,0.8645100020717706,0.9321672528515563,CORS,231.0
0.9038174332313477,0.8645100020717706,0.9321672528515563,CORS,232.0
0.9038174332313477,0.8645100020717706,0.9321672528515563,CORS,235.0
0.9038174332313477,0.8645100020717706,0.9321672528515563,CORS,236.0
0.9038174332313477,0.8645100020717706,0.9321672528515563,CORS,243.0
0.9038174332313477,0.8645100020717706,0.9321672528515563,CORS,249.0
0.9038174332313477,0.8645100020717706,0.9321672528515563,CORS,254.0
0.9038174332313477,0.8645100020717706,0.9321672528515563,CORS,256.0
0.9038174332313477,0.8645100020717706,0.9321672528515563,CORS,261.0
0.9001283824834645,0.8602104500551893,0.9291157617586012,CORS,265.0
0.9001283824834645,0.8602104500551893,0.9291157617586012,CORS,268.0
0.896424150456784,0.855908078292851,0.926038765363962,CORS,280.0
0.8927199184301026,0.8516239503599012,0.9229471842709106,CORS,284.0
0.8927199184301026,0.8516239503599012,0.9229471842709106,CORS,332.0
0.8890002521033109,0.8473351689566773,0.9198309717430603,CORS,341.0
0.8890002521033109,0.8473351689566773,0.9198309717430603,CORS,342.0
0.8852649569264063,0.8430409977610548,0.9166903688566025,CORS,343.0
0.8852649569264063,0.8430409977610548,0.9166903688566025,CORS,348.0
0.8852649569264063,0.8430409977610548,0.9166903688566025,CORS,350.0
0.8852649569264063,0.8430409977610548,0.9166903688566025,CORS,353.0
0.8852649569264063,0.8430409977610548,0.9166903688566025,CORS,354.0
0.8814159788528133,0.8386029376369967,0.9134573230752947,CORS,355.0
0.8814159788528133,0.8386029376369967,0.9134573230752947,CORS,356.0
0.8814159788528133,0.8386029376369967,0.9134573230752947,CORS,357.0
0.8814159788528133,0.8386029376369967,0.9134573230752947,CORS,359.0
0.8814159788528133,0.8386029376369967,0.9134573230752947,CORS,360.0
0.8814159788528133,0.8386029376369967,0.9134573230752947,CORS,361.0
0.8814159788528133,0.8386029376369967,0.9134573230752947,CORS,363.0
0.8814159788528133,0.8386029376369967,0.9134573230752947,CORS,364.0
0.8814159788528133,0.8386029376369967,0.9134573230752947,CORS,365.0
0.8814159788528133,0.8386029376369967,0.9134573230752947,CORS,366.0
0.8814159788528133,0.8386029376369967,0.9134573230752947,CORS,367.0
0.8814159788528133,0.8386029376369967,0.9134573230752947,CORS,368.0
0.8814159788528133,0.8386029376369967,0.9134573230752947,CORS,369.0
0.8814159788528133,0.8386029376369967,0.9134573230752947,CORS,372.0
0.8814159788528133,0.8386029376369967,0.9134573230752947,CORS,375.0
0.8814159788528133,0.8386029376369967,0.9134573230752947,CORS,380.0
0.8814159788528133,0.8386029376369967,0.9134573230752947,CORS,382.0
0.8814159788528133,0.8386029376369967,0.9134573230752947,CORS,385.0
0.8768252706296216,0.8331056367260833,0.9097119185554708,CORS,387.0
0.8722345624064298,0.8276458918055897,0.9059427558044453,CORS,388.0
0.8722345624064298,0.8276458918055897,0.9059427558044453,CORS,393.0
0.8722345624064298,0.8276458918055897,0.9059427558044453,CORS,395.0
0.8722345624064298,0.8276458918055897,0.9059427558044453,CORS,397.0
0.8722345624064298,0.8276458918055897,0.9059427558044453,CORS,400.0
0.8722345624064298,0.8276458918055897,0.9059427558044453,CORS,415.0
0.8674682533222412,0.8219613308361491,0.9020361508182766,CORS,417.0
0.8674682533222412,0.8219613308361491,0.9020361508182766,CORS,420.0
0.8674682533222412,0.8219613308361491,0.9020361508182766,CORS,421.0
0.8674682533222412,0.8219613308361491,0.9020361508182766,CORS,426.0
0.8674682533222412,0.8219613308361491,0.9020361508182766,CORS,441.0
0.8674682533222412,0.8219613308361491,0.9020361508182766,CORS,445.0
0.8625394564283655,0.8160739036826096,0.8979995545824467,CORS,447.0
0.8625394564283655,0.8160739036826096,0.8979995545824467,CORS,451.0
0.8575823331155591,0.8101853810717514,0.8939188110215034,CORS,533.0
0.8526252098027518,0.8043355960399304,0.8898133659424554,CORS,539.0
0.8476680864899457,0.7985218477827816,0.8856845429832337,CORS,594.0
0.8427109631771389,0.7927417484001068,0.8815335282517855,CORS,595.0
0.8377538398643319,0.7869931759505192,0.877361390305815,CORS,612.0
0.8327967165515251,0.7812742360157456,0.8731690964388266,CORS,637.0
0.8278395932387188,0.7755832299883095,0.8689575260865033,CORS,640.0
0.8278395932387188,0.7755832299883095,0.8689575260865033,CORS,648.0
0.8228526077372802,0.769877007755491,0.86470667391787,CORS,661.0
0.8228526077372802,0.769877007755491,0.86470667391787,CORS,664.0
0.8178352137876623,0.7641543099133506,0.8604164164130876,CORS,665.0
0.8128178198380445,0.758456667433527,0.8561083785544247,CORS,701.0
0.8128178198380445,0.758456667433527,0.8561083785544247,CORS,708.0
0.8077692619508512,0.7527401157797164,0.8517611440316374,CORS,710.0
0.8077692619508512,0.7527401157797164,0.8517611440316374,CORS,714.0
0.8077692619508512,0.7527401157797164,0.8517611440316374,CORS,715.0
0.8077692619508512,0.7527401157797164,0.8517611440316374,CORS,718.0
0.8077692619508512,0.7527401157797164,0.8517611440316374,CORS,719.0
0.8077692619508512,0.7527401157797164,0.8517611440316374,CORS,721.0
0.8077692619508512,0.7527401157797164,0.8517611440316374,CORS,722.0
0.8077692619508512,0.7527401157797164,0.8517611440316374,CORS,723.0
0.8077692619508512,0.7527401157797164,0.8517611440316374,CORS,725.0
0.8077692619508512,0.7527401157797164,0.8517611440316374,CORS,726.0
0.8077692619508512,0.7527401157797164,0.8517611440316374,CORS,727.0
0.8077692619508512,0.7527401157797164,0.8517611440316374,CORS,728.0
0.8077692619508512,0.7527401157797164,0.8517611440316374,CORS,729.0
0.8077692619508512,0.7527401157797164,0.8517611440316374,CORS,730.0
0.8077692619508512,0.7527401157797164,0.8517611440316374,CORS,731.0
0.8077692619508512,0.7527401157797164,0.8517611440316374,CORS,732.0
0.8077692619508512,0.7527401157797164,0.8517611440316374,CORS,733.0
0.8077692619508512,0.7527401157797164,0.8517611440316374,CORS,734.0
0.8077692619508512,0.7527401157797164,0.8517611440316374,CORS,735.0
0.8077692619508512,0.7527401157797164,0.8517611440316374,CORS,742.0
0.8077692619508512,0.7527401157797164,0.8517611440316374,CORS,744.0
0.8077692619508512,0.7527401157797164,0.8517611440316374,CORS,749.0
0.8077692619508512,0.7527401157797164,0.8517611440316374,CORS,759.0
0.8077692619508512,0.7527401157797164,0.8517611440316374,CORS,761.0
0.801148202426664,0.7447916135327223,0.84634798525522,CORS,767.0
0.7945271429024763,0.7369124418074191,0.8408918066162465,CORS,770.0
0.7945271429024763,0.7369124418074191,0.8408918066162465,CORS,783.0
0.7945271429024763,0.7369124418074191,0.8408918066162465,CORS,787.0
0.7877938620304213,0.7289321137122352,0.835323614209748,CORS,803.0
0.7810605811583662,0.7210155213980558,0.8297151510900378,CORS,805.0
0.7743273002863115,0.7131582365439506,0.8240687512004894,CORS,809.0
0.7675349555469579,0.7052717124159491,0.8183474228582506,CORS,810.0
0.7607426108076039,0.6974390325907303,0.812590925478992,CORS,841.0
0.7539502660682503,0.6896569534056834,0.8068009675489065,CORS,898.0
0.7471579213288971,0.6819225798832058,0.8009790756277899,CORS,900.0
0.7403655765895432,0.674233317576921,0.7951266206061954,CORS,969.0
0.7335732318501899,0.6665868325675435,0.7892448391679602,CORS,981.0
0.7267808871108358,0.6589810179944409,0.7833348514889584,CORS,987.0
0.7199885423714824,0.6514139658735127,0.7773976759511344,CORS,1060.0
0.7199885423714824,0.6514139658735127,0.7773976759511344,CORS,1064.0
0.7199885423714824,0.6514139658735127,0.7773976759511344,CORS,1072.0
0.7130655756179105,0.6437077505946324,0.7713417235042505,CORS,1074.0
0.7061426088643382,0.636039964096818,0.7652585610096091,CORS,1075.0
0.7061426088643382,0.636039964096818,0.7652585610096091,CORS,1081.0
0.7061426088643382,0.636039964096818,0.7652585610096091,CORS,1084.0
0.7061426088643382,0.636039964096818,0.7652585610096091,CORS,1085.0
0.7061426088643382,0.636039964096818,0.7652585610096091,CORS,1087.0
0.7061426088643382,0.636039964096818,0.7652585610096091,CORS,1088.0
0.7061426088643382,0.636039964096818,0.7652585610096091,CORS,1090.0
0.7061426088643382,0.636039964096818,0.7652585610096091,CORS,1092.0
0.7061426088643382,0.636039964096818,0.7652585610096091,CORS,1093.0
0.7061426088643382,0.636039964096818,0.7652585610096091,CORS,1094.0
0.6977361492350013,0.6263580500566637,0.7581379463247103,CORS,1095.0
0.6977361492350013,0.6263580500566637,0.7581379463247103,CORS,1096.0
0.6977361492350013,0.6263580500566637,0.7581379463247103,CORS,1097.0
0.6977361492350013,0.6263580500566637,0.7581379463247103,CORS,1099.0
0.6977361492350013,0.6263580500566637,0.7581379463247103,CORS,1102.0
0.6977361492350013,0.6263580500566637,0.7581379463247103,CORS,1108.0
0.6977361492350013,0.6263580500566637,0.7581379463247103,CORS,1120.0
0.6977361492350013,0.6263580500566637,0.7581379463247103,CORS,1121.0
0.6977361492350013,0.6263580500566637,0.7581379463247103,CORS,1125.0
0.6877684899602156,0.6144725113196062,0.7499936433679771,CORS,1132.0
0.6778008306854297,0.6027314895282414,0.7417559305000956,CORS,1152.0
0.6678331714106437,0.5911236412029529,0.7334316166097773,CORS,1196.0
0.6578655121358579,0.5796392425179663,0.7250264270799287,CORS,1289.0
0.6478978528610722,0.568269893489534,0.7165452237154868,CORS,1295.0
0.6379301935862864,0.5570082892872509,0.7079921700604112,CORS,1337.0
0.6379301935862864,0.5570082892872509,0.7079921700604112,CORS,1385.0
0.6379301935862864,0.5570082892872509,0.7079921700604112,CORS,1405.0
0.6379301935862864,0.5570082892872509,0.7079921700604112,CORS,1434.0
0.6379301935862864,0.5570082892872509,0.7079921700604112,CORS,1441.0
0.6379301935862864,0.5570082892872509,0.7079921700604112,CORS,1442.0
0.6379301935862864,0.5570082892872509,0.7079921700604112,CORS,1443.0
0.6379301935862864,0.5570082892872509,0.7079921700604112,CORS,1447.0
0.6379301935862864,0.5570082892872509,0.7079921700604112,CORS,1449.0
0.6379301935862864,0.5570082892872509,0.7079921700604112,CORS,1451.0
0.6379301935862864,0.5570082892872509,0.7079921700604112,CORS,1456.0
0.6379301935862864,0.5570082892872509,0.7079921700604112,CORS,1457.0
0.6379301935862864,0.5570082892872509,0.7079921700604112,CORS,1458.0
0.6379301935862864,0.5570082892872509,0.7079921700604112,CORS,1459.0
0.6379301935862864,0.5570082892872509,0.7079921700604112,CORS,1460.0
0.6379301935862864,0.5570082892872509,0.7079921700604112,CORS,1461.0
0.6379301935862864,0.5570082892872509,0.7079921700604112,CORS,1463.0
0.6379301935862864,0.5570082892872509,0.7079921700604112,CORS,1464.0
0.623094607688931,0.5384806457350693,0.6966159691848038,CORS,1467.0
0.623094607688931,0.5384806457350693,0.6966159691848038,CORS,1531.0
0.6078971782331033,0.519819508215074,0.6847707166104194,CORS,1569.0
0.5926997487772757,0.501586992010923,0.6726477852626359,CORS,1669.0
0.5775023193214481,0.4837371182103972,0.660277226019892,CORS,1751.0
0.5623048898656205,0.46623318944010994,0.6476820838309064,CORS,1768.0
0.5623048898656205,0.46623318944010994,0.6476820838309064,CORS,1800.0
0.5623048898656205,0.46623318944010994,0.6476820838309064,CORS,1821.0
0.5623048898656205,0.46623318944010994,0.6476820838309064,CORS,1822.0
0.5623048898656205,0.46623318944010994,0.6476820838309064,CORS,1823.0
0.5623048898656205,0.46623318944010994,0.6476820838309064,CORS,1824.0
0.5623048898656205,0.46623318944010994,0.6476820838309064,CORS,1825.0
0.9959016393442618,0.9712665103253972,0.9994216724373423,CASD,0.0
0.9918032786885247,0.9676263478227274,0.9979436966274433,CASD,1.0
0.9877049180327864,0.9623680393971877,0.9960179716091233,CASD,4.0
0.9836065573770488,0.9569144360825617,0.9938155300660164,CASD,9.0
0.9795081967213115,0.9514726019550829,0.9914193001695183,CASD,19.0
0.9754098360655739,0.9460876267128796,0.9888770622517016,CASD,24.0
0.9713114754098361,0.9407678339809863,0.9862193858431808,CASD,36.0
0.9713114754098361,0.9407678339809863,0.9862193858431808,CASD,39.0
0.967195748819116,0.9354774150277272,0.9834585312301396,CASD,128.0
0.9630800222283966,0.930248477932502,0.9806176492851824,CASD,141.0
0.954848569046957,0.9199520305734082,0.9747392876891523,CASD,150.0
0.954848569046957,0.9199520305734082,0.9747392876891523,CASD,157.0
0.954848569046957,0.9199520305734082,0.9747392876891523,CASD,173.0
0.954848569046957,0.9199520305734082,0.9747392876891523,CASD,175.0
0.954848569046957,0.9199520305734082,0.9747392876891523,CASD,178.0
0.954848569046957,0.9199520305734082,0.9747392876891523,CASD,180.0
0.954848569046957,0.9199520305734082,0.9747392876891523,CASD,181.0
0.9506235753786073,0.9146853179516854,0.9716557453109003,CASD,182.0
0.9506235753786073,0.9146853179516854,0.9716557453109003,CASD,184.0
0.9506235753786073,0.9146853179516854,0.9716557453109003,CASD,186.0
0.9506235753786073,0.9146853179516854,0.9716557453109003,CASD,189.0
0.9506235753786073,0.9146853179516854,0.9716557453109003,CASD,198.0
0.9506235753786073,0.9146853179516854,0.9716557453109003,CASD,199.0
0.9462828284590701,0.909271132784115,0.968455881468331,CASD,228.0
0.9462828284590701,0.909271132784115,0.968455881468331,CASD,230.0
0.9419018894384256,0.9038438110905538,0.9651846304430882,CASD,239.0
0.9375209504177818,0.8984680537645845,0.9618689702465042,CASD,245.0
0.9331400113971385,0.8931383380752441,0.958512954909631,CASD,251.0
0.9243781333558507,0.8825996615682081,0.9516931308724949,CASD,254.0
0.9243781333558507,0.8825996615682081,0.9516931308724949,CASD,256.0
0.9243781333558507,0.8825996615682081,0.9516931308724949,CASD,258.0
0.9199552714737653,0.877318634405793,0.9482083262637815,CASD,280.0
0.9199552714737653,0.877318634405793,0.9482083262637815,CASD,286.0
0.9199552714737653,0.877318634405793,0.9482083262637815,CASD,329.0
0.9154894691850578,0.8720052551588361,0.9446661640015963,CASD,335.0
0.9154894691850578,0.8720052551588361,0.9446661640015963,CASD,339.0
0.9110017757086606,0.8666914515685515,0.9410811953867334,CASD,345.0
0.9110017757086606,0.8666914515685515,0.9410811953867334,CASD,346.0
0.9110017757086606,0.8666914515685515,0.9410811953867334,CASD,348.0
0.9110017757086606,0.8666914515685515,0.9410811953867334,CASD,351.0
0.9110017757086606,0.8666914515685515,0.9410811953867334,CASD,357.0
0.9110017757086606,0.8666914515685515,0.9410811953867334,CASD,361.0
0.9110017757086606,0.8666914515685515,0.9410811953867334,CASD,362.0
0.9063058902668633,0.8610923363539369,0.9373348604888538,CASD,363.0
0.9063058902668633,0.8610923363539369,0.9373348604888538,CASD,364.0
0.9063058902668633,0.8610923363539369,0.9373348604888538,CASD,365.0
0.9063058902668633,0.8610923363539369,0.9373348604888538,CASD,366.0
0.9063058902668633,0.8610923363539369,0.9373348604888538,CASD,368.0
0.9063058902668633,0.8610923363539369,0.9373348604888538,CASD,369.0
0.9063058902668633,0.8610923363539369,0.9373348604888538,CASD,370.0
0.9063058902668633,0.8610923363539369,0.9373348604888538,CASD,371.0
0.9063058902668633,0.8610923363539369,0.9373348604888538,CASD,372.0
0.9011564249812568,0.854829261019111,0.9332730765550006,CASD,376.0
0.9011564249812568,0.854829261019111,0.9332730765550006,CASD,377.0
0.9011564249812568,0.854829261019111,0.9332730765550006,CASD,379.0
0.9011564249812568,0.854829261019111,0.9332730765550006,CASD,384.0
0.9011564249812568,0.854829261019111,0.9332730765550006,CASD,391.0
0.9011564249812568,0.854829261019111,0.9332730765550006,CASD,393.0
0.9011564249812568,0.854829261019111,0.9332730765550006,CASD,399.0
0.8957923986420832,0.8482848891203761,0.9290421048409628,CASD,400.0
0.8957923986420832,0.8482848891203761,0.9290421048409628,CASD,406.0
0.8957923986420832,0.8482848891203761,0.9290421048409628,CASD,415.0
0.8903633538018286,0.8416993633695635,0.9247323832956358,CASD,423.0
0.8849343089615733,0.8351715136532959,0.9203855606875504,CASD,425.0
0.8795052641213179,0.8286960742694591,0.916004081831927,CASD,427.0
0.8740762192810634,0.8222685690404938,0.9115900969969227,CASD,436.0
0.8740762192810634,0.8222685690404938,0.9115900969969227,CASD,438.0
0.868613242910557,0.8158347315785994,0.9071233174081781,CASD,440.0
0.868613242910557,0.8158347315785994,0.9071233174081781,CASD,444.0
0.8631156907402366,0.8093919494320593,0.9026042440135282,CASD,449.0
0.857618138569917,0.8029893330073316,0.8980566858898876,CASD,452.0
0.8521205863995971,0.7966241140962067,0.8934821002226622,CASD,473.0
0.8466230342292773,0.7902938575252524,0.8888818023294619,CASD,475.0
0.8411254820589569,0.7839964086904847,0.8842569846044015,CASD,506.0
0.8356279298886371,0.7777298511169889,0.8796087322419386,CASD,573.0
0.8356279298886371,0.7777298511169889,0.8796087322419386,CASD,619.0
0.8300939700880499,0.7714415519012208,0.8749127010994237,CASD,636.0
0.8245600102874632,0.7651817829180642,0.870194671265585,CASD,654.0
0.8190260504868758,0.758949086679483,0.8654555056375134,CASD,660.0
0.8190260504868758,0.758949086679483,0.8654555056375134,CASD,669.0
0.813454444701251,0.7526905035671018,0.8606692926283622,CASD,670.0
0.8078828389156258,0.7464572920062185,0.8558630353572444,CASD,682.0
0.8023112331300011,0.7402483064077118,0.8510374361758949,CASD,684.0
0.7967396273443758,0.7340625022874737,0.8461931457992291,CASD,705.0
0.7967396273443758,0.7340625022874737,0.8461931457992291,CASD,712.0
0.7967396273443758,0.7340625022874737,0.8461931457992291,CASD,713.0
0.7967396273443758,0.7340625022874737,0.8461931457992291,CASD,714.0
0.7967396273443758,0.7340625022874737,0.8461931457992291,CASD,719.0
0.7967396273443758,0.7340625022874737,0.8461931457992291,CASD,720.0
0.7967396273443758,0.7340625022874737,0.8461931457992291,CASD,726.0
0.7967396273443758,0.7340625022874737,0.8461931457992291,CASD,727.0
0.7967396273443758,0.7340625022874737,0.8461931457992291,CASD,728.0
0.7967396273443758,0.7340625022874737,0.8461931457992291,CASD,729.0
0.7907938092298656,0.7273920906435252,0.8410624527713352,CASD,730.0
0.7907938092298656,0.7273920906435252,0.8410624527713352,CASD,731.0
0.7907938092298656,0.7273920906435252,0.8410624527713352,CASD,732.0
0.7907938092298656,0.7273920906435252,0.8410624527713352,CASD,733.0
0.7846636246621922,0.7204984991343788,0.8357795225209216,CASD,738.0
0.7846636246621922,0.7204984991343788,0.8357795225209216,CASD,739.0
0.7784851709246946,0.7135706602556056,0.8304391795839645,CASD,745.0
0.7784851709246946,0.7135706602556056,0.8304391795839645,CASD,746.0
0.7784851709246946,0.7135706602556056,0.8304391795839645,CASD,747.0
0.7722070647075595,0.7065383199140766,0.8250051439118896,CASD,764.0
0.7722070647075595,0.7065383199140766,0.8250051439118896,CASD,766.0
0.7722070647075595,0.7065383199140766,0.8250051439118896,CASD,785.0
0.7722070647075595,0.7065383199140766,0.8250051439118896,CASD,787.0
0.7657720058349968,0.6993241424542961,0.8194365190510503,CASD,800.0
0.7657720058349968,0.6993241424542961,0.8194365190510503,CASD,812.0
0.7657720058349968,0.6993241424542961,0.8194365190510503,CASD,815.0
0.7591705230260747,0.6919169533548198,0.813725803751103,CASD,839.0
0.7525690402171523,0.6845463142754235,0.8079889590112173,CASD,847.0
0.74596755740823,0.6772105248754156,0.8022268876068611,CASD,898.0
0.7393660745993071,0.6699080405498541,0.7964404186793331,CASD,900.0
0.7327645917903849,0.6626374542324939,0.7906303157201056,CASD,908.0
0.7261631089814629,0.655397480821314,0.7847972834195821,CASD,925.0
0.71956162617254,0.648186943786362,0.7789419735744525,CASD,970.0
0.712960143363618,0.6410047636035953,0.7730649902092678,CASD,992.0
0.712960143363618,0.6410047636035953,0.7730649902092678,CASD,1024.0
0.7062969644536778,0.6337693860352837,0.7671213980911513,CASD,1025.0
0.6996337855437373,0.6265615765959289,0.7611565403668874,CASD,1027.0
0.6996337855437373,0.6265615765959289,0.7611565403668874,CASD,1047.0
0.6996337855437373,0.6265615765959289,0.7611565403668874,CASD,1054.0
0.6996337855437373,0.6265615765959289,0.7611565403668874,CASD,1058.0
0.6996337855437373,0.6265615765959289,0.7611565403668874,CASD,1065.0
0.6927067183601362,0.6190368249313636,0.754976162824112,CASD,1079.0
0.6927067183601362,0.6190368249313636,0.754976162824112,CASD,1080.0
0.6927067183601362,0.6190368249313636,0.754976162824112,CASD,1090.0
0.6927067183601362,0.6190368249313636,0.754976162824112,CASD,1092.0
0.6927067183601362,0.6190368249313636,0.754976162824112,CASD,1093.0
0.6927067183601362,0.6190368249313636,0.754976162824112,CASD,1094.0
0.6927067183601362,0.6190368249313636,0.754976162824112,CASD,1095.0
0.6927067183601362,0.6190368249313636,0.754976162824112,CASD,1096.0
0.6927067183601362,0.6190368249313636,0.754976162824112,CASD,1102.0
0.6927067183601362,0.6190368249313636,0.754976162824112,CASD,1106.0
0.6927067183601362,0.6190368249313636,0.754976162824112,CASD,1109.0
0.6927067183601362,0.6190368249313636,0.754976162824112,CASD,1110.0
0.6927067183601362,0.6190368249313636,0.754976162824112,CASD,1135.0
0.6847445721720884,0.6101612576535124,0.7480340978658213,CASD,1143.0
0.6767824259840413,0.6013393281686135,0.7410547567706002,CASD,1156.0
0.6688202797959933,0.5925685891053403,0.7340394439026237,CASD,1254.0
0.6608581336079462,0.5838468278605552,0.7269893384249412,CASD,1269.0
0.6608581336079462,0.5838468278605552,0.7269893384249412,CASD,1308.0
0.6527988880761421,0.5750431177030226,0.7198363306931425,CASD,1343.0
0.6447396425443374,0.566286921416948,0.7126491030628711,CASD,1404.0
0.6366803970125334,0.5575764374066722,0.7054286161570291,CASD,1430.0
0.6286211514807292,0.5489100256049584,0.698175744174977,CASD,1437.0
0.6286211514807292,0.5489100256049584,0.698175744174977,CASD,1439.0
0.6204572404225377,0.540150361438387,0.6908149908865288,CASD,1443.0
0.6204572404225377,0.540150361438387,0.6908149908865288,CASD,1444.0
0.6204572404225377,0.540150361438387,0.6908149908865288,CASD,1454.0
0.6204572404225377,0.540150361438387,0.6908149908865288,CASD,1459.0
0.6204572404225377,0.540150361438387,0.6908149908865288,CASD,1461.0
0.6204572404225377,0.540150361438387,0.6908149908865288,CASD,1462.0
0.6204572404225377,0.540150361438387,0.6908149908865288,CASD,1464.0
0.6204572404225377,0.540150361438387,0.6908149908865288,CASD,1466.0
0.6204572404225377,0.540150361438387,0.6908149908865288,CASD,1467.0
0.6204572404225377,0.540150361438387,0.6908149908865288,CASD,1472.0
0.6204572404225377,0.540150361438387,0.6908149908865288,CASD,1474.0
0.6204572404225377,0.540150361438387,0.6908149908865288,CASD,1475.0
0.6204572404225377,0.540150361438387,0.6908149908865288,CASD,1478.0
0.6204572404225377,0.540150361438387,0.6908149908865288,CASD,1504.0
0.6204572404225377,0.540150361438387,0.6908149908865288,CASD,1529.0
0.6204572404225377,0.540150361438387,0.6908149908865288,CASD,1532.0
0.6095720256782828,0.5277246737317532,0.681581443126881,CASD,1560.0
0.5986868109340276,0.5154349210020558,0.6722562750355843,CASD,1580.0
0.5878015961897726,0.5032727694031668,0.6628444447497399,CASD,1631.0
0.5769163814455175,0.49123096804181093,0.6533501854612047,CASD,1648.0
0.5660311667012625,0.47930317872403,0.6437771309417732,CASD,1656.0
0.5551459519570073,0.4674838400441766,0.6341284133309635,CASD,1687.0
0.5442607372127523,0.4557680577356255,0.6244067401701805,CASD,1701.0
0.5442607372127523,0.4557680577356255,0.6244067401701805,CASD,1735.0
0.5331533752288187,0.44385723120419834,0.6144622181445648,CASD,1768.0
0.5331533752288187,0.44385723120419834,0.6144622181445648,CASD,1776.0
0.5331533752288187,0.44385723120419834,0.6144622181445648,CASD,1795.0
0.5331533752288187,0.44385723120419834,0.6144622181445648,CASD,1800.0
0.5331533752288187,0.44385723120419834,0.6144622181445648,CASD,1802.0
0.5331533752288187,0.44385723120419834,0.6144622181445648,CASD,1818.0
0.5331533752288187,0.44385723120419834,0.6144622181445648,CASD,1820.0
0.5331533752288187,0.44385723120419834,0.6144622181445648,CASD,1821.0
0.5331533752288187,0.44385723120419834,0.6144622181445648,CASD,1825.0
0.9971482889733836,0.9911845238416382,0.9990793725973685,CAOP,0.0
0.9952471482889732,0.9886191545271106,0.9980189812231809,CAOP,7.0
0.9942965779467681,0.9873492194712057,0.9974336432742044,CAOP,10.0
0.9933460076045625,0.9860934836165506,0.9968222792530046,CAOP,12.0
0.991444866920152,0.9836225963634089,0.9955394744314153,CAOP,13.0
0.9904942965779465,0.982405284354004,0.9948741418487267,CAOP,16.0
0.9895437262357415,0.9811985852362579,0.9941957526371358,CAOP,20.0
0.9885931558935358,0.9800015125433683,0.9935059107495484,CAOP,24.0
0.9876425855513304,0.9788131950168054,0.9928059131044676,CAOP,26.0
0.986692015209125,0.9776328690186058,0.9920968262930453,CAOP,27.0
0.983840304182509,0.974133555590758,0.9899232678547231,CAOP,30.0
0.9819391634980985,0.9718303601538604,0.9884419158476214,CAOP,35.0
0.9800380228136881,0.9695472109463777,0.9869391184042196,CAOP,41.0
0.9790874524714829,0.9684123673760352,0.9861805840785134,CAOP,47.0
0.9790874524714829,0.9684123673760352,0.9861805840785134,CAOP,51.0
0.9781359583485754,0.9672802730642849,0.985417081464512,CAOP,53.0
0.9771844642256682,0.9661520974064984,0.9846494792369211,CAOP,56.0
0.9762329701027614,0.9650276235461824,0.9838780161327483,CAOP,64.0
0.9743299818569471,0.9627890083569083,0.9823243514043183,CAOP,65.0
0.9733784877340395,0.961674521296573,0.9815425247494645,CAOP,76.0
0.9724269936111328,0.9605630409072989,0.9807575917047072,CAOP,77.0
0.9714754994882253,0.9594544272212806,0.9799697023047602,CAOP,81.0
0.9705240053653182,0.9583485509517211,0.9791789945998544,CAOP,87.0
0.9695725112424114,0.9572452923938822,0.9783855959590505,CAOP,91.0
0.9695725112424114,0.9572452923938822,0.9783855959590505,CAOP,93.0
0.9686200824494425,0.9561432352817575,0.977588957384874,CAOP,116.0
0.9667152248635046,0.9539462753389824,0.9759883691635501,CAOP,117.0
0.9657627960705361,0.9528511845256843,0.9751846163259962,CAOP,118.0
0.9648103672775666,0.9517582380592272,0.9743786778503597,CAOP,119.0
0.963857938484598,0.9506673564758948,0.9735706365133576,CAOP,124.0
0.9629055096916289,0.9495784652267959,0.9727605698365213,CAOP,127.0
0.9619530808986594,0.9484914942632384,0.9719485505434523,CAOP,131.0
0.9610006521056904,0.9474063776658531,0.9711346469670755,CAOP,134.0
0.9590957945197532,0.9452414625766123,0.9695014404874709,CAOP,139.0
0.958143365726784,0.94416155006291,0.9686822553858457,CAOP,140.0
0.9571909369338151,0.9430832633587253,0.9678614221602904,CAOP,143.0
0.9562385081408458,0.9420065528162146,0.9670389919555196,CAOP,146.0
0.9562385081408458,0.9420065528162146,0.9670389919555196,CAOP,152.0
0.9562385081408458,0.9420065528162146,0.9670389919555196,CAOP,164.0
0.9562385081408458,0.9420065528162146,0.9670389919555196,CAOP,167.0
0.9562385081408458,0.9420065528162146,0.9670389919555196,CAOP,172.0
0.9562385081408458,0.9420065528162146,0.9670389919555196,CAOP,175.0
0.9562385081408458,0.9420065528162146,0.9670389919555196,CAOP,177.0
0.9562385081408458,0.9420065528162146,0.9670389919555196,CAOP,178.0
0.9562385081408458,0.9420065528162146,0.9670389919555196,CAOP,179.0
0.9562385081408458,0.9420065528162146,0.9670389919555196,CAOP,180.0
0.9562385081408458,0.9420065528162146,0.9670389919555196,CAOP,181.0
0.9562385081408458,0.9420065528162146,0.9670389919555196,CAOP,182.0
0.9552516778950858,0.9408857337587769,0.9661891827026577,CAOP,183.0
0.9542638271423503,0.9397653513453085,0.9653369307514111,CAOP,184.0
0.9542638271423503,0.9397653513453085,0.9653369307514111,CAOP,185.0
0.9532749527100782,0.9386453565097476,0.9644822770515672,CAOP,187.0
0.9532749527100782,0.9386453565097476,0.9644822770515672,CAOP,191.0
0.9532749527100782,0.9386453565097476,0.9644822770515672,CAOP,192.0
0.9532749527100782,0.9386453565097476,0.9644822770515672,CAOP,193.0
0.9532749527100782,0.9386453565097476,0.9644822770515672,CAOP,194.0
0.9522788451314883,0.9375174944281273,0.963620586898828,CAOP,195.0
0.9522788451314883,0.9375174944281273,0.963620586898828,CAOP,196.0
0.9512806492770521,0.9363885834959164,0.9627557424404812,CAOP,197.0
0.9512806492770521,0.9363885834959164,0.9627557424404812,CAOP,198.0
0.9512806492770521,0.9363885834959164,0.9627557424404812,CAOP,200.0
0.9512806492770521,0.9363885834959164,0.9627557424404812,CAOP,203.0
0.9492737280760458,0.9341219010863229,0.9610134807006729,CAOP,204.0
0.9492737280760458,0.9341219010863229,0.9610134807006729,CAOP,207.0
0.9492737280760458,0.9341219010863229,0.9610134807006729,CAOP,209.0
0.9492737280760458,0.9341219010863229,0.9610134807006729,CAOP,214.0
0.9472604221840495,0.9318533332029914,0.9592604211636592,CAOP,215.0
0.946253769238052,0.9307213892452972,0.9583817452077952,CAOP,217.0
0.9452471162920539,0.9295909452363417,0.9575016889427284,CAOP,221.0
0.9452471162920539,0.9295909452363417,0.9575016889427284,CAOP,230.0
0.9432316640185098,0.9273316136799058,0.9557359244668078,CAOP,233.0
0.9432316640185098,0.9273316136799058,0.9557359244668078,CAOP,236.0
0.9432316640185098,0.9273316136799058,0.9557359244668078,CAOP,237.0
0.9422217800099245,0.9262012610974533,0.9548494381791452,CAOP,240.0
0.9422217800099245,0.9262012610974533,0.9548494381791452,CAOP,241.0
0.9401976730711273,0.9239390361922066,0.9530693558972464,CAOP,244.0
0.9401976730711273,0.9239390361922066,0.9530693558972464,CAOP,246.0
0.9401976730711273,0.9239390361922066,0.9530693558972464,CAOP,249.0
0.9401976730711273,0.9239390361922066,0.9530693558972464,CAOP,252.0
0.939179040705937,0.9228014568844674,0.9521723851158006,CAOP,253.0
0.939179040705937,0.9228014568844674,0.9521723851158006,CAOP,254.0
0.939179040705937,0.9228014568844674,0.9521723851158006,CAOP,255.0
0.939179040705937,0.9228014568844674,0.9521723851158006,CAOP,262.0
0.9381570830990756,0.9216609296430309,0.9512716272629422,CAOP,266.0
0.9371351254922136,0.9205217063862661,0.9503696792648336,CAOP,271.0
0.9361131678853516,0.9193837544302285,0.949466568326335,CAOP,277.0
0.93509121027849,0.9182470425177546,0.9485623205738757,CAOP,290.0
0.9340692526716281,0.9171115407320763,0.9476569611146023,CAOP,292.0
0.9340692526716281,0.9171115407320763,0.9476569611146023,CAOP,293.0
0.933045053929664,0.9159743756743339,0.9467487561064949,CAOP,294.0
0.9320208551876994,0.9148383770372877,0.9458394790373587,CAOP,297.0
0.9309966564457349,0.9137035180144331,0.9449291525090797,CAOP,298.0
0.9299724577037709,0.9125697728794003,0.9440177982916031,CAOP,308.0
0.9299724577037709,0.9125697728794003,0.9440177982916031,CAOP,311.0
0.9289471297459946,0.9114356943433051,0.9431045448866264,CAOP,312.0
0.9279218017882168,0.9103026869688966,0.9421903013900589,CAOP,319.0
0.9279218017882168,0.9103026869688966,0.9421903013900589,CAOP,322.0
0.9268953396180974,0.9091693037859471,0.9412741878938972,CAOP,323.0
0.9268953396180974,0.9091693037859471,0.9412741878938972,CAOP,325.0
0.9268953396180974,0.9091693037859471,0.9412741878938972,CAOP,327.0
0.9258654559074102,0.9080326620457841,0.9403544023493888,CAOP,328.0
0.9248355721967241,0.9068970466718655,0.9394336697138138,CAOP,330.0
0.9248355721967241,0.9068970466718655,0.9394336697138138,CAOP,332.0
0.9248355721967241,0.9068970466718655,0.9394336697138138,CAOP,333.0
0.9248355721967241,0.9068970466718655,0.9394336697138138,CAOP,337.0
0.9238022363618669,0.9057581199007658,0.93850925926573,CAOP,339.0
0.9238022363618669,0.9057581199007658,0.93850925926573,CAOP,342.0
0.9238022363618669,0.9057581199007658,0.93850925926573,CAOP,343.0
0.9238022363618669,0.9057581199007658,0.93850925926573,CAOP,345.0
0.9238022363618669,0.9057581199007658,0.93850925926573,CAOP,346.0
0.9238022363618669,0.9057581199007658,0.93850925926573,CAOP,349.0
0.9238022363618669,0.9057581199007658,0.93850925926573,CAOP,350.0
0.9238022363618669,0.9057581199007658,0.93850925926573,CAOP,351.0
0.9238022363618669,0.9057581199007658,0.93850925926573,CAOP,352.0
0.9238022363618669,0.9057581199007658,0.93850925926573,CAOP,353.0
0.9238022363618669,0.9057581199007658,0.93850925926573,CAOP,354.0
0.922742830127507,0.9045875434422509,0.9375632045580538,CAOP,356.0
0.9216822061848317,0.9034165440314652,0.9366151994413591,CAOP,357.0
0.9206191355894631,0.9022435671804157,0.935664280777894,CAOP,358.0
0.9206191355894631,0.9022435671804157,0.935664280777894,CAOP,359.0
0.9206191355894631,0.9022435671804157,0.935664280777894,CAOP,360.0
0.919546152913951,0.901059258415246,0.9347045227946911,CAOP,361.0
0.919546152913951,0.901059258415246,0.9347045227946911,CAOP,362.0
0.919546152913951,0.901059258415246,0.9347045227946911,CAOP,363.0
0.919546152913951,0.901059258415246,0.9347045227946911,CAOP,364.0
0.919546152913951,0.901059258415246,0.9347045227946911,CAOP,365.0
0.919546152913951,0.901059258415246,0.9347045227946911,CAOP,366.0
0.919546152913951,0.901059258415246,0.9347045227946911,CAOP,367.0
0.919546152913951,0.901059258415246,0.9347045227946911,CAOP,368.0
0.919546152913951,0.901059258415246,0.9347045227946911,CAOP,369.0
0.919546152913951,0.901059258415246,0.9347045227946911,CAOP,370.0
0.9183732624127852,0.899749722552094,0.9336652213959525,CAOP,371.0
0.917195860794307,0.8984360477552656,0.9326211105612278,CAOP,372.0
0.917195860794307,0.8984360477552656,0.9326211105612278,CAOP,373.0
0.917195860794307,0.8984360477552656,0.9326211105612278,CAOP,374.0
0.9160108532222215,0.8971142807195516,0.931569785840905,CAOP,375.0
0.9160108532222215,0.8971142807195516,0.931569785840905,CAOP,376.0
0.9148227717005325,0.8957902067091644,0.9305147754824773,CAOP,377.0
0.9136346901788441,0.8944677168995006,0.9294584936041627,CAOP,378.0
0.9136346901788441,0.8944677168995006,0.9294584936041627,CAOP,381.0
0.9136346901788441,0.8944677168995006,0.9294584936041627,CAOP,382.0
0.9136346901788441,0.8944677168995006,0.9294584936041627,CAOP,383.0
0.9136346901788441,0.8944677168995006,0.9294584936041627,CAOP,384.0
0.9136346901788441,0.8944677168995006,0.9294584936041627,CAOP,386.0
0.9136346901788441,0.8944677168995006,0.9294584936041627,CAOP,387.0
0.9124341189696735,0.8931309132137313,0.92839119644368,CAOP,389.0
0.9100298129908332,0.8904579975354996,0.926250351094187,CAOP,392.0
0.9100298129908332,0.8904579975354996,0.926250351094187,CAOP,393.0
0.9100298129908332,0.8904579975354996,0.926250351094187,CAOP,395.0
0.9100298129908332,0.8904579975354996,0.926250351094187,CAOP,396.0
0.908822876899333,0.8891177773995554,0.9251743295195851,CAOP,397.0
0.908822876899333,0.8891177773995554,0.9251743295195851,CAOP,398.0
0.908822876899333,0.8891177773995554,0.9251743295195851,CAOP,400.0
0.908822876899333,0.8891177773995554,0.9251743295195851,CAOP,401.0
0.908822876899333,0.8891177773995554,0.9251743295195851,CAOP,404.0
0.908822876899333,0.8891177773995554,0.9251743295195851,CAOP,406.0
0.908822876899333,0.8891177773995554,0.9251743295195851,CAOP,407.0
0.908822876899333,0.8891177773995554,0.9251743295195851,CAOP,408.0
0.9075980482242664,0.8877564295776317,0.9240830463354585,CAOP,409.0
0.9075980482242664,0.8877564295776317,0.9240830463354585,CAOP,413.0
0.9063699047219335,0.8863924538597572,0.9229879094107257,CAOP,414.0
0.9063699047219335,0.8863924538597572,0.9229879094107257,CAOP,416.0
0.9063699047219335,0.8863924538597572,0.9229879094107257,CAOP,418.0
0.9063699047219335,0.8863924538597572,0.9229879094107257,CAOP,419.0
0.9051333837059417,0.8850194373460138,0.9218849519936732,CAOP,420.0
0.9051333837059417,0.8850194373460138,0.9218849519936732,CAOP,421.0
0.9038951711427328,0.8836458403184965,0.9207794210583198,CAOP,423.0
0.9038951711427328,0.8836458403184965,0.9207794210583198,CAOP,427.0
0.9038951711427328,0.8836458403184965,0.9207794210583198,CAOP,428.0
0.9038951711427328,0.8836458403184965,0.9207794210583198,CAOP,431.0
0.9026501364717374,0.8822651688090595,0.9196672938451884,CAOP,434.0
0.9026501364717374,0.8822651688090595,0.9196672938451884,CAOP,436.0
0.9026501364717374,0.8822651688090595,0.9196672938451884,CAOP,437.0
0.9013981945348835,0.8808773221581052,0.9185485003122728,CAOP,438.0
0.9001462525980295,0.8794910052296617,0.9174284825113299,CAOP,439.0
0.9001462525980295,0.8794910052296617,0.9174284825113299,CAOP,443.0
0.8976318775907721,0.8767096651404335,0.915176561896378,CAOP,445.0
0.8976318775907721,0.8767096651404335,0.915176561896378,CAOP,447.0
0.8976318775907721,0.8767096651404335,0.915176561896378,CAOP,448.0
0.8951104397323711,0.8739253131285162,0.9129143411556752,CAOP,453.0
0.8938497208031704,0.8725352661386806,0.9117815084487946,CAOP,458.0
0.8938497208031704,0.8725352661386806,0.9117815084487946,CAOP,459.0
0.8938497208031704,0.8725352661386806,0.9117815084487946,CAOP,463.0
0.8925854354837878,0.8711421505183576,0.910644715551271,CAOP,479.0
0.891321150164406,0.8697504014683922,0.9095068111164156,CAOP,488.0
0.8900568648450234,0.8683599905208151,0.9083678148238102,CAOP,491.0
0.8887925795256416,0.8669708902520419,0.9072277457102982,CAOP,494.0
0.8862640088868773,0.8641965169683367,0.904944462129895,CAOP,496.0
0.8849997235674948,0.8628111938741622,0.9038012827804773,CAOP,501.0
0.8837354382481128,0.861427081211257,0.9026571008959511,CAOP,503.0
0.8824711529287308,0.8600441560563875,0.9015119327097261,CAOP,507.0
0.8812068676093489,0.8586623962618359,0.900365793965925,CAOP,510.0
0.8799425822899668,0.8572817804195383,0.8992186999401147,CAOP,515.0
0.8786782969705843,0.855902287827308,0.8980706654589041,CAOP,531.0
0.8774140116512025,0.8545238984570014,0.8969217049184824,CAOP,542.0
0.8761497263318202,0.8531465929244849,0.8957718323021632,CAOP,547.0
0.8748854410124377,0.8517703524612935,0.8946210611970098,CAOP,552.0
0.8736211556930562,0.8503951588878567,0.8934694048095926,CAOP,554.0
0.8723568703736734,0.8490209945881871,0.8923168759809311,CAOP,558.0
0.8710925850542918,0.8476478424859539,0.8911634872006902,CAOP,559.0
0.8698282997349094,0.8462756860218187,0.8900092506206462,CAOP,563.0
0.8685640144155271,0.8449045091319891,0.8888541780675019,CAOP,570.0
0.867299729096145,0.8435342962278846,0.8876982810550623,CAOP,594.0
0.8660354437767633,0.8421650321768601,0.8865415707958263,CAOP,597.0
0.8647711584573807,0.8407967022839146,0.885384058212018,CAOP,603.0
0.8635068731379989,0.8394292922743323,0.8842257539461051,CAOP,607.0
0.8622425878186168,0.8380627882771864,0.8830666683708122,CAOP,608.0
0.8609783024992342,0.8366971768096675,0.8819068115986799,CAOP,617.0
0.8597140171798521,0.835332444762181,0.8807461934911849,CAOP,622.0
0.857185446541088,0.8326055682705917,0.8784227115125156,CAOP,625.0
0.857185446541088,0.8326055682705917,0.8784227115125156,CAOP,626.0
0.855919293739698,0.8312411598655306,0.8772583185069155,CAOP,630.0
0.854653140938308,0.8298775873425097,0.8760931974272538,CAOP,644.0
0.854653140938308,0.8298775873425097,0.8760931974272538,CAOP,646.0
0.854653140938308,0.8298775873425097,0.8760931974272538,CAOP,652.0
0.854653140938308,0.8298775873425097,0.8760931974272538,CAOP,654.0
0.8533813356690547,0.8285080710529139,0.8749226655317013,CAOP,655.0
0.8533813356690547,0.8285080710529139,0.8749226655317013,CAOP,657.0
0.8533813356690547,0.8285080710529139,0.8749226655317013,CAOP,658.0
0.8533813356690547,0.8285080710529139,0.8749226655317013,CAOP,664.0
0.8533813356690547,0.8285080710529139,0.8749226655317013,CAOP,666.0
0.8533813356690547,0.8285080710529139,0.8749226655317013,CAOP,669.0
0.8520999823121942,0.8271279497992867,0.8737434884086613,CAOP,670.0
0.8495334161004108,0.824365616139763,0.8713797371414074,CAOP,671.0
0.8495334161004108,0.824365616139763,0.8713797371414074,CAOP,674.0
0.8495334161004108,0.824365616139763,0.8713797371414074,CAOP,675.0
0.8495334161004108,0.824365616139763,0.8713797371414074,CAOP,676.0
0.8495334161004108,0.824365616139763,0.8713797371414074,CAOP,678.0
0.8482383956490384,0.8229716576482199,0.8701870277973943,CAOP,680.0
0.8482383956490384,0.8229716576482199,0.8701870277973943,CAOP,681.0
0.8482383956490384,0.8229716576482199,0.8701870277973943,CAOP,683.0
0.8482383956490384,0.8229716576482199,0.8701870277973943,CAOP,684.0
0.8482383956490384,0.8229716576482199,0.8701870277973943,CAOP,686.0
0.8482383956490384,0.8229716576482199,0.8701870277973943,CAOP,689.0
0.8482383956490384,0.8229716576482199,0.8701870277973943,CAOP,693.0
0.8482383956490384,0.8229716576482199,0.8701870277973943,CAOP,695.0
0.8482383956490384,0.8229716576482199,0.8701870277973943,CAOP,696.0
0.8482383956490384,0.8229716576482199,0.8701870277973943,CAOP,699.0
0.8482383956490384,0.8229716576482199,0.8701870277973943,CAOP,700.0
0.8469150908196327,0.8215446492930794,0.8689701416942601,CAOP,702.0
0.8469150908196327,0.8215446492930794,0.8689701416942601,CAOP,703.0
0.8455876376992257,0.820113583800124,0.8677490378157252,CAOP,707.0
0.8455876376992257,0.820113583800124,0.8677490378157252,CAOP,709.0
0.8442580973883778,0.8186809358691344,0.866525421378357,CAOP,711.0
0.8442580973883778,0.8186809358691344,0.866525421378357,CAOP,712.0
0.8442580973883778,0.8186809358691344,0.866525421378357,CAOP,713.0
0.8442580973883778,0.8186809358691344,0.866525421378357,CAOP,714.0
0.8442580973883778,0.8186809358691344,0.866525421378357,CAOP,715.0
0.8442580973883778,0.8186809358691344,0.866525421378357,CAOP,718.0
0.8442580973883778,0.8186809358691344,0.866525421378357,CAOP,719.0
0.8442580973883778,0.8186809358691344,0.866525421378357,CAOP,720.0
0.8442580973883778,0.8186809358691344,0.866525421378357,CAOP,721.0
0.8428963907796867,0.8172105627672713,0.8652744388973344,CAOP,722.0
0.8428963907796867,0.8172105627672713,0.8652744388973344,CAOP,723.0
0.8415258275426466,0.8157305301156198,0.8640153123129217,CAOP,724.0
0.8415258275426466,0.8157305301156198,0.8640153123129217,CAOP,725.0
0.8415258275426466,0.8157305301156198,0.8640153123129217,CAOP,726.0
0.8415258275426466,0.8157305301156198,0.8640153123129217,CAOP,727.0
0.8415258275426466,0.8157305301156198,0.8640153123129217,CAOP,728.0
0.8415258275426466,0.8157305301156198,0.8640153123129217,CAOP,729.0
0.8415258275426466,0.8157305301156198,0.8640153123129217,CAOP,730.0
0.8415258275426466,0.8157305301156198,0.8640153123129217,CAOP,731.0
0.8415258275426466,0.8157305301156198,0.8640153123129217,CAOP,732.0
0.8415258275426466,0.8157305301156198,0.8640153123129217,CAOP,733.0
0.8415258275426466,0.8157305301156198,0.8640153123129217,CAOP,734.0
0.8415258275426466,0.8157305301156198,0.8640153123129217,CAOP,735.0
0.8400520520127996,0.8141263973382288,0.8626709034210865,CAOP,736.0
0.8400520520127996,0.8141263973382288,0.8626709034210865,CAOP,737.0
0.8385678611081835,0.812510912233198,0.8613169453232195,CAOP,738.0
0.8385678611081835,0.812510912233198,0.8613169453232195,CAOP,739.0
0.8385678611081835,0.812510912233198,0.8613169453232195,CAOP,740.0
0.8385678611081835,0.812510912233198,0.8613169453232195,CAOP,741.0
0.8385678611081835,0.812510912233198,0.8613169453232195,CAOP,744.0
0.8385678611081835,0.812510912233198,0.8613169453232195,CAOP,745.0
0.8385678611081835,0.812510912233198,0.8613169453232195,CAOP,746.0
0.8370596455306508,0.8108674484736645,0.8599424075250868,CAOP,748.0
0.8370596455306508,0.8108674484736645,0.8599424075250868,CAOP,750.0
0.8370596455306508,0.8108674484736645,0.8599424075250868,CAOP,755.0
0.8355459752855678,0.8092187642400284,0.8585622924580335,CAOP,761.0
0.8355459752855678,0.8092187642400284,0.8585622924580335,CAOP,763.0
0.8340268007850489,0.8075647998471108,0.8571765590591606,CAOP,765.0
0.83250762628453,0.8059122780097823,0.8557896686869206,CAOP,767.0
0.8309884517840105,0.8042611739112522,0.8544016385173109,CAOP,769.0
0.8294692772834914,0.8026114635156454,0.85301248521881,CAOP,772.0
0.827950102782972,0.8009631235347604,0.8516222249735198,CAOP,774.0
0.827950102782972,0.8009631235347604,0.8516222249735198,CAOP,783.0
0.8264253327962634,0.7993093359518694,0.8502263105160771,CAOP,785.0
0.8264253327962634,0.7993093359518694,0.8502263105160771,CAOP,786.0
0.8248977443807441,0.7976534747421131,0.8488270051545009,CAOP,787.0
0.8248977443807441,0.7976534747421131,0.8488270051545009,CAOP,794.0
0.8248977443807441,0.7976534747421131,0.8488270051545009,CAOP,797.0
0.8248977443807441,0.7976534747421131,0.8488270051545009,CAOP,804.0
0.8233616219517295,0.7959885979698866,0.847419648781691,CAOP,805.0
0.8218254995227149,0.794325066310075,0.8460112017382082,CAOP,808.0
0.8218254995227149,0.794325066310075,0.8460112017382082,CAOP,810.0
0.8202865004599379,0.7926593756542076,0.8445993259026346,CAOP,816.0
0.81874460854178,0.7909914989714488,0.8431840129985446,CAOP,828.0
0.8172027166236222,0.789324925227298,0.841767638493176,CAOP,834.0
0.8156608247054644,0.7876596343155918,0.8403502165045631,CAOP,839.0
0.8141189327873066,0.7859956067127422,0.838931760767776,CAOP,840.0
0.812577040869149,0.7843328234549359,0.8375122846494955,CAOP,855.0
0.8110351489509914,0.7826712661164588,0.8360918011618654,CAOP,860.0
0.8094932570328333,0.7810109167890771,0.8346703229756661,CAOP,867.0
0.8079513651146754,0.7793517580624205,0.8332478624328531,CAOP,876.0
0.806409473196518,0.7776937730052987,0.8318244315584913,CAOP,886.0
0.8048675812783603,0.7760369451479054,0.8304000420721257,CAOP,891.0
0.8017778784711496,0.7727196290211491,0.8275435210670726,CAOP,899.0
0.8002330270675442,0.7710626577060239,0.826113857419311,CAOP,901.0
0.7986881756639391,0.7694067907904413,0.824683272731818,CAOP,914.0
0.7971433242603339,0.7677520136913905,0.8232517774698933,CAOP,923.0
0.7955984728567287,0.7660983122024596,0.8218193818474333,CAOP,926.0
0.7940536214531235,0.7644456724807424,0.8203860958353177,CAOP,929.0
0.7925087700495178,0.7627940810343223,0.8189519291694309,CAOP,933.0
0.7909639186459125,0.7611435247103052,0.8175168913583398,CAOP,935.0
0.7894190672423074,0.7594939906833639,0.8160809916906383,CAOP,936.0
0.7878742158387019,0.7578454664447776,0.8146442392419853,CAOP,947.0
0.7863293644350966,0.7561979397919362,0.8132066428818475,CAOP,949.0
0.7847845130314915,0.7545513988182844,0.811768211279961,CAOP,963.0
0.7832396616278864,0.7529058319036853,0.8103289529125277,CAOP,964.0
0.781694810224281,0.7512612277051851,0.8088888760681612,CAOP,968.0
0.7801499588206758,0.7496175751481532,0.8074479888535929,CAOP,979.0
0.777060256013465,0.7463330819509355,0.8045638148640093,CAOP,988.0
0.777060256013465,0.7463330819509355,0.8045638148640093,CAOP,1006.0
0.777060256013465,0.7463330819509355,0.8045638148640093,CAOP,1009.0
0.777060256013465,0.7463330819509355,0.8045638148640093,CAOP,1011.0
0.7755061355014384,0.7446813244683566,0.8031127265275313,CAOP,1012.0
0.7723978944773846,0.741380599224932,0.8002081658640934,CAOP,1017.0
0.7708437739653579,0.739731611168244,0.7987547084784944,CAOP,1019.0
0.7692896534533306,0.7380835263407501,0.7973004760892966,CAOP,1021.0
0.7692896534533306,0.7380835263407501,0.7973004760892966,CAOP,1022.0
0.7692896534533306,0.7380835263407501,0.7973004760892966,CAOP,1024.0
0.7692896534533306,0.7380835263407501,0.7973004760892966,CAOP,1028.0
0.7677228720817351,0.7364214971750253,0.7958347667510773,CAOP,1030.0
0.7677228720817351,0.7364214971750253,0.7958347667510773,CAOP,1031.0
0.7677228720817351,0.7364214971750253,0.7958347667510773,CAOP,1033.0
0.766143195390209,0.7347452603270757,0.7943573749738974,CAOP,1035.0
0.7645635186986831,0.7330699612133469,0.7928791819630626,CAOP,1038.0
0.7645635186986831,0.7330699612133469,0.7928791819630626,CAOP,1040.0
0.7629805714550008,0.7313917572201023,0.7913974291465031,CAOP,1043.0
0.7629805714550008,0.7313917572201023,0.7913974291465031,CAOP,1045.0
0.7629805714550008,0.7313917572201023,0.7913974291465031,CAOP,1046.0
0.7629805714550008,0.7313917572201023,0.7913974291465031,CAOP,1053.0
0.7613776710948009,0.7296910849633566,0.7898980203773075,CAOP,1059.0
0.7613776710948009,0.7296910849633566,0.7898980203773075,CAOP,1062.0
0.7613776710948009,0.7296910849633566,0.7898980203773075,CAOP,1064.0
0.7613776710948009,0.7296910849633566,0.7898980203773075,CAOP,1065.0
0.7613776710948009,0.7296910849633566,0.7898980203773075,CAOP,1066.0
0.7613776710948009,0.7296910849633566,0.7898980203773075,CAOP,1067.0
0.7613776710948009,0.7296910849633566,0.7898980203773075,CAOP,1070.0
0.7613776710948009,0.7296910849633566,0.7898980203773075,CAOP,1071.0
0.7613776710948009,0.7296910849633566,0.7898980203773075,CAOP,1072.0
0.7597225022445947,0.7279298876545262,0.7883537871413646,CAOP,1074.0
0.7597225022445947,0.7279298876545262,0.7883537871413646,CAOP,1075.0
0.7597225022445947,0.7279298876545262,0.7883537871413646,CAOP,1077.0
0.7597225022445947,0.7279298876545262,0.7883537871413646,CAOP,1079.0
0.7597225022445947,0.7279298876545262,0.7883537871413646,CAOP,1080.0
0.7597225022445947,0.7279298876545262,0.7883537871413646,CAOP,1082.0
0.7597225022445947,0.7279298876545262,0.7883537871413646,CAOP,1083.0
0.7597225022445947,0.7279298876545262,0.7883537871413646,CAOP,1084.0
0.7580266930877991,0.7261217577457959,0.7867746001882291,CAOP,1086.0
0.7580266930877991,0.7261217577457959,0.7867746001882291,CAOP,1087.0
0.7580266930877991,0.7261217577457959,0.7867746001882291,CAOP,1088.0
0.7580266930877991,0.7261217577457959,0.7867746001882291,CAOP,1089.0
0.7580266930877991,0.7261217577457959,0.7867746001882291,CAOP,1090.0
0.7580266930877991,0.7261217577457959,0.7867746001882291,CAOP,1091.0
0.7580266930877991,0.7261217577457959,0.7867746001882291,CAOP,1092.0
0.7580266930877991,0.7261217577457959,0.7867746001882291,CAOP,1093.0
0.7580266930877991,0.7261217577457959,0.7867746001882291,CAOP,1094.0
0.7580266930877991,0.7261217577457959,0.7867746001882291,CAOP,1095.0
0.7562132320995509,0.7241746493352723,0.7850968260521919,CAOP,1096.0
0.7562132320995509,0.7241746493352723,0.7850968260521919,CAOP,1097.0
0.7562132320995509,0.7241746493352723,0.7850968260521919,CAOP,1098.0
0.7562132320995509,0.7241746493352723,0.7850968260521919,CAOP,1099.0
0.7543414171686108,0.7221589602927277,0.7833698839676535,CAOP,1101.0
0.7524602665023545,0.7201337772962986,0.7816338833696252,CAOP,1102.0
0.7505696628176756,0.7180989718401213,0.7798887184733311,CAOP,1103.0
0.7505696628176756,0.7180989718401213,0.7798887184733311,CAOP,1107.0
0.7505696628176756,0.7180989718401213,0.7798887184733311,CAOP,1108.0
0.7505696628176756,0.7180989718401213,0.7798887184733311,CAOP,1109.0
0.7505696628176756,0.7180989718401213,0.7798887184733311,CAOP,1111.0
0.7486598163474014,0.7160427537742184,0.778126376606789,CAOP,1112.0
0.7486598163474014,0.7160427537742184,0.778126376606789,CAOP,1113.0
0.7486598163474014,0.7160427537742184,0.778126376606789,CAOP,1115.0
0.7486598163474014,0.7160427537742184,0.778126376606789,CAOP,1116.0
0.7467352409840409,0.7139706010859713,0.7763505220598205,CAOP,1120.0
0.7467352409840409,0.7139706010859713,0.7763505220598205,CAOP,1121.0
0.7467352409840409,0.7139706010859713,0.7763505220598205,CAOP,1123.0
0.7467352409840409,0.7139706010859713,0.7763505220598205,CAOP,1128.0
0.7467352409840409,0.7139706010859713,0.7763505220598205,CAOP,1131.0
0.7447906179606447,0.7118761178061195,0.7745567971111132,CAOP,1132.0
0.7447906179606447,0.7118761178061195,0.7745567971111132,CAOP,1136.0
0.7447906179606447,0.7118761178061195,0.7745567971111132,CAOP,1137.0
0.7428357869423752,0.7097712223482835,0.7727532010761633,CAOP,1143.0
0.7408809559241056,0.7076682448550338,0.7709480558242201,CAOP,1144.0
0.7408809559241056,0.7076682448550338,0.7709480558242201,CAOP,1145.0
0.7408809559241056,0.7076682448550338,0.7709480558242201,CAOP,1147.0
0.7408809559241056,0.7076682448550338,0.7709480558242201,CAOP,1150.0
0.7389105278498392,0.7055483604989808,0.7691286343243346,CAOP,1152.0
0.7389105278498392,0.7055483604989808,0.7691286343243346,CAOP,1156.0
0.7369348312513103,0.7034240514504149,0.7673033508745603,CAOP,1157.0
0.7369348312513103,0.7034240514504149,0.7673033508745603,CAOP,1158.0
0.7369348312513103,0.7034240514504149,0.7673033508745603,CAOP,1159.0
0.7349484839972635,0.7012888320250317,0.7654678066271726,CAOP,1162.0
0.7349484839972635,0.7012888320250317,0.7654678066271726,CAOP,1165.0
0.7349484839972635,0.7012888320250317,0.7654678066271726,CAOP,1174.0
0.7349484839972635,0.7012888320250317,0.7654678066271726,CAOP,1178.0
0.7309323720628524,0.696971935615075,0.7617564999907697,CAOP,1190.0
0.7289243160956467,0.6948164390637996,0.7598984559507382,CAOP,1196.0
0.7269162601284416,0.6926628719763323,0.7580388456673074,CAOP,1197.0
0.7249082041612352,0.6905112066869138,0.7561776890517036,CAOP,1212.0
0.72290014819403,0.6883614163403977,0.7543150054311315,CAOP,1227.0
0.7208920922268242,0.6862134748608705,0.7524508135719874,CAOP,1230.0
0.7188840362596187,0.6840673569218383,0.7505851317018838,CAOP,1231.0
0.7168759802924128,0.6819230379178638,0.7487179775305352,CAOP,1240.0
0.7168759802924128,0.6819230379178638,0.7487179775305352,CAOP,1242.0
0.7148622837185579,0.6797737684095181,0.7468447069156328,CAOP,1247.0
0.7128485871447025,0.6776262709944688,0.7449699823998646,CAOP,1262.0
0.7108348905708474,0.6754805226530151,0.7430938205595593,CAOP,1273.0
0.7088211939969922,0.6733365010009006,0.7412162375155906,CAOP,1275.0
0.7088211939969922,0.6733365010009006,0.7412162375155906,CAOP,1294.0
0.7068017603958612,0.6711873724673609,0.7393324867425999,CAOP,1296.0
0.7047823267947303,0.6690399475089773,0.7374473304870681,CAOP,1303.0
0.7027628931935995,0.6668942051217304,0.7355607838850198,CAOP,1304.0
0.7007434595924684,0.6647501248650141,0.7336728616691994,CAOP,1305.0
0.6987240259913376,0.6626076868420594,0.7317835781832892,CAOP,1329.0
0.6967045923902065,0.6604668716812296,0.7298929473954588,CAOP,1337.0
0.6946851587890751,0.6583276605181503,0.728000982911297,CAOP,1338.0
0.6906462915868129,0.6540539771622699,0.7242131055369015,CAOP,1344.0
0.6906462915868129,0.6540539771622699,0.7242131055369015,CAOP,1345.0
0.6886209358930101,0.6519125037932973,0.7223122533686772,CAOP,1353.0
0.6865955801992066,0.6497725823807738,0.7204101041243446,CAOP,1371.0
0.6865955801992066,0.6497725823807738,0.7204101041243446,CAOP,1372.0
0.6865955801992066,0.6497725823807738,0.7204101041243446,CAOP,1384.0
0.6865955801992066,0.6497725823807738,0.7204101041243446,CAOP,1396.0
0.6865955801992066,0.6497725823807738,0.7204101041243446,CAOP,1397.0
0.6845337316100195,0.6475912712696156,0.7184760846263338,CAOP,1398.0
0.6824656538710163,0.6454042604947228,0.7165354885564862,CAOP,1399.0
0.6803975761320133,0.6432188866396013,0.7145935271055424,CAOP,1400.0
0.6783231932779521,0.6410277190981294,0.7126449278510799,CAOP,1405.0
0.6783231932779521,0.6410277190981294,0.7126449278510799,CAOP,1406.0
0.6783231932779521,0.6410277190981294,0.7126449278510799,CAOP,1409.0
0.6783231932779521,0.6410277190981294,0.7126449278510799,CAOP,1414.0
0.6783231932779521,0.6410277190981294,0.7126449278510799,CAOP,1415.0
0.6783231932779521,0.6410277190981294,0.7126449278510799,CAOP,1416.0
0.6783231932779521,0.6410277190981294,0.7126449278510799,CAOP,1423.0
0.676190101475191,0.6387690083488553,0.7106458877643433,CAOP,1427.0
0.676190101475191,0.6387690083488553,0.7106458877643433,CAOP,1431.0
0.676190101475191,0.6387690083488553,0.7106458877643433,CAOP,1434.0
0.676190101475191,0.6387690083488553,0.7106458877643433,CAOP,1436.0
0.676190101475191,0.6387690083488553,0.7106458877643433,CAOP,1437.0
0.676190101475191,0.6387690083488553,0.7106458877643433,CAOP,1440.0
0.6740017839946882,0.6364467533137038,0.7085994271779812,CAOP,1441.0
0.6740017839946882,0.6364467533137038,0.7085994271779812,CAOP,1442.0
0.6740017839946882,0.6364467533137038,0.7085994271779812,CAOP,1444.0
0.6740017839946882,0.6364467533137038,0.7085994271779812,CAOP,1445.0
0.6740017839946882,0.6364467533137038,0.7085994271779812,CAOP,1446.0
0.6740017839946882,0.6364467533137038,0.7085994271779812,CAOP,1447.0
0.6740017839946882,0.6364467533137038,0.7085994271779812,CAOP,1448.0
0.6717170321845364,0.6340116859035951,0.7064717344386913,CAOP,1449.0
0.6717170321845364,0.6340116859035951,0.7064717344386913,CAOP,1450.0
0.6717170321845364,0.6340116859035951,0.7064717344386913,CAOP,1451.0
0.6717170321845364,0.6340116859035951,0.7064717344386913,CAOP,1452.0
0.6717170321845364,0.6340116859035951,0.7064717344386913,CAOP,1453.0
0.6717170321845364,0.6340116859035951,0.7064717344386913,CAOP,1454.0
0.6717170321845364,0.6340116859035951,0.7064717344386913,CAOP,1455.0
0.6717170321845364,0.6340116859035951,0.7064717344386913,CAOP,1456.0
0.6717170321845364,0.6340116859035951,0.7064717344386913,CAOP,1457.0
0.6717170321845364,0.6340116859035951,0.7064717344386913,CAOP,1458.0
0.6717170321845364,0.6340116859035951,0.7064717344386913,CAOP,1459.0
0.6717170321845364,0.6340116859035951,0.7064717344386913,CAOP,1460.0
0.6717170321845364,0.6340116859035951,0.7064717344386913,CAOP,1461.0
0.6717170321845364,0.6340116859035951,0.7064717344386913,CAOP,1462.0
0.6717170321845364,0.6340116859035951,0.7064717344386913,CAOP,1463.0
0.6717170321845364,0.6340116859035951,0.7064717344386913,CAOP,1466.0
0.6717170321845364,0.6340116859035951,0.7064717344386913,CAOP,1467.0
0.6717170321845364,0.6340116859035951,0.7064717344386913,CAOP,1468.0
0.6717170321845364,0.6340116859035951,0.7064717344386913,CAOP,1469.0
0.6661884969402192,0.6279803133821109,0.701442019156724,CAOP,1470.0
0.6661884969402192,0.6279803133821109,0.701442019156724,CAOP,1471.0
0.6661884969402192,0.6279803133821109,0.701442019156724,CAOP,1472.0
0.6633775750122014,0.6249138890049212,0.6988849636479648,CAOP,1475.0
0.6633775750122014,0.6249138890049212,0.6988849636479648,CAOP,1480.0
0.6633775750122014,0.6249138890049212,0.6988849636479648,CAOP,1482.0
0.6633775750122014,0.6249138890049212,0.6988849636479648,CAOP,1484.0
0.6633775750122014,0.6249138890049212,0.6988849636479648,CAOP,1487.0
0.6604933246860615,0.6217610317199224,0.6962669703306839,CAOP,1491.0
0.6604933246860615,0.6217610317199224,0.6962669703306839,CAOP,1493.0
0.6604933246860615,0.6217610317199224,0.6962669703306839,CAOP,1495.0
0.657583662462775,0.6185819093134447,0.6936249169585907,CAOP,1503.0
0.657583662462775,0.6185819093134447,0.6936249169585907,CAOP,1508.0
0.657583662462775,0.6185819093134447,0.6936249169585907,CAOP,1514.0
0.657583662462775,0.6185819093134447,0.6936249169585907,CAOP,1515.0
0.657583662462775,0.6185819093134447,0.6936249169585907,CAOP,1518.0
0.657583662462775,0.6185819093134447,0.6936249169585907,CAOP,1520.0
0.657583662462775,0.6185819093134447,0.6936249169585907,CAOP,1523.0
0.654580997337374,0.615291803448604,0.6909067400194179,CAOP,1524.0
0.6515783322119734,0.6120078807231148,0.6881836164773633,CAOP,1534.0
0.6515783322119734,0.6120078807231148,0.6881836164773633,CAOP,1541.0
0.6515783322119734,0.6120078807231148,0.6881836164773633,CAOP,1550.0
0.6485477353179643,0.6086950017489052,0.6854341424147277,CAOP,1557.0
0.6455171384239554,0.6053882568541589,0.6826797569025252,CAOP,1585.0
0.642486541529946,0.6020875122942241,0.6799205636591731,CAOP,1589.0
0.639455944635937,0.598792640389499,0.6771566613616352,CAOP,1605.0
0.6364253477419276,0.5955035191612957,0.6743881439670409,CAOP,1610.0
0.6333947508479185,0.5922200319960375,0.6716151010080916,CAOP,1636.0
0.6303495837765342,0.588924046738651,0.6688262162211336,CAOP,1639.0
0.6303495837765342,0.588924046738651,0.6688262162211336,CAOP,1642.0
0.6272896343407258,0.5856153196984766,0.6660213085605463,CAOP,1668.0
0.624229684904917,0.5823121133670863,0.6632119566629807,CAOP,1670.0
0.624229684904917,0.5823121133670863,0.6632119566629807,CAOP,1684.0
0.621139438940041,0.5789769985038837,0.6603744304221878,CAOP,1703.0
0.621139438940041,0.5789769985038837,0.6603744304221878,CAOP,1727.0
0.621139438940041,0.5789769985038837,0.6603744304221878,CAOP,1734.0
0.621139438940041,0.5789769985038837,0.6603744304221878,CAOP,1741.0
0.6180023710666064,0.5755896850601474,0.6574957023309408,CAOP,1753.0
0.6148331281380598,0.5721684352897327,0.6545871151095252,CAOP,1762.0
0.6148331281380598,0.5721684352897327,0.6545871151095252,CAOP,1763.0
0.6116308722623408,0.5687123352186645,0.6516479249430883,CAOP,1764.0
0.6116308722623408,0.5687123352186645,0.6516479249430883,CAOP,1766.0
0.6084117624083285,0.5652414701848163,0.6486906750212588,CAOP,1768.0
0.6084117624083285,0.5652414701848163,0.6486906750212588,CAOP,1773.0
0.6084117624083285,0.5652414701848163,0.6486906750212588,CAOP,1775.0
0.6084117624083285,0.5652414701848163,0.6486906750212588,CAOP,1779.0
0.6084117624083285,0.5652414701848163,0.6486906750212588,CAOP,1780.0
0.6084117624083285,0.5652414701848163,0.6486906750212588,CAOP,1781.0
0.6084117624083285,0.5652414701848163,0.6486906750212588,CAOP,1782.0
0.6084117624083285,0.5652414701848163,0.6486906750212588,CAOP,1785.0
0.6084117624083285,0.5652414701848163,0.6486906750212588,CAOP,1786.0
0.6050128140149859,0.5615536517615836,0.6455887391241103,CAOP,1791.0
0.6050128140149859,0.5615536517615836,0.6455887391241103,CAOP,1792.0
0.6050128140149859,0.5615536517615836,0.6455887391241103,CAOP,1793.0
0.6050128140149859,0.5615536517615836,0.6455887391241103,CAOP,1799.0
0.6015357288769689,0.5577756226779258,0.6424207609644411,CAOP,1800.0
0.6015357288769689,0.5577756226779258,0.6424207609644411,CAOP,1803.0
0.6015357288769689,0.5577756226779258,0.6424207609644411,CAOP,1804.0
0.6015357288769689,0.5577756226779258,0.6424207609644411,CAOP,1805.0
0.6015357288769689,0.5577756226779258,0.6424207609644411,CAOP,1806.0
0.6015357288769689,0.5577756226779258,0.6424207609644411,CAOP,1808.0
0.6015357288769689,0.5577756226779258,0.6424207609644411,CAOP,1811.0
0.6015357288769689,0.5577756226779258,0.6424207609644411,CAOP,1812.0
0.6015357288769689,0.5577756226779258,0.6424207609644411,CAOP,1813.0
0.6015357288769689,0.5577756226779258,0.6424207609644411,CAOP,1814.0
0.6015357288769689,0.5577756226779258,0.6424207609644411,CAOP,1816.0
0.6015357288769689,0.5577756226779258,0.6424207609644411,CAOP,1819.0
0.6015357288769689,0.5577756226779258,0.6424207609644411,CAOP,1821.0
0.6015357288769689,0.5577756226779258,0.6424207609644411,CAOP,1822.0
0.6015357288769689,0.5577756226779258,0.6424207609644411,CAOP,1823.0
0.6015357288769689,0.5577756226779258,0.6424207609644411,CAOP,1824.0
0.6015357288769689,0.5577756226779258,0.6424207609644411,CAOP,1825.0
0.9919354838709671,0.9441379583083613,0.9988600550128918,CAGS,0.0
0.9838709677419355,0.937050896333544,0.9959416016289232,CAGS,24.0
0.9677419354838706,0.9163386196752782,0.9877693442109706,CAGS,31.0
0.9677419354838706,0.9163386196752782,0.9877693442109706,CAGS,41.0
0.9677419354838706,0.9163386196752782,0.9877693442109706,CAGS,176.0
0.9677419354838706,0.9163386196752782,0.9877693442109706,CAGS,180.0
0.9677419354838706,0.9163386196752782,0.9877693442109706,CAGS,181.0
0.9677419354838706,0.9163386196752782,0.9877693442109706,CAGS,182.0
0.9677419354838706,0.9163386196752782,0.9877693442109706,CAGS,183.0
0.9677419354838706,0.9163386196752782,0.9877693442109706,CAGS,188.0
0.9677419354838706,0.9163386196752782,0.9877693442109706,CAGS,201.0
0.9586122945830793,0.903284091431836,0.9825888276570776,CAGS,218.0
0.9586122945830793,0.903284091431836,0.9825888276570776,CAGS,231.0
0.9493948686736269,0.8906054152916794,0.9769914360247353,CAGS,242.0
0.9493948686736269,0.8906054152916794,0.9769914360247353,CAGS,243.0
0.9493948686736269,0.8906054152916794,0.9769914360247353,CAGS,271.0
0.9493948686736269,0.8906054152916794,0.9769914360247353,CAGS,308.0
0.9399009199868901,0.8777601824491317,0.9709654592416989,CAGS,310.0
0.9304069713001543,0.8653027203036334,0.9646745312284427,CAGS,317.0
0.9304069713001543,0.8653027203036334,0.9646745312284427,CAGS,330.0
0.9304069713001543,0.8653027203036334,0.9646745312284427,CAGS,345.0
0.9304069713001543,0.8653027203036334,0.9646745312284427,CAGS,351.0
0.9304069713001543,0.8653027203036334,0.9646745312284427,CAGS,360.0
0.9304069713001543,0.8653027203036334,0.9646745312284427,CAGS,361.0
0.9304069713001543,0.8653027203036334,0.9646745312284427,CAGS,362.0
0.9304069713001543,0.8653027203036334,0.9646745312284427,CAGS,363.0
0.9304069713001543,0.8653027203036334,0.9646745312284427,CAGS,365.0
0.9304069713001543,0.8653027203036334,0.9646745312284427,CAGS,366.0
0.9304069713001543,0.8653027203036334,0.9646745312284427,CAGS,370.0
0.9304069713001543,0.8653027203036334,0.9646745312284427,CAGS,389.0
0.9304069713001543,0.8653027203036334,0.9646745312284427,CAGS,395.0
0.9304069713001543,0.8653027203036334,0.9646745312284427,CAGS,406.0
0.9304069713001543,0.8653027203036334,0.9646745312284427,CAGS,416.0
0.9304069713001543,0.8653027203036334,0.9646745312284427,CAGS,448.0
0.9304069713001543,0.8653027203036334,0.9646745312284427,CAGS,459.0
0.9186296678659751,0.8484752863100918,0.9571085250098903,CAGS,593.0
0.9068523644317962,0.8324210861262368,0.9492129636953145,CAGS,635.0
0.8950750609976168,0.8169293340293277,0.9410426559580267,CAGS,648.0
0.8950750609976168,0.8169293340293277,0.9410426559580267,CAGS,657.0
0.8831407268509825,0.8015809501871003,0.9325567336447892,CAGS,666.0
0.8712063927043471,0.786603409088242,0.9238573236098957,CAGS,677.0
0.8712063927043471,0.786603409088242,0.9238573236098957,CAGS,687.0
0.8712063927043471,0.786603409088242,0.9238573236098957,CAGS,714.0
0.8712063927043471,0.786603409088242,0.9238573236098957,CAGS,716.0
0.8587605870942849,0.7710438889731428,0.9146915662600623,CAGS,717.0
0.8587605870942849,0.7710438889731428,0.9146915662600623,CAGS,719.0
0.8587605870942849,0.7710438889731428,0.9146915662600623,CAGS,720.0
0.8587605870942849,0.7710438889731428,0.9146915662600623,CAGS,724.0
0.8587605870942849,0.7710438889731428,0.9146915662600623,CAGS,730.0
0.8587605870942849,0.7710438889731428,0.9146915662600623,CAGS,731.0
0.8587605870942849,0.7710438889731428,0.9146915662600623,CAGS,735.0
0.8587605870942849,0.7710438889731428,0.9146915662600623,CAGS,737.0
0.8587605870942849,0.7710438889731428,0.9146915662600623,CAGS,748.0
0.8587605870942849,0.7710438889731428,0.9146915662600623,CAGS,749.0
0.8587605870942849,0.7710438889731428,0.9146915662600623,CAGS,771.0
0.8587605870942849,0.7710438889731428,0.9146915662600623,CAGS,807.0
0.8587605870942849,0.7710438889731428,0.9146915662600623,CAGS,808.0
0.8587605870942849,0.7710438889731428,0.9146915662600623,CAGS,839.0
0.8415853753523992,0.7470499691566768,0.9030308513535076,CAGS,881.0
0.8244101636105138,0.7241559716065922,0.890906275008782,CAGS,922.0
0.8072349518686278,0.7021129410890624,0.8783928601404372,CAGS,971.0
0.7900597401267423,0.6807532078414501,0.8655424302743738,CAGS,1048.0
0.7728845283848564,0.6599588405107436,0.8523929368368848,CAGS,1050.0
0.7728845283848564,0.6599588405107436,0.8523929368368848,CAGS,1091.0
0.7728845283848564,0.6599588405107436,0.8523929368368848,CAGS,1093.0
0.7728845283848564,0.6599588405107436,0.8523929368368848,CAGS,1096.0
0.7728845283848564,0.6599588405107436,0.8523929368368848,CAGS,1099.0
0.7728845283848564,0.6599588405107436,0.8523929368368848,CAGS,1112.0
0.7728845283848564,0.6599588405107436,0.8523929368368848,CAGS,1113.0
0.7728845283848564,0.6599588405107436,0.8523929368368848,CAGS,1138.0
0.7728845283848564,0.6599588405107436,0.8523929368368848,CAGS,1147.0
0.7728845283848564,0.6599588405107436,0.8523929368368848,CAGS,1151.0
0.7728845283848564,0.6599588405107436,0.8523929368368848,CAGS,1157.0
0.7728845283848564,0.6599588405107436,0.8523929368368848,CAGS,1173.0
0.7728845283848564,0.6599588405107436,0.8523929368368848,CAGS,1175.0
0.7728845283848564,0.6599588405107436,0.8523929368368848,CAGS,1185.0
0.7471217107720279,0.6242634179980546,0.8349597269736526,CAGS,1353.0
0.7213588931591992,0.5906627739459233,0.8165913102430028,CAGS,1410.0
0.7213588931591992,0.5906627739459233,0.8165913102430028,CAGS,1414.0
0.6946418971162659,0.5570217816053639,0.7970187241834212,CAGS,1420.0
0.6946418971162659,0.5570217816053639,0.7970187241834212,CAGS,1459.0
0.6946418971162659,0.5570217816053639,0.7970187241834212,CAGS,1460.0
0.6644400755025154,0.5189039868533538,0.7751092837702698,CAGS,1524.0
0.6644400755025154,0.5189039868533538,0.7751092837702698,CAGS,1531.0
0.6312180717273895,0.4776572860109239,0.7508752084958389,CAGS,1585.0
0.5979960679522638,0.43878204020862793,0.7254695965085046,CAGS,1700.0
0.5979960679522638,0.43878204020862793,0.7254695965085046,CAGS,1825.0
1.0,1.0,1.0,CADN,0.0
0.9980842911877391,0.9864794342321169,0.9997299243102623,CADN,2.0
0.9961685823754785,0.9847680746646288,0.9990403925891188,CADN,6.0
0.9942528735632178,0.982287941863243,0.9981428114092639,CADN,12.0
0.9923371647509571,0.9797130084273623,0.9971170958700023,CADN,37.0
0.9904214559386969,0.9771415596256504,0.9960019537055514,CADN,38.0
0.9885057471264365,0.9745951667340451,0.9948196644888199,CADN,40.0
0.9865900383141761,0.9720779487589944,0.993584468578804,CADN,42.0
0.9865900383141761,0.9720779487589944,0.993584468578804,CADN,51.0
0.984670602441969,0.9695817992474822,0.992304266005999,CADN,63.0
0.9827511665697625,0.9671125973388877,0.9909878221458087,CADN,64.0
0.980831730697556,0.9646678451475859,0.9896404566039136,CADN,66.0
0.980831730697556,0.9646678451475859,0.9896404566039136,CADN,67.0
0.9789085312256001,0.9622384864777354,0.9882641939848524,CADN,90.0
0.9769853317536443,0.9598295184517712,0.9868642739474185,CADN,110.0
0.9731389328097325,0.9550654373524232,0.9840036023808199,CADN,113.0
0.9712157333377767,0.9527072598454489,0.9825468534957958,CADN,116.0
0.9692925338658205,0.950363274617639,0.981074641116706,CADN,128.0
0.9673693343938643,0.9480323942077428,0.9795882791883773,CADN,129.0
0.965446134921908,0.9457136614609972,0.9780889007481102,CADN,142.0
0.963522935449952,0.9434062297183777,0.9765774911210207,CADN,145.0
0.963522935449952,0.9434062297183777,0.9765774911210207,CADN,154.0
0.9596688437081524,0.9388106923853529,0.9735168881049256,CADN,159.0
0.9596688437081524,0.9388106923853529,0.9735168881049256,CADN,160.0
0.9596688437081524,0.9388106923853529,0.9735168881049256,CADN,162.0
0.9577340274909986,0.9365156532391757,0.9719664373745412,CADN,165.0
0.9577340274909986,0.9365156532391757,0.9719664373745412,CADN,168.0
0.9577340274909986,0.9365156532391757,0.9719664373745412,CADN,169.0
0.9577340274909986,0.9365156532391757,0.9719664373745412,CADN,175.0
0.9577340274909986,0.9365156532391757,0.9719664373745412,CADN,176.0
0.9577340274909986,0.9365156532391757,0.9719664373745412,CADN,177.0
0.9577340274909986,0.9365156532391757,0.9719664373745412,CADN,178.0
0.9577340274909986,0.9365156532391757,0.9719664373745412,CADN,179.0
0.9577340274909986,0.9365156532391757,0.9719664373745412,CADN,180.0
0.9577340274909986,0.9365156532391757,0.9719664373745412,CADN,181.0
0.9577340274909986,0.9365156532391757,0.9719664373745412,CADN,182.0
0.9577340274909986,0.9365156532391757,0.9719664373745412,CADN,184.0
0.9556875872613168,0.9340616760439083,0.9703331511917065,CADN,186.0
0.9556875872613168,0.9340616760439083,0.9703331511917065,CADN,193.0
0.9556875872613168,0.9340616760439083,0.9703331511917065,CADN,200.0
0.9536323451381745,0.9316063629849697,0.9686838472574607,CADN,203.0
0.9536323451381745,0.9316063629849697,0.9686838472574607,CADN,209.0
0.9536323451381745,0.9316063629849697,0.9686838472574607,CADN,211.0
0.9536323451381745,0.9316063629849697,0.9686838472574607,CADN,219.0
0.9515592313443958,0.9291356700224621,0.9670129753302167,CADN,220.0
0.9515592313443958,0.9291356700224621,0.9670129753302167,CADN,223.0
0.949477044842548,0.9266626091466353,0.9653266528544013,CADN,224.0
0.9473948583406998,0.924200177097262,0.9636313449177422,CADN,225.0
0.9453126718388526,0.9217476933230978,0.9619275405941412,CADN,226.0
0.9432304853370048,0.9193045507361242,0.9602156842057803,CADN,230.0
0.9411482988351573,0.9168702049726192,0.9584961808808997,CADN,233.0
0.9411482988351573,0.9168702049726192,0.9584961808808997,CADN,235.0
0.9411482988351573,0.9168702049726192,0.9584961808808997,CADN,239.0
0.9390522001740541,0.9144242634598286,0.956759763015183,CADN,240.0
0.9369561015129518,0.9119864712451413,0.9550162679396382,CADN,241.0
0.9369561015129518,0.9119864712451413,0.9550162679396382,CADN,243.0
0.9369561015129518,0.9119864712451413,0.9550162679396382,CADN,249.0
0.9369561015129518,0.9119864712451413,0.9550162679396382,CADN,253.0
0.9369561015129518,0.9119864712451413,0.9550162679396382,CADN,255.0
0.9369561015129518,0.9119864712451413,0.9550162679396382,CADN,256.0
0.9369561015129518,0.9119864712451413,0.9550162679396382,CADN,257.0
0.9369561015129518,0.9119864712451413,0.9550162679396382,CADN,261.0
0.9369561015129518,0.9119864712451413,0.9550162679396382,CADN,265.0
0.9348169323314149,0.9094953177842827,0.9532359272034719,CADN,270.0
0.9348169323314149,0.9094953177842827,0.9532359272034719,CADN,274.0
0.932672856798545,0.9070053865476388,0.9514452771296019,CADN,275.0
0.9305287812656748,0.9045232890858967,0.9496480073201174,CADN,298.0
0.9283847057328043,0.902048634364396,0.9478443984794825,CADN,304.0
0.9262406301999345,0.8995810649164765,0.946034710786217,CADN,305.0
0.9240965546670636,0.8971202529199352,0.944219185946617,CADN,307.0
0.9240965546670636,0.8971202529199352,0.944219185946617,CADN,308.0
0.9219474929120242,0.8946590384182863,0.9423944575429861,CADN,310.0
0.9219474929120242,0.8946590384182863,0.9423944575429861,CADN,317.0
0.9197934099846601,0.8921971990252637,0.9405606554138684,CADN,324.0
0.9197934099846601,0.8921971990252637,0.9405606554138684,CADN,327.0
0.9176342705246021,0.8897345246675635,0.9387178986632019,CADN,334.0
0.9176342705246021,0.8897345246675635,0.9387178986632019,CADN,335.0
0.9176342705246021,0.8897345246675635,0.9387178986632019,CADN,337.0
0.9176342705246021,0.8897345246675635,0.9387178986632019,CADN,339.0
0.9176342705246021,0.8897345246675635,0.9387178986632019,CADN,341.0
0.9154546166753752,0.8872498335252578,0.9368550690101762,CADN,342.0
0.913274962826148,0.8847710693081073,0.9349871343745443,CADN,344.0
0.913274962826148,0.8847710693081073,0.9349871343745443,CADN,346.0
0.911090094494028,0.8822909561323405,0.933110444074863,CADN,352.0
0.911090094494028,0.8822909561323405,0.933110444074863,CADN,354.0
0.911090094494028,0.8822909561323405,0.933110444074863,CADN,357.0
0.911090094494028,0.8822909561323405,0.933110444074863,CADN,358.0
0.9088679235318474,0.8797660826061915,0.9312015562990112,CADN,359.0
0.9088679235318474,0.8797660826061915,0.9312015562990112,CADN,360.0
0.9088679235318474,0.8797660826061915,0.9312015562990112,CADN,362.0
0.9066126681384686,0.877202373654799,0.9292634873182021,CADN,363.0
0.9066126681384686,0.877202373654799,0.9292634873182021,CADN,364.0
0.9042939656624112,0.8745588753867827,0.927274015515159,CADN,365.0
0.901939033460165,0.8718728764484349,0.9252528309826877,CADN,366.0
0.901939033460165,0.8718728764484349,0.9252528309826877,CADN,367.0
0.901939033460165,0.8718728764484349,0.9252528309826877,CADN,368.0
0.901939033460165,0.8718728764484349,0.9252528309826877,CADN,369.0
0.901939033460165,0.8718728764484349,0.9252528309826877,CADN,371.0
0.901939033460165,0.8718728764484349,0.9252528309826877,CADN,373.0
0.8994611789726369,0.8690261544599599,0.923137213388643,CADN,375.0
0.8994611789726369,0.8690261544599599,0.923137213388643,CADN,377.0
0.8969695967594168,0.8661689204081663,0.9210055330565002,CADN,378.0
0.8969695967594168,0.8661689204081663,0.9210055330565002,CADN,379.0
0.8944710742057695,0.8633103298839282,0.9188627696297474,CADN,380.0
0.8944710742057695,0.8633103298839282,0.9188627696297474,CADN,388.0
0.8944710742057695,0.8633103298839282,0.9188627696297474,CADN,392.0
0.8944710742057695,0.8633103298839282,0.9188627696297474,CADN,393.0
0.8944710742057695,0.8633103298839282,0.9188627696297474,CADN,395.0
0.8944710742057695,0.8633103298839282,0.9188627696297474,CADN,401.0
0.8944710742057695,0.8633103298839282,0.9188627696297474,CADN,403.0
0.8919227235670067,0.8603917636079489,0.9166780028220665,CADN,404.0
0.8919227235670067,0.8603917636079489,0.9166780028220665,CADN,406.0
0.8893670710639496,0.8574714959818293,0.9144818343183784,CADN,412.0
0.8893670710639496,0.8574714959818293,0.9144818343183784,CADN,417.0
0.8893670710639496,0.8574714959818293,0.9144818343183784,CADN,418.0
0.8893670710639496,0.8574714959818293,0.9144818343183784,CADN,419.0
0.8893670710639496,0.8574714959818293,0.9144818343183784,CADN,422.0
0.8867817016713218,0.8545189091366667,0.912258107068225,CADN,424.0
0.884196332278694,0.8515743756436341,0.9100283861492975,CADN,425.0
0.8816109628860668,0.8486375629505569,0.907792868755543,CADN,426.0
0.8816109628860668,0.8486375629505569,0.907792868755543,CADN,432.0
0.879017989465813,0.8456979677733799,0.9055461478044712,CADN,433.0
0.879017989465813,0.8456979677733799,0.9055461478044712,CADN,434.0
0.879017989465813,0.8456979677733799,0.9055461478044712,CADN,435.0
0.8764096274792675,0.8427450211887525,0.9032825844837223,CADN,437.0
0.8764096274792675,0.8427450211887525,0.9032825844837223,CADN,438.0
0.8764096274792675,0.8427450211887525,0.9032825844837223,CADN,442.0
0.8737856465586706,0.8397783793432252,0.9010020394948439,CADN,443.0
0.8737856465586706,0.8397783793432252,0.9010020394948439,CADN,444.0
0.8737856465586706,0.8397783793432252,0.9010020394948439,CADN,445.0
0.8711378112660688,0.8367870395335314,0.8986984477830371,CADN,450.0
0.8711378112660688,0.8367870395335314,0.8986984477830371,CADN,453.0
0.8711378112660688,0.8367870395335314,0.8986984477830371,CADN,454.0
0.8684737812621971,0.8337812599384979,0.8963774537957258,CADN,459.0
0.865809751258325,0.8307824911932303,0.8940511142181659,CADN,470.0
0.8631457212544532,0.8277904825947225,0.8917195825621091,CADN,490.0
0.8604816912505816,0.8248049993164195,0.8893830039497355,CADN,496.0
0.8578176612467101,0.8218258210606183,0.8870415157553443,CADN,553.0
0.8524896012389662,0.815885563958284,0.8823443247927912,CADN,573.0
0.8498255712350945,0.812924106912315,0.8799888629670977,CADN,616.0
0.8471615412312229,0.809968196640316,0.8776289743477378,CADN,635.0
0.8471615412312229,0.809968196640316,0.8776289743477378,CADN,661.0
0.8471615412312229,0.809968196640316,0.8776289743477378,CADN,662.0
0.8471615412312229,0.809968196640316,0.8776289743477378,CADN,671.0
0.8444721395130284,0.8069849314019959,0.8752453713229267,CADN,700.0
0.8444721395130284,0.8069849314019959,0.8752453713229267,CADN,704.0
0.8417741454570765,0.8039960509457937,0.8728508322399697,CADN,713.0
0.839076151401124,0.8010125477314625,0.8704519870531011,CADN,715.0
0.839076151401124,0.8010125477314625,0.8704519870531011,CADN,716.0
0.839076151401124,0.8010125477314625,0.8704519870531011,CADN,718.0
0.839076151401124,0.8010125477314625,0.8704519870531011,CADN,719.0
0.839076151401124,0.8010125477314625,0.8704519870531011,CADN,721.0
0.839076151401124,0.8010125477314625,0.8704519870531011,CADN,722.0
0.839076151401124,0.8010125477314625,0.8704519870531011,CADN,724.0
0.839076151401124,0.8010125477314625,0.8704519870531011,CADN,725.0
0.839076151401124,0.8010125477314625,0.8704519870531011,CADN,726.0
0.839076151401124,0.8010125477314625,0.8704519870531011,CADN,727.0
0.839076151401124,0.8010125477314625,0.8704519870531011,CADN,728.0
0.839076151401124,0.8010125477314625,0.8704519870531011,CADN,729.0
0.839076151401124,0.8010125477314625,0.8704519870531011,CADN,730.0
0.839076151401124,0.8010125477314625,0.8704519870531011,CADN,731.0
0.839076151401124,0.8010125477314625,0.8704519870531011,CADN,732.0
0.839076151401124,0.8010125477314625,0.8704519870531011,CADN,733.0
0.839076151401124,0.8010125477314625,0.8704519870531011,CADN,734.0
0.839076151401124,0.8010125477314625,0.8704519870531011,CADN,735.0
0.839076151401124,0.8010125477314625,0.8704519870531011,CADN,737.0
0.839076151401124,0.8010125477314625,0.8704519870531011,CADN,738.0
0.839076151401124,0.8010125477314625,0.8704519870531011,CADN,740.0
0.8359569092026068,0.7974830161379476,0.8677325342358966,CADN,741.0
0.8359569092026068,0.7974830161379476,0.8677325342358966,CADN,745.0
0.8328142140552284,0.7939318243138461,0.8649889432389646,CADN,747.0
0.8328142140552284,0.7939318243138461,0.8649889432389646,CADN,748.0
0.8328142140552284,0.7939318243138461,0.8649889432389646,CADN,749.0
0.8296355338489112,0.7903422988201739,0.8622119926461869,CADN,755.0
0.8296355338489112,0.7903422988201739,0.8622119926461869,CADN,760.0
0.8296355338489112,0.7903422988201739,0.8622119926461869,CADN,764.0
0.8296355338489112,0.7903422988201739,0.8622119926461869,CADN,765.0
0.8296355338489112,0.7903422988201739,0.8622119926461869,CADN,769.0
0.8296355338489112,0.7903422988201739,0.8622119926461869,CADN,770.0
0.8296355338489112,0.7903422988201739,0.8622119926461869,CADN,773.0
0.8296355338489112,0.7903422988201739,0.8622119926461869,CADN,775.0
0.8296355338489112,0.7903422988201739,0.8622119926461869,CADN,776.0
0.8296355338489112,0.7903422988201739,0.8622119926461869,CADN,779.0
0.8296355338489112,0.7903422988201739,0.8622119926461869,CADN,795.0
0.8296355338489112,0.7903422988201739,0.8622119926461869,CADN,799.0
0.8296355338489112,0.7903422988201739,0.8622119926461869,CADN,800.0
0.8296355338489112,0.7903422988201739,0.8622119926461869,CADN,802.0
0.8296355338489112,0.7903422988201739,0.8622119926461869,CADN,803.0
0.8296355338489112,0.7903422988201739,0.8622119926461869,CADN,804.0
0.8296355338489112,0.7903422988201739,0.8622119926461869,CADN,805.0
0.8296355338489112,0.7903422988201739,0.8622119926461869,CADN,807.0
0.8262213958495334,0.7864467522469605,0.8592566786443437,CADN,808.0
0.8262213958495334,0.7864467522469605,0.8592566786443437,CADN,813.0
0.8262213958495334,0.7864467522469605,0.8592566786443437,CADN,815.0
0.8227788067001607,0.7825252922141354,0.8562720849649393,CADN,832.0
0.8193362175507877,0.7786162354861499,0.8532787606291555,CADN,853.0
0.8158936284014146,0.7747190838479735,0.8502769986054713,CADN,858.0
0.8124510392520417,0.7708333740650044,0.8472670720432233,CADN,889.0
0.8124510392520417,0.7708333740650044,0.8472670720432233,CADN,906.0
0.8124510392520417,0.7708333740650044,0.8472670720432233,CADN,910.0
0.8089790262637845,0.7669195842304228,0.8442276376448501,CADN,974.0
0.8055070132755282,0.7630167864324017,0.8411802886778749,CADN,1001.0
0.8055070132755282,0.7630167864324017,0.8411802886778749,CADN,1015.0
0.8020199699280155,0.7591047472355233,0.8381141487761428,CADN,1016.0
0.7985329265805025,0.7552031188792183,0.8350404324372668,CADN,1021.0
0.7985329265805025,0.7552031188792183,0.8350404324372668,CADN,1052.0
0.7985329265805025,0.7552031188792183,0.8350404324372668,CADN,1069.0
0.7985329265805025,0.7552031188792183,0.8350404324372668,CADN,1077.0
0.7985329265805025,0.7552031188792183,0.8350404324372668,CADN,1080.0
0.7985329265805025,0.7552031188792183,0.8350404324372668,CADN,1084.0
0.7985329265805025,0.7552031188792183,0.8350404324372668,CADN,1086.0
0.7985329265805025,0.7552031188792183,0.8350404324372668,CADN,1087.0
0.7985329265805025,0.7552031188792183,0.8350404324372668,CADN,1088.0
0.7985329265805025,0.7552031188792183,0.8350404324372668,CADN,1089.0
0.7985329265805025,0.7552031188792183,0.8350404324372668,CADN,1090.0
0.7985329265805025,0.7552031188792183,0.8350404324372668,CADN,1091.0
0.7985329265805025,0.7552031188792183,0.8350404324372668,CADN,1094.0
0.7985329265805025,0.7552031188792183,0.8350404324372668,CADN,1095.0
0.7985329265805025,0.7552031188792183,0.8350404324372668,CADN,1096.0
0.7985329265805025,0.7552031188792183,0.8350404324372668,CADN,1097.0
0.7945797932805987,0.7506891992723621,0.8316203194236992,CADN,1101.0
0.7945797932805987,0.7506891992723621,0.8316203194236992,CADN,1102.0
0.7945797932805987,0.7506891992723621,0.8316203194236992,CADN,1104.0
0.7945797932805987,0.7506891992723621,0.8316203194236992,CADN,1106.0
0.7945797932805987,0.7506891992723621,0.8316203194236992,CADN,1110.0
0.7945797932805987,0.7506891992723621,0.8316203194236992,CADN,1111.0
0.7945797932805987,0.7506891992723621,0.8316203194236992,CADN,1112.0
0.7945797932805987,0.7506891992723621,0.8316203194236992,CADN,1123.0
0.7945797932805987,0.7506891992723621,0.8316203194236992,CADN,1124.0
0.7945797932805987,0.7506891992723621,0.8316203194236992,CADN,1125.0
0.7945797932805987,0.7506891992723621,0.8316203194236992,CADN,1127.0
0.7945797932805987,0.7506891992723621,0.8316203194236992,CADN,1129.0
0.7945797932805987,0.7506891992723621,0.8316203194236992,CADN,1132.0
0.7945797932805987,0.7506891992723621,0.8316203194236992,CADN,1139.0
0.790353305018468,0.745817785372701,0.8279964023421765,CADN,1145.0
0.790353305018468,0.745817785372701,0.8279964023421765,CADN,1147.0
0.790353305018468,0.745817785372701,0.8279964023421765,CADN,1151.0
0.790353305018468,0.745817785372701,0.8279964023421765,CADN,1153.0
0.7860579066216287,0.7408719848958231,0.8243103381943295,CADN,1156.0
0.7860579066216287,0.7408719848958231,0.8243103381943295,CADN,1157.0
0.7860579066216287,0.7408719848958231,0.8243103381943295,CADN,1160.0
0.7773239298813882,0.7308464356247368,0.8167948460556104,CADN,1162.0
0.7773239298813882,0.7308464356247368,0.8167948460556104,CADN,1164.0
0.7773239298813882,0.7308464356247368,0.8167948460556104,CADN,1172.0
0.7773239298813882,0.7308464356247368,0.8167948460556104,CADN,1173.0
0.7773239298813882,0.7308464356247368,0.8167948460556104,CADN,1174.0
0.7773239298813882,0.7308464356247368,0.8167948460556104,CADN,1180.0
0.7727243800004331,0.7255450427348421,0.8128536064695521,CADN,1181.0
0.7727243800004331,0.7255450427348421,0.8128536064695521,CADN,1183.0
0.7680972879046222,0.7202296158928367,0.8088767299796636,CADN,1189.0
0.7634701958088106,0.7149375320116576,0.8048836408168057,CADN,1194.0
0.7588431037130001,0.7096677231394539,0.8008750001158733,CADN,1198.0
0.7542160116171889,0.7044192083819405,0.7968514127895236,CADN,1207.0
0.7542160116171889,0.7044192083819405,0.7968514127895236,CADN,1243.0
0.7495603572244907,0.6991525847679799,0.792793091411511,CADN,1272.0
0.7449047028317917,0.6939060124979101,0.7887205637322241,CADN,1276.0
0.7449047028317917,0.6939060124979101,0.7887205637322241,CADN,1277.0
0.7402197675938559,0.688639569894194,0.7846132487849874,CADN,1284.0
0.7355348323559198,0.6833921150965409,0.7804923548080946,CADN,1309.0
0.7355348323559198,0.6833921150965409,0.7804923548080946,CADN,1323.0
0.7355348323559198,0.6833921150965409,0.7804923548080946,CADN,1328.0
0.7307894463407204,0.6780827495011911,0.7763144637019334,CADN,1330.0
0.7260440603255206,0.6727919387670966,0.772123207874883,CADN,1348.0
0.7212986743103212,0.6675190131387068,0.7679189968463467,CADN,1359.0
0.7212986743103212,0.6675190131387068,0.7679189968463467,CADN,1378.0
0.7212986743103212,0.6675190131387068,0.7679189968463467,CADN,1384.0
0.7212986743103212,0.6675190131387068,0.7679189968463467,CADN,1391.0
0.7212986743103212,0.6675190131387068,0.7679189968463467,CADN,1395.0
0.7164250346190354,0.6620946646774325,0.7636083462912566,CADN,1398.0
0.7164250346190354,0.6620946646774325,0.7636083462912566,CADN,1407.0
0.7164250346190354,0.6620946646774325,0.7636083462912566,CADN,1424.0
0.7164250346190354,0.6620946646774325,0.7636083462912566,CADN,1427.0
0.7164250346190354,0.6620946646774325,0.7636083462912566,CADN,1432.0
0.7164250346190354,0.6620946646774325,0.7636083462912566,CADN,1437.0
0.7113797878963661,0.6564621995576048,0.7591594848711042,CADN,1439.0
0.7113797878963661,0.6564621995576048,0.7591594848711042,CADN,1443.0
0.7113797878963661,0.6564621995576048,0.7591594848711042,CADN,1448.0
0.7113797878963661,0.6564621995576048,0.7591594848711042,CADN,1449.0
0.7113797878963661,0.6564621995576048,0.7591594848711042,CADN,1451.0
0.7113797878963661,0.6564621995576048,0.7591594848711042,CADN,1453.0
0.7113797878963661,0.6564621995576048,0.7591594848711042,CADN,1457.0
0.7113797878963661,0.6564621995576048,0.7591594848711042,CADN,1458.0
0.7113797878963661,0.6564621995576048,0.7591594848711042,CADN,1459.0
0.7113797878963661,0.6564621995576048,0.7591594848711042,CADN,1460.0
0.7113797878963661,0.6564621995576048,0.7591594848711042,CADN,1461.0
0.7054018064854723,0.6495831717249017,0.7540451503874246,CADN,1462.0
0.7054018064854723,0.6495831717249017,0.7540451503874246,CADN,1464.0
0.7054018064854723,0.6495831717249017,0.7540451503874246,CADN,1468.0
0.7054018064854723,0.6495831717249017,0.7540451503874246,CADN,1469.0
0.7054018064854723,0.6495831717249017,0.7540451503874246,CADN,1471.0
0.7054018064854723,0.6495831717249017,0.7540451503874246,CADN,1472.0
0.6991593126227686,0.6423744721585278,0.7487263172003897,CADN,1473.0
0.6991593126227686,0.6423744721585278,0.7487263172003897,CADN,1488.0
0.6991593126227686,0.6423744721585278,0.7487263172003897,CADN,1490.0
0.6991593126227686,0.6423744721585278,0.7487263172003897,CADN,1501.0
0.6991593126227686,0.6423744721585278,0.7487263172003897,CADN,1504.0
0.6991593126227686,0.6423744721585278,0.7487263172003897,CADN,1508.0
0.6991593126227686,0.6423744721585278,0.7487263172003897,CADN,1509.0
0.6991593126227686,0.6423744721585278,0.7487263172003897,CADN,1523.0
0.6991593126227686,0.6423744721585278,0.7487263172003897,CADN,1524.0
0.6991593126227686,0.6423744721585278,0.7487263172003897,CADN,1527.0
0.6991593126227686,0.6423744721585278,0.7487263172003897,CADN,1532.0
0.6991593126227686,0.6423744721585278,0.7487263172003897,CADN,1533.0
0.6991593126227686,0.6423744721585278,0.7487263172003897,CADN,1540.0
0.6991593126227686,0.6423744721585278,0.7487263172003897,CADN,1542.0
0.6991593126227686,0.6423744721585278,0.7487263172003897,CADN,1576.0
0.69179974091095,0.6336066964430637,0.7426650774140926,CADN,1605.0
0.6844401691991316,0.6249185867566898,0.7365482552549396,CADN,1624.0
0.677080597487313,0.6163046929039736,0.7303796784785578,CADN,1629.0
0.669721025775494,0.6077602398878141,0.724162645698946,CADN,1659.0
0.669721025775494,0.6077602398878141,0.724162645698946,CADN,1701.0
0.669721025775494,0.6077602398878141,0.724162645698946,CADN,1744.0
0.6621960704297023,0.5990464371515077,0.7177934881370551,CADN,1779.0
0.6621960704297023,0.5990464371515077,0.7177934881370551,CADN,1786.0
0.6545846213443032,0.5902775349212597,0.7113214368164774,CADN,1790.0
0.6545846213443032,0.5902775349212597,0.7113214368164774,CADN,1804.0
0.6468836257990758,0.581449048174616,0.7047446434671301,CADN,1809.0
0.6468836257990758,0.581449048174616,0.7047446434671301,CADN,1814.0
0.6468836257990758,0.581449048174616,0.7047446434671301,CADN,1815.0
0.6468836257990758,0.581449048174616,0.7047446434671301,CADN,1818.0
0.6468836257990758,0.581449048174616,0.7047446434671301,CADN,1820.0
0.6468836257990758,0.581449048174616,0.7047446434671301,CADN,1822.0
0.6468836257990758,0.581449048174616,0.7047446434671301,CADN,1825.0
1.0,1.0,1.0,AZOB,0.0
0.9976905311778297,0.9837199241622047,0.9996743570901617,AZOB,1.0
0.995381062355658,0.981658938841739,0.9988428099205833,AZOB,2.0
0.9930715935334872,0.97867387062315,0.9977601808725238,AZOB,6.0
0.9907621247113165,0.9755752798765636,0.9965228183207007,AZOB,14.0
0.9884526558891454,0.972481326316513,0.9951773986503262,AZOB,57.0
0.986143187066975,0.9694179065727531,0.9937507931149706,AZOB,59.0
0.9838337182448043,0.9663899360757882,0.9922601800856713,AZOB,61.0
0.9815242494226333,0.9633965071335763,0.990717345519459,AZOB,70.0
0.979214780600462,0.9604350873763723,0.9891307992554522,AZOB,78.0
0.9769053117782908,0.9575028469593081,0.9875069281152195,AZOB,94.0
0.9745958429561205,0.9545970935234978,0.985850673435231,AZOB,95.0
0.972286374133949,0.9517154007722552,0.9841659530832331,AZOB,106.0
0.9676674364896073,0.9460158961681836,0.9807232330989282,AZOB,112.0
0.9653579676674366,0.9431945652782363,0.9789700194320405,AZOB,113.0
0.9630484988452658,0.9403901940827686,0.9771981365241562,AZOB,125.0
0.9607390300230948,0.9376015151591715,0.9754091572009083,AZOB,131.0
0.9584295612009236,0.9348274087884136,0.9736044382518413,AZOB,144.0
0.9561200923787528,0.9320668814829367,0.9717851600028645,AZOB,150.0
0.9561200923787528,0.9320668814829367,0.9717851600028645,AZOB,160.0
0.9561200923787528,0.9320668814829367,0.9717851600028645,AZOB,161.0
0.9561200923787528,0.9320668814829367,0.9717851600028645,AZOB,167.0
0.9561200923787528,0.9320668814829367,0.9717851600028645,AZOB,169.0
0.9561200923787528,0.9320668814829367,0.9717851600028645,AZOB,170.0
0.9561200923787528,0.9320668814829367,0.9717851600028645,AZOB,174.0
0.9561200923787528,0.9320668814829367,0.9717851600028645,AZOB,175.0
0.9561200923787528,0.9320668814829367,0.9717851600028645,AZOB,178.0
0.9561200923787528,0.9320668814829367,0.9717851600028645,AZOB,179.0
0.9537593020272012,0.9292404062694171,0.9699191796187857,AZOB,180.0
0.9513749037721336,0.9263916558496974,0.9680244766499805,AZOB,181.0
0.9489784934351759,0.9235383443441014,0.9661090475825864,AZOB,182.0
0.9489784934351759,0.9235383443441014,0.9661090475825864,AZOB,183.0
0.9489784934351759,0.9235383443441014,0.9661090475825864,AZOB,184.0
0.946563789889539,0.9206706597390097,0.9641693294192041,AZOB,185.0
0.946563789889539,0.9206706597390097,0.9641693294192041,AZOB,190.0
0.946563789889539,0.9206706597390097,0.9641693294192041,AZOB,195.0
0.946563789889539,0.9206706597390097,0.9641693294192041,AZOB,208.0
0.9441241924929165,0.9177786375266368,0.9622013569759535,AZOB,210.0
0.9441241924929165,0.9177786375266368,0.9622013569759535,AZOB,211.0
0.9441241924929165,0.9177786375266368,0.9622013569759535,AZOB,212.0
0.9416719218630644,0.9148805428915145,0.960213540464969,AZOB,213.0
0.9416719218630644,0.9148805428915145,0.960213540464969,AZOB,214.0
0.9416719218630644,0.9148805428915145,0.960213540464969,AZOB,216.0
0.9416719218630644,0.9148805428915145,0.960213540464969,AZOB,222.0
0.9416719218630644,0.9148805428915145,0.960213540464969,AZOB,225.0
0.9416719218630644,0.9148805428915145,0.960213540464969,AZOB,227.0
0.9416719218630644,0.9148805428915145,0.960213540464969,AZOB,235.0
0.9391741183567963,0.9119275253715092,0.9581842885186616,AZOB,236.0
0.9391741183567963,0.9119275253715092,0.9581842885186616,AZOB,238.0
0.9366696540411786,0.9089774711511704,0.9561396699288788,AZOB,247.0
0.9341651897255606,0.9060395364106939,0.954084672963984,AZOB,254.0
0.9341651897255606,0.9060395364106939,0.954084672963984,AZOB,255.0
0.9316539929789868,0.9031032584189373,0.9520152259403447,AZOB,264.0
0.9316539929789868,0.9031032584189373,0.9520152259403447,AZOB,268.0
0.9316539929789868,0.9031032584189373,0.9520152259403447,AZOB,273.0
0.9316539929789868,0.9031032584189373,0.9520152259403447,AZOB,275.0
0.9291154262406236,0.9001385076794783,0.9499175253310304,AZOB,296.0
0.9265768595022617,0.897184659076484,0.9478105469374013,AZOB,301.0
0.9240382927638991,0.8942411131462387,0.9456947252371565,AZOB,322.0
0.9214997260255366,0.8913073273047423,0.9435704595808477,AZOB,324.0
0.9214997260255366,0.8913073273047423,0.9435704595808477,AZOB,332.0
0.9214997260255366,0.8913073273047423,0.9435704595808477,AZOB,336.0
0.9214997260255366,0.8913073273047423,0.9435704595808477,AZOB,342.0
0.9214997260255366,0.8913073273047423,0.9435704595808477,AZOB,343.0
0.9214997260255366,0.8913073273047423,0.9435704595808477,AZOB,350.0
0.9214997260255366,0.8913073273047423,0.9435704595808477,AZOB,351.0
0.9214997260255366,0.8913073273047423,0.9435704595808477,AZOB,352.0
0.9214997260255366,0.8913073273047423,0.9435704595808477,AZOB,355.0
0.9214997260255366,0.8913073273047423,0.9435704595808477,AZOB,357.0
0.9214997260255366,0.8913073273047423,0.9435704595808477,AZOB,358.0
0.9214997260255366,0.8913073273047423,0.9435704595808477,AZOB,361.0
0.9188517383070723,0.888228263280369,0.94136153612906,AZOB,362.0
0.9188517383070723,0.888228263280369,0.94136153612906,AZOB,363.0
0.9188517383070723,0.888228263280369,0.94136153612906,AZOB,364.0
0.9188517383070723,0.888228263280369,0.94136153612906,AZOB,366.0
0.9188517383070723,0.888228263280369,0.94136153612906,AZOB,367.0
0.9133660562873289,0.8818346389231649,0.9367849131233114,AZOB,370.0
0.9078803742675852,0.8754877220978002,0.9321721859996704,AZOB,371.0
0.9078803742675852,0.8754877220978002,0.9321721859996704,AZOB,374.0
0.9078803742675852,0.8754877220978002,0.9321721859996704,AZOB,376.0
0.9078803742675852,0.8754877220978002,0.9321721859996704,AZOB,381.0
0.905103981685727,0.872283410261272,0.9298295127034951,AZOB,384.0
0.905103981685727,0.872283410261272,0.9298295127034951,AZOB,390.0
0.905103981685727,0.872283410261272,0.9298295127034951,AZOB,392.0
0.905103981685727,0.872283410261272,0.9298295127034951,AZOB,393.0
0.9023018021758644,0.8690537458464168,0.9274603067023144,AZOB,395.0
0.9023018021758644,0.8690537458464168,0.9274603067023144,AZOB,400.0
0.9023018021758644,0.8690537458464168,0.9274603067023144,AZOB,402.0
0.9023018021758644,0.8690537458464168,0.9274603067023144,AZOB,408.0
0.8994732698806426,0.8657979859573616,0.9250642016963326,AZOB,409.0
0.8994732698806426,0.8657979859573616,0.9250642016963326,AZOB,410.0
0.8994732698806426,0.8657979859573616,0.9250642016963326,AZOB,412.0
0.8965995533634524,0.8624900305804255,0.922627857441136,AZOB,420.0
0.8937258368462615,0.8591928161271738,0.9201832906477537,AZOB,423.0
0.8937258368462615,0.8591928161271738,0.9201832906477537,AZOB,428.0
0.8908428502757898,0.8558930833825052,0.9177241668306307,AZOB,435.0
0.8879598637053173,0.8526032626979293,0.9152573383776914,AZOB,437.0
0.8879598637053173,0.8526032626979293,0.9152573383776914,AZOB,441.0
0.8879598637053173,0.8526032626979293,0.9152573383776914,AZOB,444.0
0.8879598637053173,0.8526032626979293,0.9152573383776914,AZOB,453.0
0.88504851988989,0.8492842416904917,0.9127625807859839,AZOB,465.0
0.8821371760744623,0.8459747134503763,0.9102604127385451,AZOB,471.0
0.8821371760744623,0.8459747134503763,0.9102604127385451,AZOB,472.0
0.8792161920477253,0.8426612312775537,0.9077440629452748,AZOB,474.0
0.8762952080209888,0.8393566021335377,0.905220715015732,AZOB,481.0
0.8733742239942527,0.8360604717992517,0.902690594705025,AZOB,484.0
0.8704532399675158,0.8327725113474103,0.9001539141956825,AZOB,496.0
0.8675322559407792,0.8294924147091276,0.8976108732269035,AZOB,502.0
0.8646112719140422,0.8262198965308848,0.8950616601036554,AZOB,511.0
0.8616902878873062,0.8229546902810377,0.8925064526011212,AZOB,515.0
0.858769303860569,0.8196965465715704,0.88994541877763,AZOB,517.0
0.8558483198338328,0.8164452316662167,0.8873787177073122,AZOB,527.0
0.8529273358070959,0.8132005261504649,0.8848065001420583,AZOB,535.0
0.8500063517803595,0.8099622237426831,0.882228909111072,AZOB,536.0
0.8500063517803595,0.8099622237426831,0.882228909111072,AZOB,541.0
0.8470752953949102,0.80671707423448,0.8796384161935916,AZOB,544.0
0.8441442390094608,0.8034780491142954,0.8770427555788003,AZOB,549.0
0.8412131826240113,0.8002449709685957,0.8744420524103571,AZOB,550.0
0.8382821262385614,0.7970176721780512,0.8718364258714723,AZOB,566.0
0.8353510698531122,0.7937959941843584,0.869225989574034,AZOB,569.0
0.8324200134676627,0.7905797868260207,0.8666108519151496,AZOB,595.0
0.829488957082213,0.7873689077353897,0.863991116404422,AZOB,599.0
0.8265579006967637,0.7841632217902297,0.8613668819648598,AZOB,604.0
0.8265579006967637,0.7841632217902297,0.8613668819648598,AZOB,609.0
0.823616413505672,0.7809493871011504,0.8587301219701924,AZOB,622.0
0.823616413505672,0.7809493871011504,0.8587301219701924,AZOB,634.0
0.8206643833497378,0.7777272455548494,0.85608077439208,AZOB,651.0
0.8177123531938036,0.7745100933375652,0.8534270973538731,AZOB,666.0
0.8177123531938036,0.7745100933375652,0.8534270973538731,AZOB,668.0
0.8147496272764354,0.7712843449293731,0.8507608015675152,AZOB,669.0
0.8117869013590665,0.7680634385896982,0.8480902940046168,AZOB,674.0
0.8117869013590665,0.7680634385896982,0.8480902940046168,AZOB,686.0
0.8117869013590665,0.7680634385896982,0.8480902940046168,AZOB,690.0
0.8117869013590665,0.7680634385896982,0.8480902940046168,AZOB,697.0
0.8117869013590665,0.7680634385896982,0.8480902940046168,AZOB,698.0
0.8117869013590665,0.7680634385896982,0.8480902940046168,AZOB,699.0
0.8117869013590665,0.7680634385896982,0.8480902940046168,AZOB,700.0
0.8087465009794444,0.764749560746309,0.8453547908400544,AZOB,702.0
0.8056946273908427,0.7614264495141724,0.842605885488552,AZOB,705.0
0.8056946273908427,0.7614264495141724,0.842605885488552,AZOB,707.0
0.8056946273908427,0.7614264495141724,0.842605885488552,AZOB,708.0
0.8056946273908427,0.7614264495141724,0.842605885488552,AZOB,711.0
0.8025838373236969,0.7580342809737978,0.839806535835894,AZOB,713.0
0.8025838373236969,0.7580342809737978,0.839806535835894,AZOB,718.0
0.8025838373236969,0.7580342809737978,0.839806535835894,AZOB,720.0
0.7994115691919826,0.7545699747759119,0.8369546818649318,AZOB,722.0
0.7994115691919826,0.7545699747759119,0.8369546818649318,AZOB,725.0
0.7994115691919826,0.7545699747759119,0.8369546818649318,AZOB,726.0
0.7994115691919826,0.7545699747759119,0.8369546818649318,AZOB,728.0
0.7994115691919826,0.7545699747759119,0.8369546818649318,AZOB,729.0
0.7994115691919826,0.7545699747759119,0.8369546818649318,AZOB,730.0
0.7994115691919826,0.7545699747759119,0.8369546818649318,AZOB,731.0
0.7928048620085775,0.7473270476290689,0.8310329191164931,AZOB,732.0
0.7928048620085775,0.7473270476290689,0.8310329191164931,AZOB,735.0
0.7928048620085775,0.7473270476290689,0.8310329191164931,AZOB,744.0
0.7928048620085775,0.7473270476290689,0.8310329191164931,AZOB,748.0
0.7928048620085775,0.7473270476290689,0.8310329191164931,AZOB,749.0
0.789402266034292,0.7435892284378751,0.8279875268255649,AZOB,752.0
0.785999670060006,0.7398588523341818,0.8249363121004426,AZOB,753.0
0.785999670060006,0.7398588523341818,0.8249363121004426,AZOB,759.0
0.785999670060006,0.7398588523341818,0.8249363121004426,AZOB,764.0
0.785999670060006,0.7398588523341818,0.8249363121004426,AZOB,765.0
0.785999670060006,0.7398588523341818,0.8249363121004426,AZOB,767.0
0.785999670060006,0.7398588523341818,0.8249363121004426,AZOB,769.0
0.7825063381930725,0.7360198767650736,0.8218097143360049,AZOB,770.0
0.7825063381930725,0.7360198767650736,0.8218097143360049,AZOB,778.0
0.7789973411608164,0.7321687894064348,0.8186649781367588,AZOB,783.0
0.7789973411608164,0.7321687894064348,0.8186649781367588,AZOB,785.0
0.7754724663139355,0.7283052925961201,0.8155019547184902,AZOB,788.0
0.7754724663139355,0.7283052925961201,0.8155019547184902,AZOB,796.0
0.7719152531657066,0.7244083805439281,0.8123080093065651,AZOB,802.0
0.7719152531657066,0.7244083805439281,0.8123080093065651,AZOB,842.0
0.7683415714380871,0.7204983977783994,0.8090952603203674,AZOB,857.0
0.7647678897104682,0.7165962486111869,0.8058764099072685,AZOB,868.0
0.7611942079828496,0.7127017309913868,0.8026515840580376,AZOB,869.0
0.7576205262552302,0.708814653346395,0.7994209028198462,AZOB,891.0
0.7540468445276115,0.7049348338714855,0.7961844806759818,AZOB,898.0
0.7504731627999922,0.7010620998797892,0.792942426893669,AZOB,903.0
0.7468994810723733,0.6971962872066125,0.7896948458432798,AZOB,905.0
0.7468994810723733,0.6971962872066125,0.7896948458432798,AZOB,919.0
0.7433086181826021,0.6933157811195154,0.7864283586284186,AZOB,931.0
0.7397177552928315,0.6894420307550237,0.7831564465690619,AZOB,934.0
0.7361268924030605,0.6855748895515527,0.7798792037584795,AZOB,935.0
0.728945166623518,0.6778598823087262,0.7733090824245287,AZOB,949.0
0.7253543037337474,0.6740117558625857,0.770016372911976,AZOB,967.0
0.7217634408439761,0.6701697170275869,0.7667186710699843,AZOB,982.0
0.7217634408439761,0.6701697170275869,0.7667186710699843,AZOB,999.0
0.7181546236397565,0.666311579589638,0.7634017406088387,AZOB,1003.0
0.7145458064355367,0.662459431566463,0.7600798794153028,AZOB,1008.0
0.7145458064355367,0.662459431566463,0.7600798794153028,AZOB,1018.0
0.7109186703622595,0.6585907175223812,0.7567385121865922,AZOB,1033.0
0.707291534288983,0.6547279062553546,0.7533922681752712,AZOB,1036.0
0.7036643982157061,0.6508708931073336,0.7500412164012225,AZOB,1042.0
0.7000184686912724,0.6469966720650219,0.7466703195728344,AZOB,1043.0
0.6963341609613185,0.6430814119867206,0.7432638197348296,AZOB,1052.0
0.6926498532313643,0.6391720481381796,0.7398524366343276,AZOB,1056.0
0.6926498532313643,0.6391720481381796,0.7398524366343276,AZOB,1057.0
0.6926498532313643,0.6391720481381796,0.7398524366343276,AZOB,1060.0
0.6889259292892596,0.6352202825087814,0.7364043666977088,AZOB,1065.0
0.6889259292892596,0.6352202825087814,0.7364043666977088,AZOB,1066.0
0.6889259292892596,0.6352202825087814,0.7364043666977088,AZOB,1068.0
0.6889259292892596,0.6352202825087814,0.7364043666977088,AZOB,1069.0
0.6851197086854514,0.6311741655446251,0.7328853328890221,AZOB,1077.0
0.6851197086854514,0.6311741655446251,0.7328853328890221,AZOB,1078.0
0.6851197086854514,0.6311741655446251,0.7328853328890221,AZOB,1079.0
0.6851197086854514,0.6311741655446251,0.7328853328890221,AZOB,1082.0
0.6851197086854514,0.6311741655446251,0.7328853328890221,AZOB,1084.0
0.6851197086854514,0.6311741655446251,0.7328853328890221,AZOB,1088.0
0.6851197086854514,0.6311741655446251,0.7328853328890221,AZOB,1089.0
0.6851197086854514,0.6311741655446251,0.7328853328890221,AZOB,1097.0
0.6811131606814428,0.6268885291239051,0.7292017660253657,AZOB,1099.0
0.6811131606814428,0.6268885291239051,0.7292017660253657,AZOB,1100.0
0.6811131606814428,0.6268885291239051,0.7292017660253657,AZOB,1105.0
0.6811131606814428,0.6268885291239051,0.7292017660253657,AZOB,1106.0
0.6811131606814428,0.6268885291239051,0.7292017660253657,AZOB,1113.0
0.6769600316528972,0.6224292101364371,0.7253967053460392,AZOB,1115.0
0.6769600316528972,0.6224292101364371,0.7253967053460392,AZOB,1118.0
0.6769600316528972,0.6224292101364371,0.7253967053460392,AZOB,1123.0
0.6769600316528972,0.6224292101364371,0.7253967053460392,AZOB,1125.0
0.6727024213909293,0.6178487851160496,0.7215030476321161,AZOB,1131.0
0.6727024213909293,0.6178487851160496,0.7215030476321161,AZOB,1132.0
0.6684176925922612,0.6132443359059399,0.7175806495808246,AZOB,1133.0
0.664132963793593,0.6086497227716254,0.7136505789827987,AZOB,1135.0
0.6598482349949247,0.6040647362782376,0.7097129674653025,AZOB,1137.0
0.655563506196256,0.5994891775142392,0.7057679400845043,AZOB,1145.0
0.655563506196256,0.5994891775142392,0.7057679400845043,AZOB,1146.0
0.655563506196256,0.5994891775142392,0.7057679400845043,AZOB,1148.0
0.6511930828216146,0.5948168470636513,0.7017483815128797,AZOB,1196.0
0.6468226594469726,0.5901543577931309,0.6977210890555884,AZOB,1207.0
0.6424522360723309,0.5855015133113324,0.6936861862152747,AZOB,1238.0
0.6380818126976894,0.5808581269868632,0.6896437903430919,AZOB,1240.0
0.6380818126976894,0.5808581269868632,0.6896437903430919,AZOB,1241.0
0.6336812484721882,0.5761870153963017,0.6855701956363098,AZOB,1249.0
0.6292806842466866,0.5715252818377236,0.6814891369574057,AZOB,1260.0
0.6248801200211856,0.5668727575855038,0.6774007203129132,AZOB,1264.0
0.6204795557956844,0.5622292820957336,0.6733050465267428,AZOB,1269.0
0.6160789915701826,0.5575947025538224,0.6692022115217043,AZOB,1293.0
0.6116784273446815,0.5529688734557163,0.6650923065791091,AZOB,1306.0
0.6072778631191805,0.5483516562198366,0.6609754185784348,AZOB,1322.0
0.6072778631191805,0.5483516562198366,0.6609754185784348,AZOB,1329.0
0.6028451779869238,0.5437041048623212,0.6568258414306818,AZOB,1335.0
0.598412492854667,0.5390651673331164,0.6526692559240257,AZOB,1336.0
0.598412492854667,0.5390651673331164,0.6526692559240257,AZOB,1347.0
0.5939467279826174,0.534394858657486,0.6484791186154651,AZOB,1354.0
0.5939467279826174,0.534394858657486,0.6484791186154651,AZOB,1357.0
0.5894471315585066,0.5296924358785894,0.6442547095682164,AZOB,1362.0
0.5849475351343959,0.5249987983050673,0.640023132051424,AZOB,1383.0
0.5804479387102852,0.5203138230596006,0.6357844624027199,AZOB,1384.0
0.5804479387102852,0.5203138230596006,0.6357844624027199,AZOB,1393.0
0.5804479387102852,0.5203138230596006,0.6357844624027199,AZOB,1403.0
0.5758774824999681,0.5155523948746417,0.6314815630363729,AZOB,1420.0
0.5758774824999681,0.5155523948746417,0.6314815630363729,AZOB,1421.0
0.5758774824999681,0.5155523948746417,0.6314815630363729,AZOB,1427.0
0.5758774824999681,0.5155523948746417,0.6314815630363729,AZOB,1429.0
0.5758774824999681,0.5155523948746417,0.6314815630363729,AZOB,1430.0
0.5758774824999681,0.5155523948746417,0.6314815630363729,AZOB,1434.0
0.5758774824999681,0.5155523948746417,0.6314815630363729,AZOB,1435.0
0.5758774824999681,0.5155523948746417,0.6314815630363729,AZOB,1436.0
0.5758774824999681,0.5155523948746417,0.6314815630363729,AZOB,1440.0
0.5758774824999681,0.5155523948746417,0.6314815630363729,AZOB,1443.0
0.5758774824999681,0.5155523948746417,0.6314815630363729,AZOB,1448.0
0.5758774824999681,0.5155523948746417,0.6314815630363729,AZOB,1452.0
0.5707812215928882,0.5101600616671034,0.6267549135611283,AZOB,1453.0
0.5707812215928882,0.5101600616671034,0.6267549135611283,AZOB,1455.0
0.5707812215928882,0.5101600616671034,0.6267549135611283,AZOB,1457.0
0.5707812215928882,0.5101600616671034,0.6267549135611283,AZOB,1458.0
0.5707812215928882,0.5101600616671034,0.6267549135611283,AZOB,1461.0
0.5707812215928882,0.5101600616671034,0.6267549135611283,AZOB,1463.0
0.5707812215928882,0.5101600616671034,0.6267549135611283,AZOB,1468.0
0.5707812215928882,0.5101600616671034,0.6267549135611283,AZOB,1473.0
0.5707812215928882,0.5101600616671034,0.6267549135611283,AZOB,1477.0
0.5707812215928882,0.5101600616671034,0.6267549135611283,AZOB,1478.0
0.5707812215928882,0.5101600616671034,0.6267549135611283,AZOB,1508.0
0.5651853272635466,0.5041583509605004,0.6216350696164074,AZOB,1509.0
0.5539935386048623,0.49221458903987947,0.6113493240053762,AZOB,1512.0
0.5539935386048623,0.49221458903987947,0.6113493240053762,AZOB,1517.0
0.5483405433129758,0.48620021782293543,0.6061406429431836,AZOB,1519.0
0.5426875480210893,0.4802053528249126,0.6009167981356671,AZOB,1526.0
0.537034552729203,0.47422957916329156,0.5956780598957939,AZOB,1527.0
0.5313815574373166,0.46827250854328056,0.5904246793158203,AZOB,1533.0
0.5257285621454305,0.46233377747531135,0.5851568896208665,AZOB,1563.0
0.5200755668535441,0.4564130456640728,0.5798749073818719,AZOB,1612.0
0.5144225715616575,0.4505099945503956,0.5745789336041361,AZOB,1619.0
0.5087695762697713,0.4446243259897503,0.5692691547054181,AZOB,1639.0
0.5031165809778848,0.43875576105322706,0.5639457433956759,AZOB,1642.0
0.4974635856859988,0.4329040389386599,0.5586088594689356,AZOB,1644.0
0.4974635856859988,0.4329040389386599,0.5586088594689356,AZOB,1665.0
0.4974635856859988,0.4329040389386599,0.5586088594689356,AZOB,1676.0
0.4974635856859988,0.4329040389386599,0.5586088594689356,AZOB,1677.0
0.4974635856859988,0.4329040389386599,0.5586088594689356,AZOB,1685.0
0.4974635856859988,0.4329040389386599,0.5586088594689356,AZOB,1692.0
0.4974635856859988,0.4329040389386599,0.5586088594689356,AZOB,1695.0
0.4913969565922672,0.42656439352329967,0.5529371586307827,AZOB,1706.0
0.4853303274985351,0.4202465916898474,0.5472482023148348,AZOB,1722.0
0.4853303274985351,0.4202465916898474,0.5472482023148348,AZOB,1733.0
0.4853303274985351,0.4202465916898474,0.5472482023148348,AZOB,1757.0
0.4791081438126566,0.4137594203005742,0.5414226951818981,AZOB,1762.0
0.4791081438126566,0.4137594203005742,0.5414226951818981,AZOB,1773.0
0.4791081438126566,0.4137594203005742,0.5414226951818981,AZOB,1777.0
0.4727200352284882,0.4070913957828321,0.5354520365282274,AZOB,1780.0
0.4727200352284882,0.4070913957828321,0.5354520365282274,AZOB,1786.0
0.4727200352284882,0.4070913957828321,0.5354520365282274,AZOB,1787.0
0.4727200352284882,0.4070913957828321,0.5354520365282274,AZOB,1791.0
0.4660620065632984,0.4001147735141332,0.5292573114286464,AZOB,1795.0
0.4660620065632984,0.4001147735141332,0.5292573114286464,AZOB,1801.0
0.4660620065632984,0.4001147735141332,0.5292573114286464,AZOB,1802.0
0.4660620065632984,0.4001147735141332,0.5292573114286464,AZOB,1803.0
0.4660620065632984,0.4001147735141332,0.5292573114286464,AZOB,1811.0
0.4660620065632984,0.4001147735141332,0.5292573114286464,AZOB,1815.0
0.4660620065632984,0.4001147735141332,0.5292573114286464,AZOB,1817.0
0.4660620065632984,0.4001147735141332,0.5292573114286464,AZOB,1818.0
0.4660620065632984,0.4001147735141332,0.5292573114286464,AZOB,1819.0
0.4660620065632984,0.4001147735141332,0.5292573114286464,AZOB,1821.0
0.4660620065632984,0.4001147735141332,0.5292573114286464,AZOB,1822.0
0.4660620065632984,0.4001147735141332,0.5292573114286464,AZOB,1823.0
0.4577394707318108,0.3910261563465975,0.5218598189852303,AZOB,1824.0
0.4577394707318108,0.3910261563465975,0.5218598189852303,AZOB,1825.0
1.0,1.0,1.0,AROR,0.0
0.991666666666667,0.9423230322226352,0.9988219203345231,AROR,7.0
0.9833333333333338,0.9350050773201726,0.99580546943769,AROR,13.0
0.9750000000000003,0.9245002199620518,0.991867956881532,AROR,22.0
0.9750000000000003,0.9245002199620518,0.991867956881532,AROR,27.0
0.9665948275862075,0.9134442489322238,0.9873302294699695,AROR,77.0
0.9581896551724145,0.9024674887433642,0.9823821509076669,AROR,98.0
0.9497844827586214,0.8916391580698454,0.9771229896621406,AROR,110.0
0.9413793103448277,0.8809665696279781,0.9716163065941755,AROR,119.0
0.9329741379310348,0.8704410493372999,0.9659057786596462,AROR,128.0
0.9245689655172422,0.8600502896533093,0.9600229900764861,AROR,155.0
0.9161637931034485,0.8497820427587465,0.9539916798262779,AROR,156.0
0.9161637931034485,0.8497820427587465,0.9539916798262779,AROR,174.0
0.9161637931034485,0.8497820427587465,0.9539916798262779,AROR,178.0
0.9161637931034485,0.8497820427587465,0.9539916798262779,AROR,179.0
0.9161637931034485,0.8497820427587465,0.9539916798262779,AROR,180.0
0.9161637931034485,0.8497820427587465,0.9539916798262779,AROR,181.0
0.9161637931034485,0.8497820427587465,0.9539916798262779,AROR,182.0
0.9161637931034485,0.8497820427587465,0.9539916798262779,AROR,185.0
0.9068151829697395,0.8379573959296798,0.9473166910728612,AROR,188.0
0.9068151829697395,0.8379573959296798,0.9473166910728612,AROR,217.0
0.9068151829697395,0.8379573959296798,0.9473166910728612,AROR,219.0
0.9068151829697395,0.8379573959296798,0.9473166910728612,AROR,222.0
0.9068151829697395,0.8379573959296798,0.9473166910728612,AROR,270.0
0.9068151829697395,0.8379573959296798,0.9473166910728612,AROR,271.0
0.8967394587145201,0.8250413431691397,0.9401035538046317,AROR,289.0
0.8866637344593012,0.8123968366801051,0.9327263584944482,AROR,312.0
0.8866637344593012,0.8123968366801051,0.9327263584944482,AROR,338.0
0.8866637344593012,0.8123968366801051,0.9327263584944482,AROR,340.0
0.8866637344593012,0.8123968366801051,0.9327263584944482,AROR,353.0
0.8762323964068385,0.7993655051606754,0.9250071852084146,AROR,359.0
0.8762323964068385,0.7993655051606754,0.9250071852084146,AROR,360.0
0.8762323964068385,0.7993655051606754,0.9250071852084146,AROR,361.0
0.8762323964068385,0.7993655051606754,0.9250071852084146,AROR,363.0
0.8762323964068385,0.7993655051606754,0.9250071852084146,AROR,364.0
0.8762323964068385,0.7993655051606754,0.9250071852084146,AROR,365.0
0.8762323964068385,0.7993655051606754,0.9250071852084146,AROR,366.0
0.8762323964068385,0.7993655051606754,0.9250071852084146,AROR,367.0
0.8640625020122991,0.7835117784792862,0.9162155709881715,AROR,371.0
0.8640625020122991,0.7835117784792862,0.9162155709881715,AROR,376.0
0.8640625020122991,0.7835117784792862,0.9162155709881715,AROR,377.0
0.8640625020122991,0.7835117784792862,0.9162155709881715,AROR,392.0
0.8640625020122991,0.7835117784792862,0.9162155709881715,AROR,431.0
0.8640625020122991,0.7835117784792862,0.9162155709881715,AROR,435.0
0.8640625020122991,0.7835117784792862,0.9162155709881715,AROR,442.0
0.8640625020122991,0.7835117784792862,0.9162155709881715,AROR,450.0
0.8640625020122991,0.7835117784792862,0.9162155709881715,AROR,453.0
0.8501260100443587,0.7648558858940413,0.9063324122246335,AROR,455.0
0.8361895180764182,0.7468079035229082,0.8961686402681198,AROR,506.0
0.8222530261084783,0.7292525432453784,0.8857609045901789,AROR,538.0
0.8083165341405376,0.7121070968969468,0.8751366226221323,AROR,546.0
0.7943800421725975,0.6953103143099639,0.8643170839114992,AROR,569.0
0.7804435502046575,0.6788156258430188,0.8533192879297189,AROR,607.0
0.7804435502046575,0.6788156258430188,0.8533192879297189,AROR,681.0
0.7804435502046575,0.6788156258430188,0.8533192879297189,AROR,710.0
0.7804435502046575,0.6788156258430188,0.8533192879297189,AROR,717.0
0.7804435502046575,0.6788156258430188,0.8533192879297189,AROR,725.0
0.7804435502046575,0.6788156258430188,0.8533192879297189,AROR,727.0
0.7651407354947621,0.6604209866301907,0.8413667053874029,AROR,729.0
0.7498379207848669,0.6423867894813611,0.829208037889425,AROR,730.0
0.7498379207848669,0.6423867894813611,0.829208037889425,AROR,754.0
0.7185946740854974,0.606278998762614,0.8039456525745511,AROR,758.0
0.7185946740854974,0.606278998762614,0.8039456525745511,AROR,763.0
0.7185946740854974,0.606278998762614,0.8039456525745511,AROR,786.0
0.7014852770834618,0.5864044040632086,0.790157282872133,AROR,840.0
0.6843758800814259,0.5669082075334606,0.7761438680501239,AROR,859.0
0.6672664830793902,0.5477524922203589,0.7619200279397534,AROR,879.0
0.6501570860773546,0.5289067309605748,0.7474976926704281,AROR,929.0
0.6330476890753189,0.5103460867956187,0.7328866934166846,AROR,960.0
0.6159382920732833,0.49205018519606836,0.7180951814131386,AROR,968.0
0.5988288950712476,0.47400221099885415,0.7031299321614173,AROR,1001.0
0.5817194980692122,0.45618823395963387,0.6879965703857153,AROR,1010.0
0.5817194980692122,0.45618823395963387,0.6879965703857153,AROR,1065.0
0.5817194980692122,0.45618823395963387,0.6879965703857153,AROR,1089.0
0.5817194980692122,0.45618823395963387,0.6879965703857153,AROR,1094.0
0.5629543529702054,0.43636032181384277,0.6716140555504342,AROR,1096.0
0.5629543529702054,0.43636032181384277,0.6716140555504342,AROR,1098.0
0.5629543529702054,0.43636032181384277,0.6716140555504342,AROR,1110.0
0.5629543529702054,0.43636032181384277,0.6716140555504342,AROR,1114.0
0.5421041917490866,0.41397140857848946,0.653713908116755,AROR,1204.0
0.5421041917490866,0.41397140857848946,0.653713908116755,AROR,1401.0
0.5421041917490866,0.41397140857848946,0.653713908116755,AROR,1432.0
0.5421041917490866,0.41397140857848946,0.653713908116755,AROR,1456.0
0.5421041917490866,0.41397140857848946,0.653713908116755,AROR,1463.0
0.5421041917490866,0.41397140857848946,0.653713908116755,AROR,1466.0
0.5421041917490866,0.41397140857848946,0.653713908116755,AROR,1488.0
0.5149989821616323,0.38290387012926624,0.6320960788867941,AROR,1497.0
0.487893772574178,0.35308448961169503,0.6097385785285783,AROR,1499.0
0.46078856298672377,0.32437802486520945,0.5867041769303224,AROR,1674.0
0.43368335339926933,0.2966857110676962,0.5630342684609578,AROR,1715.0
0.43368335339926933,0.2966857110676962,0.5630342684609578,AROR,1814.0
0.43368335339926933,0.2966857110676962,0.5630342684609578,AROR,1822.0
0.43368335339926933,0.2966857110676962,0.5630342684609578,AROR,1825.0
1.0,1.0,1.0,ALOB,0.0
0.996932515337423,0.9784263364642661,0.9995673332699264,ALOB,2.0
0.996932515337423,0.9784263364642661,0.9995673332699264,ALOB,8.0
0.996932515337423,0.9784263364642661,0.9995673332699264,ALOB,10.0
0.9938460369617658,0.975619479826567,0.9984573678708646,ALOB,23.0
0.9907595585861078,0.9716260379396493,0.9970104305954772,ALOB,26.0
0.98767308021045,0.9674915267382889,0.9953556315952042,ALOB,31.0
0.9845866018347923,0.9633676252442759,0.9935555312312575,ALOB,32.0
0.9845866018347923,0.9633676252442759,0.9935555312312575,ALOB,33.0
0.9814904175522926,0.9592657076370782,0.9916417797903144,ALOB,38.0
0.9783942332697937,0.9552153395834841,0.9896412247042298,ALOB,40.0
0.9752980489872942,0.951214001131722,0.9875697910828379,ALOB,42.0
0.9722018647047946,0.9472575725023343,0.9854389755686186,ALOB,44.0
0.9691056804222953,0.9433418205296868,0.9832574058976982,ALOB,47.0
0.9660094961397963,0.9394628513278689,0.9810317569241355,ALOB,51.0
0.9660094961397963,0.9394628513278689,0.9810317569241355,ALOB,84.0
0.9629033562808264,0.9355999848680422,0.9787616415629448,ALOB,87.0
0.9597972164218561,0.9317682515179062,0.9764567491106059,ALOB,103.0
0.9535849367039145,0.9241874803975959,0.9717562811673934,ALOB,111.0
0.9535849367039145,0.9241874803975959,0.9717562811673934,ALOB,125.0
0.9504686460610916,0.9204176967721958,0.9693599352695421,ALOB,136.0
0.9504686460610916,0.9204176967721958,0.9693599352695421,ALOB,138.0
0.947342104462206,0.9166542964286859,0.9669333953944428,ALOB,141.0
0.947342104462206,0.9166542964286859,0.9669333953944428,ALOB,149.0
0.9442052100765692,0.9128961336156048,0.9644781953909486,ALOB,165.0
0.9442052100765692,0.9128961336156048,0.9644781953909486,ALOB,166.0
0.9410578593763145,0.9091421480919855,0.9619956557462852,ALOB,168.0
0.937910508676059,0.9054074856884382,0.959493748524208,ALOB,169.0
0.937910508676059,0.9054074856884382,0.959493748524208,ALOB,175.0
0.937910508676059,0.9054074856884382,0.959493748524208,ALOB,176.0
0.937910508676059,0.9054074856884382,0.959493748524208,ALOB,179.0
0.937910508676059,0.9054074856884382,0.959493748524208,ALOB,180.0
0.937910508676059,0.9054074856884382,0.959493748524208,ALOB,181.0
0.937910508676059,0.9054074856884382,0.959493748524208,ALOB,182.0
0.937910508676059,0.9054074856884382,0.959493748524208,ALOB,183.0
0.937910508676059,0.9054074856884382,0.959493748524208,ALOB,185.0
0.937910508676059,0.9054074856884382,0.959493748524208,ALOB,186.0
0.937910508676059,0.9054074856884382,0.959493748524208,ALOB,188.0
0.934584584886427,0.9014183033816767,0.9568583485959681,ALOB,189.0
0.934584584886427,0.9014183033816767,0.9568583485959681,ALOB,191.0
0.934584584886427,0.9014183033816767,0.9568583485959681,ALOB,192.0
0.9312348193491997,0.8974161833026688,0.9541878080449228,ALOB,195.0
0.9312348193491997,0.8974161833026688,0.9541878080449228,ALOB,198.0
0.9278729607955921,0.8934183318154145,0.9514905233988207,ALOB,203.0
0.9278729607955921,0.8934183318154145,0.9514905233988207,ALOB,204.0
0.9244988773017898,0.8894234769667186,0.948767313769634,ALOB,209.0
0.9244988773017898,0.8894234769667186,0.948767313769634,ALOB,211.0
0.9244988773017898,0.8894234769667186,0.948767313769634,ALOB,228.0
0.9244988773017898,0.8894234769667186,0.948767313769634,ALOB,229.0
0.9244988773017898,0.8894234769667186,0.948767313769634,ALOB,232.0
0.9244988773017898,0.8894234769667186,0.948767313769634,ALOB,233.0
0.9210492546252909,0.8853362010197728,0.9459771942551602,ALOB,237.0
0.9210492546252909,0.8853362010197728,0.9459771942551602,ALOB,239.0
0.9210492546252909,0.8853362010197728,0.9459771942551602,ALOB,243.0
0.9175735970606671,0.8812315160395229,0.9431526781467353,ALOB,244.0
0.9175735970606671,0.8812315160395229,0.9431526781467353,ALOB,253.0
0.9140847240680405,0.8771279437036005,0.9403027893292714,ALOB,257.0
0.9140847240680405,0.8771279437036005,0.9403027893292714,ALOB,264.0
0.9140847240680405,0.8771279437036005,0.9403027893292714,ALOB,266.0
0.9140847240680405,0.8771279437036005,0.9403027893292714,ALOB,317.0
0.9105417600212655,0.8729647167465111,0.9374007390688188,ALOB,321.0
0.9105417600212655,0.8729647167465111,0.9374007390688188,ALOB,332.0
0.9069849562711824,0.8688011925206974,0.9344736170766784,ALOB,338.0
0.9034281525210996,0.8646566530257613,0.93153138756612,ALOB,341.0
0.9034281525210996,0.8646566530257613,0.93153138756612,ALOB,348.0
0.9034281525210996,0.8646566530257613,0.93153138756612,ALOB,351.0
0.9034281525210996,0.8646566530257613,0.93153138756612,ALOB,357.0
0.9034281525210996,0.8646566530257613,0.93153138756612,ALOB,358.0
0.9034281525210996,0.8646566530257613,0.93153138756612,ALOB,359.0
0.9034281525210996,0.8646566530257613,0.93153138756612,ALOB,360.0
0.9034281525210996,0.8646566530257613,0.93153138756612,ALOB,361.0
0.8996949783371276,0.8602747098001351,0.9284550039330666,ALOB,363.0
0.8996949783371276,0.8602747098001351,0.9284550039330666,ALOB,364.0
0.8996949783371276,0.8602747098001351,0.9284550039330666,ALOB,365.0
0.8996949783371276,0.8602747098001351,0.9284550039330666,ALOB,366.0
0.8996949783371276,0.8602747098001351,0.9284550039330666,ALOB,367.0
0.8996949783371276,0.8602747098001351,0.9284550039330666,ALOB,368.0
0.8996949783371276,0.8602747098001351,0.9284550039330666,ALOB,369.0
0.8956604717078129,0.8554714931192022,0.9251617942760176,ALOB,370.0
0.8956604717078129,0.8554714931192022,0.9251617942760176,ALOB,371.0
0.8956604717078129,0.8554714931192022,0.9251617942760176,ALOB,372.0
0.8956604717078129,0.8554714931192022,0.9251617942760176,ALOB,373.0
0.8956604717078129,0.8554714931192022,0.9251617942760176,ALOB,374.0
0.8956604717078129,0.8554714931192022,0.9251617942760176,ALOB,376.0
0.8956604717078129,0.8554714931192022,0.9251617942760176,ALOB,379.0
0.8956604717078129,0.8554714931192022,0.9251617942760176,ALOB,383.0
0.8956604717078129,0.8554714931192022,0.9251617942760176,ALOB,384.0
0.8956604717078129,0.8554714931192022,0.9251617942760176,ALOB,385.0
0.891354411747679,0.8502914292464206,0.9216720525056044,ALOB,386.0
0.891354411747679,0.8502914292464206,0.9216720525056044,ALOB,388.0
0.891354411747679,0.8502914292464206,0.9216720525056044,ALOB,390.0
0.891354411747679,0.8502914292464206,0.9216720525056044,ALOB,394.0
0.891354411747679,0.8502914292464206,0.9216720525056044,ALOB,401.0
0.891354411747679,0.8502914292464206,0.9216720525056044,ALOB,407.0
0.891354411747679,0.8502914292464206,0.9216720525056044,ALOB,408.0
0.8868976396889409,0.8449203903510847,0.91806229935309,ALOB,423.0
0.8868976396889409,0.8449203903510847,0.91806229935309,ALOB,432.0
0.8823956212133621,0.8395200476471648,0.9143991067412657,ALOB,434.0
0.8778936027377842,0.8341569298870191,0.9107123207554595,ALOB,436.0
0.8733915842622058,0.8288282238001716,0.9070032879703006,ALOB,442.0
0.8733915842622058,0.8288282238001716,0.9070032879703006,ALOB,443.0
0.8688662392660285,0.8234974073249008,0.9032576769792374,ALOB,445.0
0.8688662392660285,0.8234974073249008,0.9032576769792374,ALOB,460.0
0.8642932590593654,0.8181279482183917,0.8994598190129456,ALOB,546.0
0.8642932590593654,0.8181279482183917,0.8994598190129456,ALOB,582.0
0.8596959544899008,0.8127532410908973,0.895625541207289,ALOB,599.0
0.8550986499204363,0.807407129419665,0.8917718645032159,ALOB,622.0
0.8550986499204363,0.807407129419665,0.8917718645032159,ALOB,648.0
0.8504764950560021,0.8020525552030339,0.8878826620993926,ALOB,671.0
0.8504764950560021,0.8020525552030339,0.8878826620993926,ALOB,677.0
0.8504764950560021,0.8020525552030339,0.8878826620993926,ALOB,689.0
0.8504764950560021,0.8020525552030339,0.8878826620993926,ALOB,700.0
0.8504764950560021,0.8020525552030339,0.8878826620993926,ALOB,714.0
0.8504764950560021,0.8020525552030339,0.8878826620993926,ALOB,715.0
0.8504764950560021,0.8020525552030339,0.8878826620993926,ALOB,716.0
0.8504764950560021,0.8020525552030339,0.8878826620993926,ALOB,719.0
0.8504764950560021,0.8020525552030339,0.8878826620993926,ALOB,725.0
0.8504764950560021,0.8020525552030339,0.8878826620993926,ALOB,727.0
0.8504764950560021,0.8020525552030339,0.8878826620993926,ALOB,728.0
0.8504764950560021,0.8020525552030339,0.8878826620993926,ALOB,729.0
0.8504764950560021,0.8020525552030339,0.8878826620993926,ALOB,730.0
0.8453838214329122,0.7960480662243207,0.8836578982755614,ALOB,731.0
0.8453838214329122,0.7960480662243207,0.8836578982755614,ALOB,732.0
0.8453838214329122,0.7960480662243207,0.8836578982755614,ALOB,734.0
0.8453838214329122,0.7960480662243207,0.8836578982755614,ALOB,737.0
0.8453838214329122,0.7960480662243207,0.8836578982755614,ALOB,738.0
0.8453838214329122,0.7960480662243207,0.8836578982755614,ALOB,741.0
0.8453838214329122,0.7960480662243207,0.8836578982755614,ALOB,742.0
0.8453838214329122,0.7960480662243207,0.8836578982755614,ALOB,743.0
0.8453838214329122,0.7960480662243207,0.8836578982755614,ALOB,745.0
0.8453838214329122,0.7960480662243207,0.8836578982755614,ALOB,746.0
0.8395935212861114,0.7890459056541724,0.8789589455606842,ALOB,758.0
0.8395935212861114,0.7890459056541724,0.8789589455606842,ALOB,759.0
0.8395935212861114,0.7890459056541724,0.8789589455606842,ALOB,762.0
0.8395935212861114,0.7890459056541724,0.8789589455606842,ALOB,767.0
0.8395935212861114,0.7890459056541724,0.8789589455606842,ALOB,770.0
0.8395935212861114,0.7890459056541724,0.8789589455606842,ALOB,771.0
0.8395935212861114,0.7890459056541724,0.8789589455606842,ALOB,774.0
0.8335095102622988,0.7816582743853948,0.8740403865960412,ALOB,779.0
0.8335095102622988,0.7816582743853948,0.8740403865960412,ALOB,780.0
0.8335095102622988,0.7816582743853948,0.8740403865960412,ALOB,786.0
0.827335365741837,0.7742012185148262,0.8690251378256028,ALOB,788.0
0.827335365741837,0.7742012185148262,0.8690251378256028,ALOB,792.0
0.827335365741837,0.7742012185148262,0.8690251378256028,ALOB,828.0
0.8210676735771261,0.7666688754938823,0.863911272249696,ALOB,835.0
0.8147999814124153,0.7592005298773857,0.858758107737256,ALOB,885.0
0.8085322892477045,0.7517912841519769,0.8535681123836621,ALOB,888.0
0.8022645970829935,0.7444368614419722,0.8483434442151533,ALOB,894.0
0.7959969049182828,0.7371335042132907,0.8430860046229689,ALOB,902.0
0.7897292127535719,0.729877893019787,0.8377974803152829,ALOB,952.0
0.7834615205888613,0.7226670806770545,0.8324793766728725,ALOB,986.0
0.7834615205888613,0.7226670806770545,0.8324793766728725,ALOB,1001.0
0.7771432825195959,0.7154274123792118,0.8270985861919546,ALOB,1024.0
0.7708250444503313,0.7082289351459564,0.8216900003715193,ALOB,1026.0
0.7645068063810663,0.7010694215589188,0.8162547776165303,ALOB,1035.0
0.758188568311801,0.6939468641682408,0.810793969444491,ALOB,1056.0
0.758188568311801,0.6939468641682408,0.810793969444491,ALOB,1063.0
0.7517632414617008,0.6867129302548228,0.8052333895250235,ALOB,1065.0
0.7453379146116006,0.6795149876750185,0.7996475970365123,ALOB,1074.0
0.7389125877615008,0.6723513635935865,0.7940374823886197,ALOB,1082.0
0.7389125877615008,0.6723513635935865,0.7940374823886197,ALOB,1083.0
0.7389125877615008,0.6723513635935865,0.7940374823886197,ALOB,1084.0
0.7389125877615008,0.6723513635935865,0.7940374823886197,ALOB,1091.0
0.7389125877615008,0.6723513635935865,0.7940374823886197,ALOB,1094.0
0.7389125877615008,0.6723513635935865,0.7940374823886197,ALOB,1095.0
0.7389125877615008,0.6723513635935865,0.7940374823886197,ALOB,1096.0
0.7389125877615008,0.6723513635935865,0.7940374823886197,ALOB,1100.0
0.7389125877615008,0.6723513635935865,0.7940374823886197,ALOB,1107.0
0.7389125877615008,0.6723513635935865,0.7940374823886197,ALOB,1109.0
0.7389125877615008,0.6723513635935865,0.7940374823886197,ALOB,1110.0
0.7389125877615008,0.6723513635935865,0.7940374823886197,ALOB,1111.0
0.7389125877615008,0.6723513635935865,0.7940374823886197,ALOB,1116.0
0.7310518155512724,0.6632194861211123,0.7874273464881933,ALOB,1119.0
0.7310518155512724,0.6632194861211123,0.7874273464881933,ALOB,1121.0
0.7310518155512724,0.6632194861211123,0.7874273464881933,ALOB,1132.0
0.7310518155512724,0.6632194861211123,0.7874273464881933,ALOB,1134.0
0.7310518155512724,0.6632194861211123,0.7874273464881933,ALOB,1136.0
0.7310518155512724,0.6632194861211123,0.7874273464881933,ALOB,1140.0
0.7227444085563712,0.6535157704104008,0.7804819880345865,ALOB,1171.0
0.7144370015614702,0.6438970190037907,0.7734816035581421,ALOB,1185.0
0.6978221875716686,0.624892719019938,0.7593276956750965,ALOB,1194.0
0.6895147805767682,0.6154978974492905,0.7521792305619182,ALOB,1227.0
0.6812073735818673,0.6061693087783289,0.7449859724011575,ALOB,1250.0
0.6728999665869666,0.5969035009143713,0.7377497806026854,ALOB,1267.0
0.6728999665869666,0.5969035009143713,0.7377497806026854,ALOB,1279.0
0.6644887170046297,0.5875560028287676,0.7304006781053243,ALOB,1281.0
0.6644887170046297,0.5875560028287676,0.7304006781053243,ALOB,1385.0
0.6644887170046297,0.5875560028287676,0.7304006781053243,ALOB,1389.0
0.6644887170046297,0.5875560028287676,0.7304006781053243,ALOB,1423.0
0.6644887170046297,0.5875560028287676,0.7304006781053243,ALOB,1427.0
0.6644887170046297,0.5875560028287676,0.7304006781053243,ALOB,1429.0
0.6644887170046297,0.5875560028287676,0.7304006781053243,ALOB,1433.0
0.6644887170046297,0.5875560028287676,0.7304006781053243,ALOB,1442.0
0.6644887170046297,0.5875560028287676,0.7304006781053243,ALOB,1443.0
0.6644887170046297,0.5875560028287676,0.7304006781053243,ALOB,1452.0
0.6644887170046297,0.5875560028287676,0.7304006781053243,ALOB,1453.0
0.6644887170046297,0.5875560028287676,0.7304006781053243,ALOB,1457.0
0.6644887170046297,0.5875560028287676,0.7304006781053243,ALOB,1458.0
0.6644887170046297,0.5875560028287676,0.7304006781053243,ALOB,1459.0
0.6644887170046297,0.5875560028287676,0.7304006781053243,ALOB,1460.0
0.6644887170046297,0.5875560028287676,0.7304006781053243,ALOB,1461.0
0.6644887170046297,0.5875560028287676,0.7304006781053243,ALOB,1462.0
0.6644887170046297,0.5875560028287676,0.7304006781053243,ALOB,1465.0
0.6644887170046297,0.5875560028287676,0.7304006781053243,ALOB,1468.0
0.6644887170046297,0.5875560028287676,0.7304006781053243,ALOB,1480.0
0.6644887170046297,0.5875560028287676,0.7304006781053243,ALOB,1487.0
0.6644887170046297,0.5875560028287676,0.7304006781053243,ALOB,1488.0
0.6644887170046297,0.5875560028287676,0.7304006781053243,ALOB,1489.0
0.6644887170046297,0.5875560028287676,0.7304006781053243,ALOB,1500.0
0.6644887170046297,0.5875560028287676,0.7304006781053243,ALOB,1528.0
0.6644887170046297,0.5875560028287676,0.7304006781053243,ALOB,1532.0
0.6644887170046297,0.5875560028287676,0.7304006781053243,ALOB,1538.0
0.6644887170046297,0.5875560028287676,0.7304006781053243,ALOB,1539.0
0.6503506591960208,0.5696285889591484,0.7196967602768944,ALOB,1590.0
0.6362126013874115,0.5521315773822129,0.7087142626228724,ALOB,1641.0
0.6362126013874115,0.5521315773822129,0.7087142626228724,ALOB,1721.0
0.6217532240831523,0.5345067517281595,0.6973216531368533,ALOB,1734.0
0.6217532240831523,0.5345067517281595,0.6973216531368533,ALOB,1758.0
0.6069495758906962,0.5167151945806691,0.6855102902522853,ALOB,1806.0
0.6069495758906962,0.5167151945806691,0.6855102902522853,ALOB,1816.0
0.6069495758906962,0.5167151945806691,0.6855102902522853,ALOB,1817.0
0.6069495758906962,0.5167151945806691,0.6855102902522853,ALOB,1818.0
0.6069495758906962,0.5167151945806691,0.6855102902522853,ALOB,1820.0
0.6069495758906962,0.5167151945806691,0.6855102902522853,ALOB,1824.0
0.6069495758906962,0.5167151945806691,0.6855102902522853,ALOB,1825.0
